date,Area,Location,Common Name,Scientific Name,Fate,order,key,lat,lon
2025-07-01,Townsville,Horseshoe Bay,BULL WHALER,Carcharhinus leucas,Deceased,Carcharhiniformes,horseshoebay,-19.11187361111111,146.85320555555555
2025-07-01,Townsville,Horseshoe Bay,SPOT-TAIL WHALER,Carcharhinus sorrah,Deceased,Carcharhiniformes,horseshoebay,-19.11187361111111,146.85320555555555
2025-07-01,Townsville,Horseshoe Bay,SPOT-TAIL WHALER,Carcharhinus sorrah,Deceased,Carcharhiniformes,horseshoebay,-19.11187361111111,146.85320555555555
2025-07-02,Cairns,Ellis Beach,LONG NOSE WHALER,Carcharhinus brevipinna,Deceased,Carcharhiniformes,ellisbeach,-16.72147142857143,145.65029761904762
2025-07-02,Capricorn Coast,Cooee Bay,PIGEYE WHALER,Carcharhinus amboinensis,Released Alive,Carcharhiniformes,cooeebay,-23.139136666666666,150.76271333333335
2025-07-02,Townsville,Florence Bay,BULL WHALER,Carcharhinus leucas,Released Alive,Carcharhiniformes,florencebay,-19.123693333333332,146.88541
2025-07-02,Townsville,Horseshoe Bay,BULL WHALER,Carcharhinus leucas,Euthanised,Carcharhiniformes,horseshoebay,-19.11187361111111,146.85320555555555
2025-07-02,Townsville,Radical Bay,BULL WHALER,Carcharhinus leucas,Released Alive,Carcharhiniformes,radicalbay,-19.108173333333333,146.87670666666668
2025-07-02,Townsville,Florence Bay,SPOT-TAIL WHALER,Carcharhinus sorrah,Deceased,Carcharhiniformes,florencebay,-19.123693333333332,146.88541
2025-07-02,Townsville,Nelly Bay,SPOT-TAIL WHALER,Carcharhinus sorrah,Deceased,Carcharhiniformes,nellybay,-19.17364523809524,146.85039523809525
2025-07-02,Townsville,Alma Bay,TIGER SHARK,Galeocerdo cuvier,Released Alive,Carcharhiniformes,almabay,-19.149697222222223,146.87386944444447
2025-07-03,Capricorn Coast,Lammermoor Beach,SCALLOPED HAMMERHEAD,Sphyrna lewini,Deceased,Carcharhiniformes,lammermoorbeach,-23.155048484848486,150.77348333333333
2025-07-03,Townsville,Nelly Bay,SPOT-TAIL WHALER,Carcharhinus sorrah,Deceased,Carcharhiniformes,nellybay,-19.17364523809524,146.85039523809525
2025-07-03,Townsville,Florence Bay,TIGER SHARK,Galeocerdo cuvier,Released Alive,Carcharhiniformes,florencebay,-19.123693333333332,146.88541
2025-07-03,Townsville,Horseshoe Bay,TIGER SHARK,Galeocerdo cuvier,Euthanised,Carcharhiniformes,horseshoebay,-19.11187361111111,146.85320555555555
2025-07-03,Townsville,Horseshoe Bay,TIGER SHARK,Galeocerdo cuvier,Euthanised,Carcharhiniformes,horseshoebay,-19.11187361111111,146.85320555555555
2025-07-03,Townsville,Radical Bay,TIGER SHARK,Galeocerdo cuvier,Released Alive,Carcharhiniformes,radicalbay,-19.108173333333333,146.87670666666668
2025-07-03,Townsville,Radical Bay,TIGER SHARK,Galeocerdo cuvier,Released Alive,Carcharhiniformes,radicalbay,-19.108173333333333,146.87670666666668
2025-07-04,Cairns,Palm Cove,TIGER SHARK,Galeocerdo cuvier,Released Alive,Carcharhiniformes,palmcove,-16.744905555555555,145.6754
2025-07-04,Mackay,Bucasia Beach,GREAT HAMMERHEAD,Sphyrna mokarran,Deceased,Carcharhiniformes,bucasiabeach,-21.0204,149.16325277777779
2025-07-04,Mackay,Eimeo Beach,TIGER SHARK,Galeocerdo cuvier,Released Alive,Carcharhiniformes,eimeobeach,-21.030911111111113,149.18116666666666
2025-07-04,Townsville,Radical Bay,SCALLOPED HAMMERHEAD,Sphyrna lewini,Deceased,Carcharhiniformes,radicalbay,-19.108173333333333,146.87670666666668
2025-07-04,Townsville,Florence Bay,SPOT-TAIL WHALER,Carcharhinus sorrah,Deceased,Carcharhiniformes,florencebay,-19.123693333333332,146.88541
2025-07-04,Townsville,Radical Bay,TIGER SHARK,Galeocerdo cuvier,Released Alive,Carcharhiniformes,radicalbay,-19.108173333333333,146.87670666666668
2025-07-05,Cairns,Yorkeys,LONG NOSE WHALER,Carcharhinus brevipinna,Deceased,Carcharhiniformes,yorkeys,-16.805583333333335,145.73073
2025-07-05,Capricorn Coast,Mullambin Beach,TIGER SHARK,Galeocerdo cuvier,Released Alive,Carcharhiniformes,mullambinbeach,-23.18919,150.79873
2025-07-05,Mackay,Blacks Beach,SANDBAR WHALER,Carcharhinus plumbeus,Released Alive,Carcharhiniformes,blacksbeach,-21.045294444444444,149.19208333333333
2025-07-05,Townsville,Radical Bay,COMMON BLACKTIP WHALER,Carcharhinus limbatus,Deceased,Carcharhiniformes,radicalbay,-19.108173333333333,146.87670666666668
2025-07-05,Townsville,Florence Bay,SPOT-TAIL WHALER,Carcharhinus sorrah,Deceased,Carcharhiniformes,florencebay,-19.123693333333332,146.88541
2025-07-08,Townsville,Horseshoe Bay,TIGER SHARK,Galeocerdo cuvier,Euthanised,Carcharhiniformes,horseshoebay,-19.11187361111111,146.85320555555555
2025-07-09,Cairns,Palm Cove,SPOT-TAIL WHALER,Carcharhinus sorrah,Deceased,Carcharhiniformes,palmcove,-16.744905555555555,145.6754
2025-07-09,Cairns,Palm Cove,TIGER SHARK,Galeocerdo cuvier,Deceased,Carcharhiniformes,palmcove,-16.744905555555555,145.6754
2025-07-09,Capricorn Coast,Fishermans Beach,TIGER SHARK,Galeocerdo cuvier,Released Alive,Carcharhiniformes,fishermansbeach,-23.243136666666665,150.82846999999998
2025-07-09,Mackay,Eimeo Beach,TIGER SHARK,Galeocerdo cuvier,Released Alive,Carcharhiniformes,eimeobeach,-21.030911111111113,149.18116666666666
2025-07-09,Mackay,Eimeo Beach,TIGER SHARK,Galeocerdo cuvier,Released Alive,Carcharhiniformes,eimeobeach,-21.030911111111113,149.18116666666666
2025-07-09,Townsville,Alma Bay,MILK SHARK,Rhizoprionodon acutus,Deceased,Carcharhiniformes,almabay,-19.149697222222223,146.87386944444447
2025-07-09,Townsville,Horseshoe Bay,SCALLOPED HAMMERHEAD,Sphyrna lewini,Deceased,Carcharhiniformes,horseshoebay,-19.11187361111111,146.85320555555555
2025-07-09,Townsville,Florence Bay,SPOT-TAIL WHALER,Carcharhinus sorrah,Deceased,Carcharhiniformes,florencebay,-19.123693333333332,146.88541
2025-07-09,Townsville,Horseshoe Bay,SPOT-TAIL WHALER,Carcharhinus sorrah,Deceased,Carcharhiniformes,horseshoebay,-19.11187361111111,146.85320555555555
2025-07-09,Townsville,Radical Bay,SPOT-TAIL WHALER,Carcharhinus sorrah,Deceased,Carcharhiniformes,radicalbay,-19.108173333333333,146.87670666666668
2025-07-10,Mackay,Eimeo Beach,SPOT-TAIL WHALER,Carcharhinus sorrah,Deceased,Carcharhiniformes,eimeobeach,-21.030911111111113,149.18116666666666
2025-07-10,Townsville,Nelly Bay,SPOT-TAIL WHALER,Carcharhinus sorrah,Deceased,Carcharhiniformes,nellybay,-19.17364523809524,146.85039523809525
2025-07-11,Townsville,Florence Bay,SCALLOPED HAMMERHEAD,Sphyrna lewini,Deceased,Carcharhiniformes,florencebay,-19.123693333333332,146.88541
2025-07-11,Townsville,Horseshoe Bay,SPOT-TAIL WHALER,Carcharhinus sorrah,Deceased,Carcharhiniformes,horseshoebay,-19.11187361111111,146.85320555555555
2025-07-11,Townsville,Palarenda Beach,SPOT-TAIL WHALER,Carcharhinus sorrah,Deceased,Carcharhiniformes,palarendabeach,-19.198694444444445,146.77763333333334
2025-07-11,Townsville,Florence Bay,TIGER SHARK,Galeocerdo cuvier,Released Alive,Carcharhiniformes,florencebay,-19.123693333333332,146.88541
2025-07-12,Capricorn Coast,Tanby Point,TIGER SHARK,Galeocerdo cuvier,Deceased,Carcharhiniformes,tanbypoint,-23.22792666666667,150.82419666666667
2025-07-12,Townsville,Alma Bay,TIGER SHARK,Galeocerdo cuvier,Released Alive,Carcharhiniformes,almabay,-19.149697222222223,146.87386944444447
2025-07-12,Townsville,Horseshoe Bay,TIGER SHARK,Galeocerdo cuvier,Euthanised,Carcharhiniformes,horseshoebay,-19.11187361111111,146.85320555555555
2025-07-13,Cairns,Palm Cove,TIGER SHARK,Galeocerdo cuvier,Deceased,Carcharhiniformes,palmcove,-16.744905555555555,145.6754
2025-07-14,Gladstone,Tannum Sands,PIGEYE WHALER,Carcharhinus amboinensis,Deceased,Carcharhiniformes,tannumsands,-23.939119444444444,151.3756861111111
2025-07-14,Mackay,Bucasia Beach,LONG NOSE WHALER,Carcharhinus brevipinna,Deceased,Carcharhiniformes,bucasiabeach,-21.0204,149.16325277777779
2025-07-15,Mackay,Blacks Beach,TIGER SHARK,Galeocerdo cuvier,Released Alive,Carcharhiniformes,blacksbeach,-21.045294444444444,149.19208333333333
2025-07-15,Townsville,Horseshoe Bay,COMMON BLACKTIP WHALER,Carcharhinus limbatus,Deceased,Carcharhiniformes,horseshoebay,-19.11187361111111,146.85320555555555
2025-07-15,Townsville,Horseshoe Bay,SPOT-TAIL WHALER,Carcharhinus sorrah,Deceased,Carcharhiniformes,horseshoebay,-19.11187361111111,146.85320555555555
2025-07-16,Cairns,Palm Cove,LONG NOSE WHALER,Carcharhinus brevipinna,Released Alive,Carcharhiniformes,palmcove,-16.744905555555555,145.6754
2025-07-16,Mackay,Blacks Beach,SCALLOPED HAMMERHEAD,Sphyrna lewini,Deceased,Carcharhiniformes,blacksbeach,-21.045294444444444,149.19208333333333
2025-07-16,Townsville,Nelly Bay,PIGEYE WHALER,Carcharhinus amboinensis,Released Alive,Carcharhiniformes,nellybay,-19.17364523809524,146.85039523809525
2025-07-16,Townsville,Horseshoe Bay,SCALLOPED HAMMERHEAD,Sphyrna lewini,Deceased,Carcharhiniformes,horseshoebay,-19.11187361111111,146.85320555555555
2025-07-16,Townsville,Nelly Bay,TIGER SHARK,Galeocerdo cuvier,Released Alive,Carcharhiniformes,nellybay,-19.17364523809524,146.85039523809525
2025-07-17,Cairns,Palm Cove,SPOT-TAIL WHALER,Carcharhinus sorrah,Deceased,Carcharhiniformes,palmcove,-16.744905555555555,145.6754
2025-07-17,Mackay,Eimeo Beach,SANDBAR WHALER,Carcharhinus plumbeus,Deceased,Carcharhiniformes,eimeobeach,-21.030911111111113,149.18116666666666
2025-07-17,Townsville,Alma Bay,SPOT-TAIL WHALER,Carcharhinus sorrah,Deceased,Carcharhiniformes,almabay,-19.149697222222223,146.87386944444447
2025-07-17,Townsville,Florence Bay,SPOT-TAIL WHALER,Carcharhinus sorrah,Deceased,Carcharhiniformes,florencebay,-19.123693333333332,146.88541
2025-07-17,Townsville,Horseshoe Bay,SPOT-TAIL WHALER,Carcharhinus sorrah,Deceased,Carcharhiniformes,horseshoebay,-19.11187361111111,146.85320555555555
2025-07-18,Cairns,Palm Cove,BULL WHALER,Carcharhinus leucas,Released Alive,Carcharhiniformes,palmcove,-16.744905555555555,145.6754
2025-07-18,Townsville,Florence Bay,BULL WHALER,Carcharhinus leucas,Released Alive,Carcharhiniformes,florencebay,-19.123693333333332,146.88541
2025-07-18,Townsville,Florence Bay,SCALLOPED HAMMERHEAD,Sphyrna lewini,Deceased,Carcharhiniformes,florencebay,-19.123693333333332,146.88541
2025-07-18,Townsville,Horseshoe Bay,SCALLOPED HAMMERHEAD,Sphyrna lewini,Deceased,Carcharhiniformes,horseshoebay,-19.11187361111111,146.85320555555555
2025-07-18,Townsville,Alma Bay,SPOT-TAIL WHALER,Carcharhinus sorrah,Deceased,Carcharhiniformes,almabay,-19.149697222222223,146.87386944444447
2025-07-18,Townsville,Florence Bay,SPOT-TAIL WHALER,Carcharhinus sorrah,Deceased,Carcharhiniformes,florencebay,-19.123693333333332,146.88541
2025-07-18,Townsville,Horseshoe Bay,TIGER SHARK,Galeocerdo cuvier,Euthanised,Carcharhiniformes,horseshoebay,-19.11187361111111,146.85320555555555
2025-07-19,Mackay,Blacks Beach,BULL WHALER,Carcharhinus leucas,Released Alive,Carcharhiniformes,blacksbeach,-21.045294444444444,149.19208333333333
2025-07-19,Townsville,Florence Bay,SPOT-TAIL WHALER,Carcharhinus sorrah,Deceased,Carcharhiniformes,florencebay,-19.123693333333332,146.88541
2025-07-19,Townsville,Horseshoe Bay,SPOT-TAIL WHALER,Carcharhinus sorrah,Deceased,Carcharhiniformes,horseshoebay,-19.11187361111111,146.85320555555555
2025-07-19,Townsville,Florence Bay,TIGER SHARK,Galeocerdo cuvier,Released Alive,Carcharhiniformes,florencebay,-19.123693333333332,146.88541
2025-07-19,Townsville,Radical Bay,TIGER SHARK,Galeocerdo cuvier,Released Alive,Carcharhiniformes,radicalbay,-19.108173333333333,146.87670666666668
2025-07-19,Townsville,Radical Bay,TIGER SHARK,Galeocerdo cuvier,Released Alive,Carcharhiniformes,radicalbay,-19.108173333333333,146.87670666666668
2025-07-20,Capricorn Coast,Fishermans Beach,TIGER SHARK,Galeocerdo cuvier,Deceased,Carcharhiniformes,fishermansbeach,-23.243136666666665,150.82846999999998
2025-07-20,Capricorn Coast,Lammermoor Beach,TIGER SHARK,Galeocerdo cuvier,Released Alive,Carcharhiniformes,lammermoorbeach,-23.155048484848486,150.77348333333333
2025-07-20,Mackay,Bucasia Beach,TIGER SHARK,Galeocerdo cuvier,Released Alive,Carcharhiniformes,bucasiabeach,-21.0204,149.16325277777779
2025-07-21,Capricorn Coast,Fishermans Beach,TIGER SHARK,Galeocerdo cuvier,Released Alive,Carcharhiniformes,fishermansbeach,-23.243136666666665,150.82846999999998
2025-07-21,Capricorn Coast,Mullambin Beach,TIGER SHARK,Galeocerdo cuvier,Released Alive,Carcharhiniformes,mullambinbeach,-23.18919,150.79873
2025-07-21,Mackay,Eimeo Beach,AUST SHARPNOSE SHARK,Rhizoprionodon taylori,Released Alive,Carcharhiniformes,eimeobeach,-21.030911111111113,149.18116666666666
2025-07-22,Mackay,Eimeo Beach,SCALLOPED HAMMERHEAD,Sphyrna lewini,Released Alive,Carcharhiniformes,eimeobeach,-21.030911111111113,149.18116666666666
2025-07-23,Mackay,Blacks Beach,BULL WHALER,Carcharhinus leucas,Released Alive,Carcharhiniformes,blacksbeach,-21.045294444444444,149.19208333333333
2025-07-23,Townsville,Florence Bay,COMMON BLACKTIP WHALER,Carcharhinus limbatus,Deceased,Carcharhiniformes,florencebay,-19.123693333333332,146.88541
2025-07-23,Townsville,Alma Bay,SCALLOPED HAMMERHEAD,Sphyrna lewini,Deceased,Carcharhiniformes,almabay,-19.149697222222223,146.87386944444447
2025-07-24,Townsville,Horseshoe Bay,SPOT-TAIL WHALER,Carcharhinus sorrah,Deceased,Carcharhiniformes,horseshoebay,-19.11187361111111,146.85320555555555
2025-07-24,Townsville,Florence Bay,TIGER SHARK,Galeocerdo cuvier,Deceased,Carcharhiniformes,florencebay,-19.123693333333332,146.88541
2025-07-24,Townsville,Radical Bay,TIGER SHARK,Galeocerdo cuvier,Deceased,Carcharhiniformes,radicalbay,-19.108173333333333,146.87670666666668
2025-07-25,Mackay,Eimeo Beach,TIGER SHARK,Galeocerdo cuvier,Released Alive,Carcharhiniformes,eimeobeach,-21.030911111111113,149.18116666666666
2025-07-25,Townsville,Radical Bay,PIGEYE WHALER,Carcharhinus amboinensis,Deceased,Carcharhiniformes,radicalbay,-19.108173333333333,146.87670666666668
2025-07-25,Townsville,Alma Bay,SPOT-TAIL WHALER,Carcharhinus sorrah,Deceased,Carcharhiniformes,almabay,-19.149697222222223,146.87386944444447
2025-07-25,Townsville,Horseshoe Bay,TIGER SHARK,Galeocerdo cuvier,Deceased,Carcharhiniformes,horseshoebay,-19.11187361111111,146.85320555555555
2025-07-25,Townsville,Radical Bay,TIGER SHARK,Galeocerdo cuvier,Released Alive,Carcharhiniformes,radicalbay,-19.108173333333333,146.87670666666668
2025-07-26,Cairns,Trinity,TIGER SHARK,Galeocerdo cuvier,Deceased,Carcharhiniformes,trinity,-16.777091666666667,145.7011611111111
2025-07-26,Mackay,Eimeo Beach,LONG NOSE WHALER,Carcharhinus brevipinna,Deceased,Carcharhiniformes,eimeobeach,-21.030911111111113,149.18116666666666
2025-07-26,Mackay,Eimeo Beach,SPOT-TAIL WHALER,Carcharhinus sorrah,Released Alive,Carcharhiniformes,eimeobeach,-21.030911111111113,149.18116666666666
2025-07-26,Mackay,Blacks Beach,TIGER SHARK,Galeocerdo cuvier,Deceased,Carcharhiniformes,blacksbeach,-21.045294444444444,149.19208333333333
2025-07-26,Townsville,Alma Bay,BLACKTIP REEF WHALER,Carcharhinus melanopterus,Deceased,Carcharhiniformes,almabay,-19.149697222222223,146.87386944444447
2025-07-26,Townsville,Horseshoe Bay,SPOT-TAIL WHALER,Carcharhinus sorrah,Deceased,Carcharhiniformes,horseshoebay,-19.11187361111111,146.85320555555555
2025-07-26,Townsville,Radical Bay,SPOT-TAIL WHALER,Carcharhinus sorrah,Deceased,Carcharhiniformes,radicalbay,-19.108173333333333,146.87670666666668
2025-07-29,Townsville,Alma Bay,BULL WHALER,Carcharhinus leucas,Released Alive,Carcharhiniformes,almabay,-19.149697222222223,146.87386944444447
2025-07-29,Townsville,Alma Bay,TIGER SHARK,Galeocerdo cuvier,Released Alive,Carcharhiniformes,almabay,-19.149697222222223,146.87386944444447
2025-07-30,Cairns,Clifton,LONG NOSE WHALER,Carcharhinus brevipinna,Deceased,Carcharhiniformes,clifton,-16.759525,145.68219583333334
2025-07-30,Cairns,Palm Cove,SPOT-TAIL WHALER,Carcharhinus sorrah,Deceased,Carcharhiniformes,palmcove,-16.744905555555555,145.6754
2025-07-30,Capricorn Coast,Farnborough Beach,SANDBAR WHALER,Carcharhinus plumbeus,Released Alive,Carcharhiniformes,farnboroughbeach,-23.116036666666666,150.75383666666667
2025-07-30,Mackay,Blacks Beach,TIGER SHARK,Galeocerdo cuvier,Released Alive,Carcharhiniformes,blacksbeach,-21.045294444444444,149.19208333333333
2025-07-30,Townsville,Horseshoe Bay,SPOT-TAIL WHALER,Carcharhinus sorrah,Deceased,Carcharhiniformes,horseshoebay,-19.11187361111111,146.85320555555555
2025-07-30,Townsville,Palarenda Beach,SPOT-TAIL WHALER,Carcharhinus sorrah,Deceased,Carcharhiniformes,palarendabeach,-19.198694444444445,146.77763333333334
2025-07-31,Capricorn Coast,Farnborough Beach,COMMON BLACKTIP WHALER,Carcharhinus limbatus,Deceased,Carcharhiniformes,farnboroughbeach,-23.116036666666666,150.75383666666667
2025-07-31,Mackay,Bucasia Beach,GREAT HAMMERHEAD,Sphyrna mokarran,Released Alive,Carcharhiniformes,bucasiabeach,-21.0204,149.16325277777779
2025-07-31,Mackay,Bucasia Beach,TAWNY SHARK,Nebrius ferrugineus,Released Alive,Orectolobiformes,bucasiabeach,-21.0204,149.16325277777779
2025-07-31,Townsville,Horseshoe Bay,PIGEYE WHALER,Carcharhinus amboinensis,Released Alive,Carcharhiniformes,horseshoebay,-19.11187361111111,146.85320555555555
2025-07-31,Townsville,Alma Bay,SPOT-TAIL WHALER,Carcharhinus sorrah,Deceased,Carcharhiniformes,almabay,-19.149697222222223,146.87386944444447
2025-07-31,Townsville,Florence Bay,SPOT-TAIL WHALER,Carcharhinus sorrah,Deceased,Carcharhiniformes,florencebay,-19.123693333333332,146.88541
2025-07-31,Townsville,Nelly Bay,SPOT-TAIL WHALER,Carcharhinus sorrah,Deceased,Carcharhiniformes,nellybay,-19.17364523809524,146.85039523809525
2025-08-01,Gladstone,Tannum Sands,PIGEYE WHALER,Carcharhinus amboinensis,Deceased,Carcharhiniformes,tannumsands,-23.939119444444444,151.3756861111111
2025-08-01,Mackay,Eimeo Beach,SPOT-TAIL WHALER,Carcharhinus sorrah,Deceased,Carcharhiniformes,eimeobeach,-21.030911111111113,149.18116666666666
2025-08-01,Mackay,Bucasia Beach,TIGER SHARK,Galeocerdo cuvier,Euthanised,Carcharhiniformes,bucasiabeach,-21.0204,149.16325277777779
2025-08-01,Mackay,Eimeo Beach,TIGER SHARK,Galeocerdo cuvier,Released Alive,Carcharhiniformes,eimeobeach,-21.030911111111113,149.18116666666666
2025-08-01,Townsville,Horseshoe Bay,PIGEYE WHALER,Carcharhinus amboinensis,Deceased,Carcharhiniformes,horseshoebay,-19.11187361111111,146.85320555555555
2025-08-01,Townsville,Florence Bay,SPOT-TAIL WHALER,Carcharhinus sorrah,Deceased,Carcharhiniformes,florencebay,-19.123693333333332,146.88541
2025-08-01,Townsville,Horseshoe Bay,SPOT-TAIL WHALER,Carcharhinus sorrah,Deceased,Carcharhiniformes,horseshoebay,-19.11187361111111,146.85320555555555
2025-08-01,Townsville,Horseshoe Bay,SPOT-TAIL WHALER,Carcharhinus sorrah,Deceased,Carcharhiniformes,horseshoebay,-19.11187361111111,146.85320555555555
2025-08-01,Townsville,Horseshoe Bay,SPOT-TAIL WHALER,Carcharhinus sorrah,Deceased,Carcharhiniformes,horseshoebay,-19.11187361111111,146.85320555555555
2025-08-01,Townsville,Palarenda Beach,TAWNY SHARK,Nebrius ferrugineus,Released Alive,Orectolobiformes,palarendabeach,-19.198694444444445,146.77763333333334
2025-08-02,Capricorn Coast,Tanby Point,TIGER SHARK,Galeocerdo cuvier,Released Alive,Carcharhiniformes,tanbypoint,-23.22792666666667,150.82419666666667
2025-08-02,Mackay,Eimeo Beach,SPOT-TAIL WHALER,Carcharhinus sorrah,Deceased,Carcharhiniformes,eimeobeach,-21.030911111111113,149.18116666666666
2025-08-02,Townsville,Radical Bay,COMMON BLACKTIP WHALER,Carcharhinus limbatus,Deceased,Carcharhiniformes,radicalbay,-19.108173333333333,146.87670666666668
2025-08-02,Townsville,Palarenda Beach,PIGEYE WHALER,Carcharhinus amboinensis,Released Alive,Carcharhiniformes,palarendabeach,-19.198694444444445,146.77763333333334
2025-08-02,Townsville,Florence Bay,SPOT-TAIL WHALER,Carcharhinus sorrah,Deceased,Carcharhiniformes,florencebay,-19.123693333333332,146.88541
2025-08-02,Townsville,Horseshoe Bay,SPOT-TAIL WHALER,Carcharhinus sorrah,Deceased,Carcharhiniformes,horseshoebay,-19.11187361111111,146.85320555555555
2025-08-02,Townsville,Horseshoe Bay,SPOT-TAIL WHALER,Carcharhinus sorrah,Deceased,Carcharhiniformes,horseshoebay,-19.11187361111111,146.85320555555555
2025-08-03,Capricorn Coast,Yeppoon Beach,TIGER SHARK,Galeocerdo cuvier,Released Alive,Carcharhiniformes,yeppoonbeach,-23.128226666666666,150.75462666666667
2025-08-04,Capricorn Coast,Farnborough Beach,LONG NOSE WHALER,Carcharhinus brevipinna,Deceased,Carcharhiniformes,farnboroughbeach,-23.116036666666666,150.75383666666667
2025-08-04,Capricorn Coast,Tanby Point,TIGER SHARK,Galeocerdo cuvier,Released Alive,Carcharhiniformes,tanbypoint,-23.22792666666667,150.82419666666667
2025-08-05,Cairns,Ellis Beach,SPOT-TAIL WHALER,Carcharhinus sorrah,Released Alive,Carcharhiniformes,ellisbeach,-16.72147142857143,145.65029761904762
2025-08-05,Cairns,Ellis Beach,SPOT-TAIL WHALER,Carcharhinus sorrah,Released Alive,Carcharhiniformes,ellisbeach,-16.72147142857143,145.65029761904762
2025-08-05,Capricorn Coast,Farnborough Beach,TIGER SHARK,Galeocerdo cuvier,Released Alive,Carcharhiniformes,farnboroughbeach,-23.116036666666666,150.75383666666667
2025-08-05,Capricorn Coast,Tanby Point,TIGER SHARK,Galeocerdo cuvier,Released Alive,Carcharhiniformes,tanbypoint,-23.22792666666667,150.82419666666667
2025-08-05,Mackay,Blacks Beach,BULL WHALER,Carcharhinus leucas,Released Alive,Carcharhiniformes,blacksbeach,-21.045294444444444,149.19208333333333
2025-08-05,Mackay,Blacks Beach,LONG NOSE WHALER,Carcharhinus brevipinna,Deceased,Carcharhiniformes,blacksbeach,-21.045294444444444,149.19208333333333
2025-08-05,Mackay,Eimeo Beach,SPOT-TAIL WHALER,Carcharhinus sorrah,Deceased,Carcharhiniformes,eimeobeach,-21.030911111111113,149.18116666666666
2025-08-05,Townsville,Horseshoe Bay,SPOT-TAIL WHALER,Carcharhinus sorrah,Deceased,Carcharhiniformes,horseshoebay,-19.11187361111111,146.85320555555555
2025-08-06,Cairns,Yorkeys,SPOT-TAIL WHALER,Carcharhinus sorrah,Deceased,Carcharhiniformes,yorkeys,-16.805583333333335,145.73073
2025-08-06,Capricorn Coast,Farnborough Beach,LONG NOSE WHALER,Carcharhinus brevipinna,Deceased,Carcharhiniformes,farnboroughbeach,-23.116036666666666,150.75383666666667
2025-08-06,Mackay,Bucasia Beach,SPOT-TAIL WHALER,Carcharhinus sorrah,Deceased,Carcharhiniformes,bucasiabeach,-21.0204,149.16325277777779
2025-08-06,Townsville,Florence Bay,BULL WHALER,Carcharhinus leucas,Released Alive,Carcharhiniformes,florencebay,-19.123693333333332,146.88541
2025-08-06,Townsville,Nelly Bay,SPOT-TAIL WHALER,Carcharhinus sorrah,Deceased,Carcharhiniformes,nellybay,-19.17364523809524,146.85039523809525
2025-08-06,Townsville,Horseshoe Bay,TIGER SHARK,Galeocerdo cuvier,Deceased,Carcharhiniformes,horseshoebay,-19.11187361111111,146.85320555555555
2025-08-06,Townsville,Nelly Bay,TIGER SHARK,Galeocerdo cuvier,Released Alive,Carcharhiniformes,nellybay,-19.17364523809524,146.85039523809525
2025-08-07,Cairns,Ellis Beach,DUSKY WHALER,Carcharhinus obscurus,Released Alive,Carcharhiniformes,ellisbeach,-16.72147142857143,145.65029761904762
2025-08-07,Cairns,Ellis Beach,SPOT-TAIL WHALER,Carcharhinus sorrah,Deceased,Carcharhiniformes,ellisbeach,-16.72147142857143,145.65029761904762
2025-08-07,Mackay,Blacks Beach,SPOT-TAIL WHALER,Carcharhinus sorrah,Released Alive,Carcharhiniformes,blacksbeach,-21.045294444444444,149.19208333333333
2025-08-07,Mackay,Eimeo Beach,SPOT-TAIL WHALER,Carcharhinus sorrah,Released Alive,Carcharhiniformes,eimeobeach,-21.030911111111113,149.18116666666666
2025-08-07,Mackay,Eimeo Beach,SPOT-TAIL WHALER,Carcharhinus sorrah,Deceased,Carcharhiniformes,eimeobeach,-21.030911111111113,149.18116666666666
2025-08-07,Townsville,Horseshoe Bay,COMMON BLACKTIP WHALER,Carcharhinus limbatus,Deceased,Carcharhiniformes,horseshoebay,-19.11187361111111,146.85320555555555
2025-08-07,Townsville,Florence Bay,SPOT-TAIL WHALER,Carcharhinus sorrah,Deceased,Carcharhiniformes,florencebay,-19.123693333333332,146.88541
2025-08-07,Townsville,Alma Bay,TIGER SHARK,Galeocerdo cuvier,Deceased,Carcharhiniformes,almabay,-19.149697222222223,146.87386944444447
2025-08-07,Townsville,Florence Bay,TIGER SHARK,Galeocerdo cuvier,Released Alive,Carcharhiniformes,florencebay,-19.123693333333332,146.88541
2025-08-07,Townsville,Horseshoe Bay,TIGER SHARK,Galeocerdo cuvier,Euthanised,Carcharhiniformes,horseshoebay,-19.11187361111111,146.85320555555555
2025-08-08,Mackay,Blacks Beach,SPOT-TAIL WHALER,Carcharhinus sorrah,Deceased,Carcharhiniformes,blacksbeach,-21.045294444444444,149.19208333333333
2025-08-08,Mackay,Bucasia Beach,SPOT-TAIL WHALER,Carcharhinus sorrah,Deceased,Carcharhiniformes,bucasiabeach,-21.0204,149.16325277777779
2025-08-08,Mackay,Eimeo Beach,SPOT-TAIL WHALER,Carcharhinus sorrah,Deceased,Carcharhiniformes,eimeobeach,-21.030911111111113,149.18116666666666
2025-08-08,Townsville,Florence Bay,COMMON BLACKTIP WHALER,Carcharhinus limbatus,Deceased,Carcharhiniformes,florencebay,-19.123693333333332,146.88541
2025-08-08,Townsville,Nelly Bay,COMMON BLACKTIP WHALER,Carcharhinus limbatus,Deceased,Carcharhiniformes,nellybay,-19.17364523809524,146.85039523809525
2025-08-08,Townsville,Alma Bay,GREAT HAMMERHEAD,Sphyrna mokarran,Deceased,Carcharhiniformes,almabay,-19.149697222222223,146.87386944444447
2025-08-08,Townsville,Alma Bay,SPOT-TAIL WHALER,Carcharhinus sorrah,Deceased,Carcharhiniformes,almabay,-19.149697222222223,146.87386944444447
2025-08-08,Townsville,Horseshoe Bay,SPOT-TAIL WHALER,Carcharhinus sorrah,Deceased,Carcharhiniformes,horseshoebay,-19.11187361111111,146.85320555555555
2025-08-08,Townsville,Radical Bay,SPOT-TAIL WHALER,Carcharhinus sorrah,Deceased,Carcharhiniformes,radicalbay,-19.108173333333333,146.87670666666668
2025-08-08,Townsville,Horseshoe Bay,TIGER SHARK,Galeocerdo cuvier,Euthanised,Carcharhiniformes,horseshoebay,-19.11187361111111,146.85320555555555
2025-08-09,Townsville,Horseshoe Bay,COMMON BLACKTIP WHALER,Carcharhinus limbatus,Deceased,Carcharhiniformes,horseshoebay,-19.11187361111111,146.85320555555555
2025-08-09,Townsville,Florence Bay,SANDBAR WHALER,Carcharhinus plumbeus,Deceased,Carcharhiniformes,florencebay,-19.123693333333332,146.88541
2025-08-09,Townsville,Radical Bay,SCALLOPED HAMMERHEAD,Sphyrna lewini,Deceased,Carcharhiniformes,radicalbay,-19.108173333333333,146.87670666666668
2025-08-09,Townsville,Horseshoe Bay,SPOT-TAIL WHALER,Carcharhinus sorrah,Deceased,Carcharhiniformes,horseshoebay,-19.11187361111111,146.85320555555555
2025-08-10,Mackay,Eimeo Beach,CREEK WHALER,Carcharhinus fitzroyensis,Released Alive,Carcharhiniformes,eimeobeach,-21.030911111111113,149.18116666666666
2025-08-10,Mackay,Bucasia Beach,SPOT-TAIL WHALER,Carcharhinus sorrah,Deceased,Carcharhiniformes,bucasiabeach,-21.0204,149.16325277777779
2025-08-11,Mackay,Bucasia Beach,SHARPTOOTH SHARK,Negaprion acutidens,Released Alive,Carcharhiniformes,bucasiabeach,-21.0204,149.16325277777779
2025-08-11,Mackay,Eimeo Beach,TIGER SHARK,Galeocerdo cuvier,Released Alive,Carcharhiniformes,eimeobeach,-21.030911111111113,149.18116666666666
2025-08-12,Mackay,Blacks Beach,AUST SHARPNOSE SHARK,Rhizoprionodon taylori,Deceased,Carcharhiniformes,blacksbeach,-21.045294444444444,149.19208333333333
2025-08-12,Mackay,Blacks Beach,CREEK WHALER,Carcharhinus fitzroyensis,Released Alive,Carcharhiniformes,blacksbeach,-21.045294444444444,149.19208333333333
2025-08-13,Mackay,Eimeo Beach,SANDBAR WHALER,Carcharhinus plumbeus,Deceased,Carcharhiniformes,eimeobeach,-21.030911111111113,149.18116666666666
2025-08-13,Mackay,Eimeo Beach,SPOT-TAIL WHALER,Carcharhinus sorrah,Deceased,Carcharhiniformes,eimeobeach,-21.030911111111113,149.18116666666666
2025-08-14,Capricorn Coast,Lammermoor Beach,BLACKTIP REEF WHALER,Carcharhinus melanopterus,Deceased,Carcharhiniformes,lammermoorbeach,-23.155048484848486,150.77348333333333
2025-08-14,Capricorn Coast,Mullambin Beach,BULL WHALER,Carcharhinus leucas,Released Alive,Carcharhiniformes,mullambinbeach,-23.18919,150.79873
2025-08-14,Mackay,Eimeo Beach,BULL WHALER,Carcharhinus leucas,Deceased,Carcharhiniformes,eimeobeach,-21.030911111111113,149.18116666666666
2025-08-14,Mackay,Bucasia Beach,SPOT-TAIL WHALER,Carcharhinus sorrah,Released Alive,Carcharhiniformes,bucasiabeach,-21.0204,149.16325277777779
2025-08-14,Townsville,Florence Bay,BULL WHALER,Carcharhinus leucas,Deceased,Carcharhiniformes,florencebay,-19.123693333333332,146.88541
2025-08-14,Townsville,Alma Bay,COMMON BLACKTIP WHALER,Carcharhinus limbatus,Deceased,Carcharhiniformes,almabay,-19.149697222222223,146.87386944444447
2025-08-14,Townsville,Florence Bay,MILK SHARK,Rhizoprionodon acutus,Deceased,Carcharhiniformes,florencebay,-19.123693333333332,146.88541
2025-08-14,Townsville,Florence Bay,PIGEYE WHALER,Carcharhinus amboinensis,Deceased,Carcharhiniformes,florencebay,-19.123693333333332,146.88541
2025-08-14,Townsville,Nelly Bay,SPOT-TAIL WHALER,Carcharhinus sorrah,Deceased,Carcharhiniformes,nellybay,-19.17364523809524,146.85039523809525
2025-08-15,Capricorn Coast,Kemp Beach,BULL WHALER,Carcharhinus leucas,Deceased,Carcharhiniformes,kempbeach,-23.1712,150.79471944444444
2025-08-15,Mackay,Bucasia Beach,AUST SHARPNOSE SHARK,Rhizoprionodon taylori,Deceased,Carcharhiniformes,bucasiabeach,-21.0204,149.16325277777779
2025-08-15,Mackay,Eimeo Beach,BULL WHALER,Carcharhinus leucas,Released Alive,Carcharhiniformes,eimeobeach,-21.030911111111113,149.18116666666666
2025-08-15,Mackay,Blacks Beach,SPOT-TAIL WHALER,Carcharhinus sorrah,Deceased,Carcharhiniformes,blacksbeach,-21.045294444444444,149.19208333333333
2025-08-15,Mackay,Bucasia Beach,SPOT-TAIL WHALER,Carcharhinus sorrah,Deceased,Carcharhiniformes,bucasiabeach,-21.0204,149.16325277777779
2025-08-15,Mackay,Eimeo Beach,SPOT-TAIL WHALER,Carcharhinus sorrah,Deceased,Carcharhiniformes,eimeobeach,-21.030911111111113,149.18116666666666
2025-08-15,Townsville,Nelly Bay,COMMON BLACKTIP WHALER,Carcharhinus limbatus,Deceased,Carcharhiniformes,nellybay,-19.17364523809524,146.85039523809525
2025-08-15,Townsville,Palarenda Beach,COMMON BLACKTIP WHALER,Carcharhinus limbatus,Deceased,Carcharhiniformes,palarendabeach,-19.198694444444445,146.77763333333334
2025-08-15,Townsville,Alma Bay,PIGEYE WHALER,Carcharhinus amboinensis,Deceased,Carcharhiniformes,almabay,-19.149697222222223,146.87386944444447
2025-08-15,Townsville,Radical Bay,PIGEYE WHALER,Carcharhinus amboinensis,Deceased,Carcharhiniformes,radicalbay,-19.108173333333333,146.87670666666668
2025-08-15,Townsville,Horseshoe Bay,WINGHEAD SHARK,Eusphyra blochii,Deceased,Carcharhiniformes,horseshoebay,-19.11187361111111,146.85320555555555
2025-08-16,Cairns,Holloways,BULL WHALER,Carcharhinus leucas,Deceased,Carcharhiniformes,holloways,-16.83081,145.74805666666666
2025-08-16,Cairns,Palm Cove,SHARPTOOTH SHARK,Negaprion acutidens,Deceased,Carcharhiniformes,palmcove,-16.744905555555555,145.6754
2025-08-16,Mackay,Blacks Beach,SPOT-TAIL WHALER,Carcharhinus sorrah,Deceased,Carcharhiniformes,blacksbeach,-21.045294444444444,149.19208333333333
2025-08-16,Mackay,Eimeo Beach,SPOT-TAIL WHALER,Carcharhinus sorrah,Released Alive,Carcharhiniformes,eimeobeach,-21.030911111111113,149.18116666666666
2025-08-16,Mackay,Eimeo Beach,SPOT-TAIL WHALER,Carcharhinus sorrah,Deceased,Carcharhiniformes,eimeobeach,-21.030911111111113,149.18116666666666
2025-08-16,Mackay,Bucasia Beach,TIGER SHARK,Galeocerdo cuvier,Released Alive,Carcharhiniformes,bucasiabeach,-21.0204,149.16325277777779
2025-08-16,Townsville,Horseshoe Bay,BULL WHALER,Carcharhinus leucas,Deceased,Carcharhiniformes,horseshoebay,-19.11187361111111,146.85320555555555
2025-08-16,Townsville,Alma Bay,COMMON BLACKTIP WHALER,Carcharhinus limbatus,Deceased,Carcharhiniformes,almabay,-19.149697222222223,146.87386944444447
2025-08-16,Townsville,Nelly Bay,PIGEYE WHALER,Carcharhinus amboinensis,Released Alive,Carcharhiniformes,nellybay,-19.17364523809524,146.85039523809525
2025-08-16,Townsville,Horseshoe Bay,SPOT-TAIL WHALER,Carcharhinus sorrah,Deceased,Carcharhiniformes,horseshoebay,-19.11187361111111,146.85320555555555
2025-08-16,Townsville,Nelly Bay,SPOT-TAIL WHALER,Carcharhinus sorrah,Deceased,Carcharhiniformes,nellybay,-19.17364523809524,146.85039523809525
2025-08-17,Capricorn Coast,Emu Park,BULL WHALER,Carcharhinus leucas,Released Alive,Carcharhiniformes,emupark,-23.262438095238092,150.8322357142857
2025-08-17,Mackay,Blacks Beach,BULL WHALER,Carcharhinus leucas,Released Alive,Carcharhiniformes,blacksbeach,-21.045294444444444,149.19208333333333
2025-08-17,Mackay,Eimeo Beach,SPOT-TAIL WHALER,Carcharhinus sorrah,Deceased,Carcharhiniformes,eimeobeach,-21.030911111111113,149.18116666666666
2025-08-17,Mackay,Eimeo Beach,SPOT-TAIL WHALER,Carcharhinus sorrah,Deceased,Carcharhiniformes,eimeobeach,-21.030911111111113,149.18116666666666
2025-08-17,Townsville,Horseshoe Bay,TAWNY SHARK,Nebrius ferrugineus,Released Alive,Orectolobiformes,horseshoebay,-19.11187361111111,146.85320555555555
2025-08-17,Townsville,Nelly Bay,TAWNY SHARK,Nebrius ferrugineus,Released Alive,Orectolobiformes,nellybay,-19.17364523809524,146.85039523809525
2025-08-18,Capricorn Coast,Fishermans Beach,BLACKTIP REEF WHALER,Carcharhinus melanopterus,Deceased,Carcharhiniformes,fishermansbeach,-23.243136666666665,150.82846999999998
2025-08-18,Capricorn Coast,Tanby Point,TIGER SHARK,Galeocerdo cuvier,Released Alive,Carcharhiniformes,tanbypoint,-23.22792666666667,150.82419666666667
2025-08-18,Mackay,Blacks Beach,LONG NOSE WHALER,Carcharhinus brevipinna,Released Alive,Carcharhiniformes,blacksbeach,-21.045294444444444,149.19208333333333
2025-08-18,Mackay,Blacks Beach,SANDBAR WHALER,Carcharhinus plumbeus,Deceased,Carcharhiniformes,blacksbeach,-21.045294444444444,149.19208333333333
2025-08-20,Mackay,Eimeo Beach,SPOT-TAIL WHALER,Carcharhinus sorrah,Released Alive,Carcharhiniformes,eimeobeach,-21.030911111111113,149.18116666666666
2025-08-20,Mackay,Eimeo Beach,SPOT-TAIL WHALER,Carcharhinus sorrah,Deceased,Carcharhiniformes,eimeobeach,-21.030911111111113,149.18116666666666
2025-08-20,Townsville,Florence Bay,COMMON BLACKTIP WHALER,Carcharhinus limbatus,Deceased,Carcharhiniformes,florencebay,-19.123693333333332,146.88541
2025-08-20,Townsville,Horseshoe Bay,COMMON BLACKTIP WHALER,Carcharhinus limbatus,Deceased,Carcharhiniformes,horseshoebay,-19.11187361111111,146.85320555555555
2025-08-20,Townsville,Nelly Bay,SPOT-TAIL WHALER,Carcharhinus sorrah,Deceased,Carcharhiniformes,nellybay,-19.17364523809524,146.85039523809525
2025-08-21,Cairns,Trinity,SPOT-TAIL WHALER,Carcharhinus sorrah,Deceased,Carcharhiniformes,trinity,-16.777091666666667,145.7011611111111
2025-08-21,Cairns,Trinity,TIGER SHARK,Galeocerdo cuvier,Released Alive,Carcharhiniformes,trinity,-16.777091666666667,145.7011611111111
2025-08-21,Townsville,Alma Bay,SPOT-TAIL WHALER,Carcharhinus sorrah,Deceased,Carcharhiniformes,almabay,-19.149697222222223,146.87386944444447
2025-08-21,Townsville,Florence Bay,SPOT-TAIL WHALER,Carcharhinus sorrah,Deceased,Carcharhiniformes,florencebay,-19.123693333333332,146.88541
2025-08-21,Townsville,Horseshoe Bay,SPOT-TAIL WHALER,Carcharhinus sorrah,Deceased,Carcharhiniformes,horseshoebay,-19.11187361111111,146.85320555555555
2025-08-21,Townsville,Florence Bay,TIGER SHARK,Galeocerdo cuvier,Released Alive,Carcharhiniformes,florencebay,-19.123693333333332,146.88541
2025-08-21,Townsville,Radical Bay,TIGER SHARK,Galeocerdo cuvier,Released Alive,Carcharhiniformes,radicalbay,-19.108173333333333,146.87670666666668
2025-08-22,Cairns,Buchans,TAWNY SHARK,Nebrius ferrugineus,Deceased,Orectolobiformes,buchans,-16.725916666666667,145.66339166666666
2025-08-22,Mackay,Bucasia Beach,SPOT-TAIL WHALER,Carcharhinus sorrah,Deceased,Carcharhiniformes,bucasiabeach,-21.0204,149.16325277777779
2025-08-22,Mackay,Eimeo Beach,SPOT-TAIL WHALER,Carcharhinus sorrah,Deceased,Carcharhiniformes,eimeobeach,-21.030911111111113,149.18116666666666
2025-08-22,Mackay,Eimeo Beach,SPOT-TAIL WHALER,Carcharhinus sorrah,Deceased,Carcharhiniformes,eimeobeach,-21.030911111111113,149.18116666666666
2025-08-22,Mackay,Blacks Beach,TAWNY SHARK,Nebrius ferrugineus,Released Alive,Orectolobiformes,blacksbeach,-21.045294444444444,149.19208333333333
2025-08-22,Townsville,Florence Bay,PIGEYE WHALER,Carcharhinus amboinensis,Deceased,Carcharhiniformes,florencebay,-19.123693333333332,146.88541
2025-08-22,Townsville,Horseshoe Bay,SCALLOPED HAMMERHEAD,Sphyrna lewini,Deceased,Carcharhiniformes,horseshoebay,-19.11187361111111,146.85320555555555
2025-08-22,Townsville,Florence Bay,SPOT-TAIL WHALER,Carcharhinus sorrah,Deceased,Carcharhiniformes,florencebay,-19.123693333333332,146.88541
2025-08-23,Cairns,Clifton,TIGER SHARK,Galeocerdo cuvier,Deceased,Carcharhiniformes,clifton,-16.759525,145.68219583333334
2025-08-23,Capricorn Coast,Farnborough Beach,BULL WHALER,Carcharhinus leucas,Deceased,Carcharhiniformes,farnboroughbeach,-23.116036666666666,150.75383666666667
2025-08-23,Capricorn Coast,Lammermoor Beach,TIGER SHARK,Galeocerdo cuvier,Deceased,Carcharhiniformes,lammermoorbeach,-23.155048484848486,150.77348333333333
2025-08-23,Mackay,Eimeo Beach,LONG NOSE WHALER,Carcharhinus brevipinna,Deceased,Carcharhiniformes,eimeobeach,-21.030911111111113,149.18116666666666
2025-08-23,Townsville,Horseshoe Bay,SCALLOPED HAMMERHEAD,Sphyrna lewini,Deceased,Carcharhiniformes,horseshoebay,-19.11187361111111,146.85320555555555
2025-08-23,Townsville,Alma Bay,SPOT-TAIL WHALER,Carcharhinus sorrah,Released Alive,Carcharhiniformes,almabay,-19.149697222222223,146.87386944444447
2025-08-23,Townsville,Picnic Bay,TAWNY SHARK,Nebrius ferrugineus,Released Alive,Orectolobiformes,picnicbay,-19.182850000000002,146.84146666666666
2025-08-24,Mackay,Eimeo Beach,AUST SHARPNOSE SHARK,Rhizoprionodon taylori,Deceased,Carcharhiniformes,eimeobeach,-21.030911111111113,149.18116666666666
2025-08-25,Mackay,Bucasia Beach,SPOT-TAIL WHALER,Carcharhinus sorrah,Deceased,Carcharhiniformes,bucasiabeach,-21.0204,149.16325277777779
2025-08-25,Mackay,Eimeo Beach,SPOT-TAIL WHALER,Carcharhinus sorrah,Released Alive,Carcharhiniformes,eimeobeach,-21.030911111111113,149.18116666666666
2025-08-26,Cairns,Ellis Beach,SPOT-TAIL WHALER,Carcharhinus sorrah,Released Alive,Carcharhiniformes,ellisbeach,-16.72147142857143,145.65029761904762
2025-08-26,Mackay,Blacks Beach,LONG NOSE WHALER,Carcharhinus brevipinna,Deceased,Carcharhiniformes,blacksbeach,-21.045294444444444,149.19208333333333
2025-08-26,Mackay,Eimeo Beach,SPOT-TAIL WHALER,Carcharhinus sorrah,Deceased,Carcharhiniformes,eimeobeach,-21.030911111111113,149.18116666666666
2025-08-27,Capricorn Coast,Fishermans Beach,TIGER SHARK,Galeocerdo cuvier,Released Alive,Carcharhiniformes,fishermansbeach,-23.243136666666665,150.82846999999998
2025-08-27,Townsville,Radical Bay,COMMON BLACKTIP WHALER,Carcharhinus limbatus,Deceased,Carcharhiniformes,radicalbay,-19.108173333333333,146.87670666666668
2025-08-27,Townsville,Florence Bay,PIGEYE WHALER,Carcharhinus amboinensis,Released Alive,Carcharhiniformes,florencebay,-19.123693333333332,146.88541
2025-08-27,Townsville,Horseshoe Bay,SCALLOPED HAMMERHEAD,Sphyrna lewini,Deceased,Carcharhiniformes,horseshoebay,-19.11187361111111,146.85320555555555
2025-08-27,Townsville,Horseshoe Bay,SPOT-TAIL WHALER,Carcharhinus sorrah,Deceased,Carcharhiniformes,horseshoebay,-19.11187361111111,146.85320555555555
2025-08-27,Townsville,Radical Bay,TAWNY SHARK,Nebrius ferrugineus,Released Alive,Orectolobiformes,radicalbay,-19.108173333333333,146.87670666666668
2025-08-28,Cairns,Palm Cove,LONG NOSE WHALER,Carcharhinus brevipinna,Deceased,Carcharhiniformes,palmcove,-16.744905555555555,145.6754
2025-08-28,Cairns,Buchans,SILKY WHALER,Carcharhinus falciformis,Released Alive,Carcharhiniformes,buchans,-16.725916666666667,145.66339166666666
2025-08-28,Cairns,Palm Cove,TAWNY SHARK,Nebrius ferrugineus,Released Alive,Orectolobiformes,palmcove,-16.744905555555555,145.6754
2025-08-28,Mackay,Bucasia Beach,SPOT-TAIL WHALER,Carcharhinus sorrah,Released Alive,Carcharhiniformes,bucasiabeach,-21.0204,149.16325277777779
2025-08-28,Mackay,Bucasia Beach,TAWNY SHARK,Nebrius ferrugineus,Released Alive,Orectolobiformes,bucasiabeach,-21.0204,149.16325277777779
2025-08-29,Cairns,Ellis Beach,SPOT-TAIL WHALER,Carcharhinus sorrah,Deceased,Carcharhiniformes,ellisbeach,-16.72147142857143,145.65029761904762
2025-08-29,Mackay,Blacks Beach,BULL WHALER,Carcharhinus leucas,Released Alive,Carcharhiniformes,blacksbeach,-21.045294444444444,149.19208333333333
2025-08-29,Townsville,Radical Bay,BLACKTIP REEF WHALER,Carcharhinus melanopterus,Deceased,Carcharhiniformes,radicalbay,-19.108173333333333,146.87670666666668
2025-08-29,Townsville,Florence Bay,COMMON BLACKTIP WHALER,Carcharhinus limbatus,Deceased,Carcharhiniformes,florencebay,-19.123693333333332,146.88541
2025-08-29,Townsville,Horseshoe Bay,COMMON BLACKTIP WHALER,Carcharhinus limbatus,Deceased,Carcharhiniformes,horseshoebay,-19.11187361111111,146.85320555555555
2025-08-29,Townsville,Nelly Bay,TAWNY SHARK,Nebrius ferrugineus,Released Alive,Orectolobiformes,nellybay,-19.17364523809524,146.85039523809525
2025-08-29,Townsville,Nelly Bay,TAWNY SHARK,Nebrius ferrugineus,Released Alive,Orectolobiformes,nellybay,-19.17364523809524,146.85039523809525
2025-08-29,Townsville,Radical Bay,TIGER SHARK,Galeocerdo cuvier,Released Alive,Carcharhiniformes,radicalbay,-19.108173333333333,146.87670666666668
2025-08-30,Cairns,Holloways,SPOT-TAIL WHALER,Carcharhinus sorrah,Deceased,Carcharhiniformes,holloways,-16.83081,145.74805666666666
2025-08-30,Cairns,Palm Cove,SPOT-TAIL WHALER,Carcharhinus sorrah,Deceased,Carcharhiniformes,palmcove,-16.744905555555555,145.6754
2025-08-30,Mackay,Eimeo Beach,BULL WHALER,Carcharhinus leucas,Released Alive,Carcharhiniformes,eimeobeach,-21.030911111111113,149.18116666666666
2025-08-30,Mackay,Blacks Beach,SCALLOPED HAMMERHEAD,Sphyrna lewini,Released Alive,Carcharhiniformes,blacksbeach,-21.045294444444444,149.19208333333333
2025-08-30,Townsville,Horseshoe Bay,LONG NOSE WHALER,Carcharhinus brevipinna,Deceased,Carcharhiniformes,horseshoebay,-19.11187361111111,146.85320555555555
2025-08-31,Mackay,Eimeo Beach,BULL WHALER,Carcharhinus leucas,Released Alive,Carcharhiniformes,eimeobeach,-21.030911111111113,149.18116666666666
2025-08-31,Mackay,Blacks Beach,TIGER SHARK,Galeocerdo cuvier,Released Alive,Carcharhiniformes,blacksbeach,-21.045294444444444,149.19208333333333
2025-09-01,Mackay,Bucasia Beach,BULL WHALER,Carcharhinus leucas,Released Alive,Carcharhiniformes,bucasiabeach,-21.0204,149.16325277777779
2025-09-01,Mackay,Eimeo Beach,SPOT-TAIL WHALER,Carcharhinus sorrah,Released Alive,Carcharhiniformes,eimeobeach,-21.030911111111113,149.18116666666666
2025-09-01,Mackay,Blacks Beach,TIGER SHARK,Galeocerdo cuvier,Released Alive,Carcharhiniformes,blacksbeach,-21.045294444444444,149.19208333333333
2025-09-02,Capricorn Coast,Emu Park,BULL WHALER,Carcharhinus leucas,Deceased,Carcharhiniformes,emupark,-23.262438095238092,150.8322357142857
2025-09-02,Capricorn Coast,Fishermans Beach,TIGER SHARK,Galeocerdo cuvier,Released Alive,Carcharhiniformes,fishermansbeach,-23.243136666666665,150.82846999999998
2025-09-02,Mackay,Eimeo Beach,SPOT-TAIL WHALER,Carcharhinus sorrah,Deceased,Carcharhiniformes,eimeobeach,-21.030911111111113,149.18116666666666
2025-09-03,Cairns,Ellis Beach,SHARPTOOTH SHARK,Negaprion acutidens,Released Alive,Carcharhiniformes,ellisbeach,-16.72147142857143,145.65029761904762
2025-09-03,Cairns,Ellis Beach,SHARPTOOTH SHARK,Negaprion acutidens,Released Alive,Carcharhiniformes,ellisbeach,-16.72147142857143,145.65029761904762
2025-09-03,Cairns,Palm Cove,SPOT-TAIL WHALER,Carcharhinus sorrah,Deceased,Carcharhiniformes,palmcove,-16.744905555555555,145.6754
2025-09-03,Mackay,Blacks Beach,WINGHEAD SHARK,Eusphyra blochii,Deceased,Carcharhiniformes,blacksbeach,-21.045294444444444,149.19208333333333
2025-09-03,Townsville,Radical Bay,PIGEYE WHALER,Carcharhinus amboinensis,Released Alive,Carcharhiniformes,radicalbay,-19.108173333333333,146.87670666666668
2025-09-04,Mackay,Bucasia Beach,SPOT-TAIL WHALER,Carcharhinus sorrah,Deceased,Carcharhiniformes,bucasiabeach,-21.0204,149.16325277777779
2025-09-04,Townsville,Florence Bay,SPOT-TAIL WHALER,Carcharhinus sorrah,Deceased,Carcharhiniformes,florencebay,-19.123693333333332,146.88541
2025-09-04,Townsville,Horseshoe Bay,SPOT-TAIL WHALER,Carcharhinus sorrah,Deceased,Carcharhiniformes,horseshoebay,-19.11187361111111,146.85320555555555
2025-09-04,Townsville,Horseshoe Bay,SPOT-TAIL WHALER,Carcharhinus sorrah,Deceased,Carcharhiniformes,horseshoebay,-19.11187361111111,146.85320555555555
2025-09-05,Townsville,Horseshoe Bay,COMMON BLACKTIP WHALER,Carcharhinus limbatus,Deceased,Carcharhiniformes,horseshoebay,-19.11187361111111,146.85320555555555
2025-09-06,Townsville,Florence Bay,LONG NOSE WHALER,Carcharhinus brevipinna,Deceased,Carcharhiniformes,florencebay,-19.123693333333332,146.88541
2025-09-06,Townsville,Horseshoe Bay,LONG NOSE WHALER,Carcharhinus brevipinna,Deceased,Carcharhiniformes,horseshoebay,-19.11187361111111,146.85320555555555
2025-09-06,Townsville,Alma Bay,SPOT-TAIL WHALER,Carcharhinus sorrah,Deceased,Carcharhiniformes,almabay,-19.149697222222223,146.87386944444447
2025-09-06,Townsville,Horseshoe Bay,TIGER SHARK,Galeocerdo cuvier,Euthanised,Carcharhiniformes,horseshoebay,-19.11187361111111,146.85320555555555
2025-09-08,Mackay,Eimeo Beach,LONG NOSE WHALER,Carcharhinus brevipinna,Released Alive,Carcharhiniformes,eimeobeach,-21.030911111111113,149.18116666666666
2025-09-08,Mackay,Bucasia Beach,SPOT-TAIL WHALER,Carcharhinus sorrah,Released Alive,Carcharhiniformes,bucasiabeach,-21.0204,149.16325277777779
2025-09-09,Cairns,Palm Cove,SHARPTOOTH SHARK,Negaprion acutidens,Released Alive,Carcharhiniformes,palmcove,-16.744905555555555,145.6754
2025-09-09,Capricorn Coast,Tanby Point,BULL WHALER,Carcharhinus leucas,Released Alive,Carcharhiniformes,tanbypoint,-23.22792666666667,150.82419666666667
2025-09-09,Capricorn Coast,Tanby Point,PIGEYE WHALER,Carcharhinus amboinensis,Deceased,Carcharhiniformes,tanbypoint,-23.22792666666667,150.82419666666667
2025-09-09,Capricorn Coast,Kemp Beach,TIGER SHARK,Galeocerdo cuvier,Released Alive,Carcharhiniformes,kempbeach,-23.1712,150.79471944444444
2025-09-09,Mackay,Bucasia Beach,LONG NOSE WHALER,Carcharhinus brevipinna,Deceased,Carcharhiniformes,bucasiabeach,-21.0204,149.16325277777779
2025-09-09,Mackay,Bucasia Beach,SPOT-TAIL WHALER,Carcharhinus sorrah,Deceased,Carcharhiniformes,bucasiabeach,-21.0204,149.16325277777779
2025-09-10,Capricorn Coast,Fishermans Beach,PIGEYE WHALER,Carcharhinus amboinensis,Deceased,Carcharhiniformes,fishermansbeach,-23.243136666666665,150.82846999999998
2025-09-10,Gladstone,Tannum Sands,MILK SHARK,Rhizoprionodon acutus,Deceased,Carcharhiniformes,tannumsands,-23.939119444444444,151.3756861111111
2025-09-10,Mackay,Bucasia Beach,SPOT-TAIL WHALER,Carcharhinus sorrah,Deceased,Carcharhiniformes,bucasiabeach,-21.0204,149.16325277777779
2025-09-10,Mackay,Eimeo Beach,SPOT-TAIL WHALER,Carcharhinus sorrah,Released Alive,Carcharhiniformes,eimeobeach,-21.030911111111113,149.18116666666666
2025-09-10,Mackay,Eimeo Beach,SPOT-TAIL WHALER,Carcharhinus sorrah,Deceased,Carcharhiniformes,eimeobeach,-21.030911111111113,149.18116666666666
2025-09-10,Townsville,Palarenda Beach,BULL WHALER,Carcharhinus leucas,Released Alive,Carcharhiniformes,palarendabeach,-19.198694444444445,146.77763333333334
2025-09-10,Townsville,Radical Bay,BULL WHALER,Carcharhinus leucas,Deceased,Carcharhiniformes,radicalbay,-19.108173333333333,146.87670666666668
2025-09-10,Townsville,Radical Bay,BULL WHALER,Carcharhinus leucas,Deceased,Carcharhiniformes,radicalbay,-19.108173333333333,146.87670666666668
2025-09-10,Townsville,Radical Bay,PIGEYE WHALER,Carcharhinus amboinensis,Deceased,Carcharhiniformes,radicalbay,-19.108173333333333,146.87670666666668
2025-09-10,Townsville,Alma Bay,SPOT-TAIL WHALER,Carcharhinus sorrah,Deceased,Carcharhiniformes,almabay,-19.149697222222223,146.87386944444447
2025-09-11,Mackay,Eimeo Beach,AUST SHARPNOSE SHARK,Rhizoprionodon taylori,Released Alive,Carcharhiniformes,eimeobeach,-21.030911111111113,149.18116666666666
2025-09-11,Townsville,Horseshoe Bay,BULL WHALER,Carcharhinus leucas,Deceased,Carcharhiniformes,horseshoebay,-19.11187361111111,146.85320555555555
2025-09-11,Townsville,Horseshoe Bay,SPOT-TAIL WHALER,Carcharhinus sorrah,Deceased,Carcharhiniformes,horseshoebay,-19.11187361111111,146.85320555555555
2025-09-12,Capricorn Coast,Tanby Point,LONG NOSE WHALER,Carcharhinus brevipinna,Released Alive,Carcharhiniformes,tanbypoint,-23.22792666666667,150.82419666666667
2025-09-12,Capricorn Coast,Farnborough Beach,LONG NOSE WHALER,Carcharhinus brevipinna,Deceased,Carcharhiniformes,farnboroughbeach,-23.116036666666666,150.75383666666667
2025-09-12,Mackay,Blacks Beach,CREEK WHALER,Carcharhinus fitzroyensis,Released Alive,Carcharhiniformes,blacksbeach,-21.045294444444444,149.19208333333333
2025-09-12,Mackay,Blacks Beach,SHARPTOOTH SHARK,Negaprion acutidens,Released Alive,Carcharhiniformes,blacksbeach,-21.045294444444444,149.19208333333333
2025-09-12,Townsville,Nelly Bay,BLACKTIP REEF WHALER,Carcharhinus melanopterus,Released Alive,Carcharhiniformes,nellybay,-19.17364523809524,146.85039523809525
2025-09-12,Townsville,Florence Bay,LONG NOSE WHALER,Carcharhinus brevipinna,Deceased,Carcharhiniformes,florencebay,-19.123693333333332,146.88541
2025-09-12,Townsville,Horseshoe Bay,SPOT-TAIL WHALER,Carcharhinus sorrah,Deceased,Carcharhiniformes,horseshoebay,-19.11187361111111,146.85320555555555
2025-09-12,Townsville,Nelly Bay,SPOT-TAIL WHALER,Carcharhinus sorrah,Deceased,Carcharhiniformes,nellybay,-19.17364523809524,146.85039523809525
2025-09-13,Capricorn Coast,Tanby Point,BULL WHALER,Carcharhinus leucas,Deceased,Carcharhiniformes,tanbypoint,-23.22792666666667,150.82419666666667
2025-09-13,Capricorn Coast,Farnborough Beach,SHARPTOOTH SHARK,Negaprion acutidens,Deceased,Carcharhiniformes,farnboroughbeach,-23.116036666666666,150.75383666666667
2025-09-13,Mackay,Eimeo Beach,COMMON BLACKTIP WHALER,Carcharhinus limbatus,Deceased,Carcharhiniformes,eimeobeach,-21.030911111111113,149.18116666666666
2025-09-13,Mackay,Blacks Beach,SPOT-TAIL WHALER,Carcharhinus sorrah,Released Alive,Carcharhiniformes,blacksbeach,-21.045294444444444,149.19208333333333
2025-09-13,Mackay,Eimeo Beach,SPOT-TAIL WHALER,Carcharhinus sorrah,Deceased,Carcharhiniformes,eimeobeach,-21.030911111111113,149.18116666666666
2025-09-13,Mackay,Eimeo Beach,SPOT-TAIL WHALER,Carcharhinus sorrah,Deceased,Carcharhiniformes,eimeobeach,-21.030911111111113,149.18116666666666
2025-09-14,Mackay,Bucasia Beach,GREAT HAMMERHEAD,Sphyrna mokarran,Deceased,Carcharhiniformes,bucasiabeach,-21.0204,149.16325277777779
2025-09-14,Mackay,Blacks Beach,LONG NOSE WHALER,Carcharhinus brevipinna,Deceased,Carcharhiniformes,blacksbeach,-21.045294444444444,149.19208333333333
2025-09-14,Mackay,Eimeo Beach,LONG NOSE WHALER,Carcharhinus brevipinna,Deceased,Carcharhiniformes,eimeobeach,-21.030911111111113,149.18116666666666
2025-09-14,Mackay,Eimeo Beach,LONG NOSE WHALER,Carcharhinus brevipinna,Deceased,Carcharhiniformes,eimeobeach,-21.030911111111113,149.18116666666666
2025-09-14,Mackay,Eimeo Beach,SANDBAR WHALER,Carcharhinus plumbeus,Deceased,Carcharhiniformes,eimeobeach,-21.030911111111113,149.18116666666666
2025-09-14,Mackay,Bucasia Beach,SPOT-TAIL WHALER,Carcharhinus sorrah,Deceased,Carcharhiniformes,bucasiabeach,-21.0204,149.16325277777779
2025-09-15,Capricorn Coast,Yeppoon Beach,COMMON BLACKTIP WHALER,Carcharhinus limbatus,Deceased,Carcharhiniformes,yeppoonbeach,-23.128226666666666,150.75462666666667
2025-09-15,Mackay,Blacks Beach,SANDBAR WHALER,Carcharhinus plumbeus,Deceased,Carcharhiniformes,blacksbeach,-21.045294444444444,149.19208333333333
2025-09-16,Capricorn Coast,Tanby Point,PIGEYE WHALER,Carcharhinus amboinensis,Deceased,Carcharhiniformes,tanbypoint,-23.22792666666667,150.82419666666667
2025-09-16,Mackay,Blacks Beach,LONG NOSE WHALER,Carcharhinus brevipinna,Deceased,Carcharhiniformes,blacksbeach,-21.045294444444444,149.19208333333333
2025-09-17,Gladstone,Tannum Sands,BULL WHALER,Carcharhinus leucas,Deceased,Carcharhiniformes,tannumsands,-23.939119444444444,151.3756861111111
2025-09-17,Mackay,Blacks Beach,SCALLOPED HAMMERHEAD,Sphyrna lewini,Deceased,Carcharhiniformes,blacksbeach,-21.045294444444444,149.19208333333333
2025-09-17,Mackay,Bucasia Beach,SPOT-TAIL WHALER,Carcharhinus sorrah,Deceased,Carcharhiniformes,bucasiabeach,-21.0204,149.16325277777779
2025-09-17,Mackay,Eimeo Beach,SPOT-TAIL WHALER,Carcharhinus sorrah,Deceased,Carcharhiniformes,eimeobeach,-21.030911111111113,149.18116666666666
2025-09-17,Townsville,Alma Bay,COMMON BLACKTIP WHALER,Carcharhinus limbatus,Deceased,Carcharhiniformes,almabay,-19.149697222222223,146.87386944444447
2025-09-17,Townsville,Horseshoe Bay,PIGEYE WHALER,Carcharhinus amboinensis,Released Alive,Carcharhiniformes,horseshoebay,-19.11187361111111,146.85320555555555
2025-09-17,Townsville,Nelly Bay,TAWNY SHARK,Nebrius ferrugineus,Released Alive,Orectolobiformes,nellybay,-19.17364523809524,146.85039523809525
2025-09-18,Mackay,Eimeo Beach,SANDBAR WHALER,Carcharhinus plumbeus,Deceased,Carcharhiniformes,eimeobeach,-21.030911111111113,149.18116666666666
2025-09-18,Mackay,Eimeo Beach,TIGER SHARK,Galeocerdo cuvier,Released Alive,Carcharhiniformes,eimeobeach,-21.030911111111113,149.18116666666666
2025-09-19,Capricorn Coast,Emu Park,TIGER SHARK,Galeocerdo cuvier,Released Alive,Carcharhiniformes,emupark,-23.262438095238092,150.8322357142857
2025-09-19,Mackay,Bucasia Beach,LONG NOSE WHALER,Carcharhinus brevipinna,Deceased,Carcharhiniformes,bucasiabeach,-21.0204,149.16325277777779
2025-09-19,Mackay,Blacks Beach,TIGER SHARK,Galeocerdo cuvier,Released Alive,Carcharhiniformes,blacksbeach,-21.045294444444444,149.19208333333333
2025-09-19,Townsville,Horseshoe Bay,MILK SHARK,Rhizoprionodon acutus,Deceased,Carcharhiniformes,horseshoebay,-19.11187361111111,146.85320555555555
2025-09-19,Townsville,Alma Bay,SPOT-TAIL WHALER,Carcharhinus sorrah,Deceased,Carcharhiniformes,almabay,-19.149697222222223,146.87386944444447
2025-09-19,Townsville,Horseshoe Bay,SPOT-TAIL WHALER,Carcharhinus sorrah,Deceased,Carcharhiniformes,horseshoebay,-19.11187361111111,146.85320555555555
2025-09-20,Mackay,Blacks Beach,SPOT-TAIL WHALER,Carcharhinus sorrah,Deceased,Carcharhiniformes,blacksbeach,-21.045294444444444,149.19208333333333
2025-09-20,Townsville,Horseshoe Bay,COMMON BLACKTIP WHALER,Carcharhinus limbatus,Deceased,Carcharhiniformes,horseshoebay,-19.11187361111111,146.85320555555555
2025-09-20,Townsville,Florence Bay,SPOT-TAIL WHALER,Carcharhinus sorrah,Deceased,Carcharhiniformes,florencebay,-19.123693333333332,146.88541
2025-09-20,Townsville,Horseshoe Bay,SPOT-TAIL WHALER,Carcharhinus sorrah,Deceased,Carcharhiniformes,horseshoebay,-19.11187361111111,146.85320555555555
2025-09-20,Townsville,Radical Bay,SPOT-TAIL WHALER,Carcharhinus sorrah,Deceased,Carcharhiniformes,radicalbay,-19.108173333333333,146.87670666666668
2025-09-21,Capricorn Coast,Farnborough Beach,SHARPTOOTH SHARK,Negaprion acutidens,Released Alive,Carcharhiniformes,farnboroughbeach,-23.116036666666666,150.75383666666667
2025-09-21,Mackay,Bucasia Beach,LONG NOSE WHALER,Carcharhinus brevipinna,Deceased,Carcharhiniformes,bucasiabeach,-21.0204,149.16325277777779
2025-09-21,Mackay,Blacks Beach,SCALLOPED HAMMERHEAD,Sphyrna lewini,Deceased,Carcharhiniformes,blacksbeach,-21.045294444444444,149.19208333333333
2025-09-22,Capricorn Coast,Lammermoor Beach,LONG NOSE WHALER,Carcharhinus brevipinna,Deceased,Carcharhiniformes,lammermoorbeach,-23.155048484848486,150.77348333333333
2025-09-22,Capricorn Coast,Farnborough Beach,SCALLOPED HAMMERHEAD,Sphyrna lewini,Deceased,Carcharhiniformes,farnboroughbeach,-23.116036666666666,150.75383666666667
2025-09-22,Capricorn Coast,Fishermans Beach,TIGER SHARK,Galeocerdo cuvier,Released Alive,Carcharhiniformes,fishermansbeach,-23.243136666666665,150.82846999999998
2025-09-22,Gladstone,Tannum Sands,SPOT-TAIL WHALER,Carcharhinus sorrah,Deceased,Carcharhiniformes,tannumsands,-23.939119444444444,151.3756861111111
2025-09-23,Cairns,Ellis Beach,SPOT-TAIL WHALER,Carcharhinus sorrah,Released Alive,Carcharhiniformes,ellisbeach,-16.72147142857143,145.65029761904762
2025-09-23,Cairns,Palm Cove,TIGER SHARK,Galeocerdo cuvier,Released Alive,Carcharhiniformes,palmcove,-16.744905555555555,145.6754
2025-09-23,Capricorn Coast,Farnborough Beach,SHARPTOOTH SHARK,Negaprion acutidens,Deceased,Carcharhiniformes,farnboroughbeach,-23.116036666666666,150.75383666666667
2025-09-23,Capricorn Coast,Tanby Point,SHARPTOOTH SHARK,Negaprion acutidens,Deceased,Carcharhiniformes,tanbypoint,-23.22792666666667,150.82419666666667
2025-09-23,Mackay,Eimeo Beach,BULL WHALER,Carcharhinus leucas,Deceased,Carcharhiniformes,eimeobeach,-21.030911111111113,149.18116666666666
2025-09-23,Mackay,Bucasia Beach,LONG NOSE WHALER,Carcharhinus brevipinna,Deceased,Carcharhiniformes,bucasiabeach,-21.0204,149.16325277777779
2025-09-23,Mackay,Eimeo Beach,TIGER SHARK,Galeocerdo cuvier,Released Alive,Carcharhiniformes,eimeobeach,-21.030911111111113,149.18116666666666
2025-09-24,Cairns,Palm Cove,DUSKY WHALER,Carcharhinus obscurus,Deceased,Carcharhiniformes,palmcove,-16.744905555555555,145.6754
2025-09-24,Gladstone,Tannum Sands,SPOT-TAIL WHALER,Carcharhinus sorrah,Deceased,Carcharhiniformes,tannumsands,-23.939119444444444,151.3756861111111
2025-09-24,Townsville,Alma Bay,SPOT-TAIL WHALER,Carcharhinus sorrah,Deceased,Carcharhiniformes,almabay,-19.149697222222223,146.87386944444447
2025-09-24,Townsville,Horseshoe Bay,SPOT-TAIL WHALER,Carcharhinus sorrah,Deceased,Carcharhiniformes,horseshoebay,-19.11187361111111,146.85320555555555
2025-09-24,Townsville,Horseshoe Bay,SPOT-TAIL WHALER,Carcharhinus sorrah,Deceased,Carcharhiniformes,horseshoebay,-19.11187361111111,146.85320555555555
2025-09-24,Townsville,Horseshoe Bay,SPOT-TAIL WHALER,Carcharhinus sorrah,Deceased,Carcharhiniformes,horseshoebay,-19.11187361111111,146.85320555555555
2025-09-24,Townsville,Nelly Bay,SPOT-TAIL WHALER,Carcharhinus sorrah,Deceased,Carcharhiniformes,nellybay,-19.17364523809524,146.85039523809525
2025-09-25,Mackay,Blacks Beach,BULL WHALER,Carcharhinus leucas,Released Alive,Carcharhiniformes,blacksbeach,-21.045294444444444,149.19208333333333
2025-09-25,Mackay,Blacks Beach,SPOT-TAIL WHALER,Carcharhinus sorrah,Deceased,Carcharhiniformes,blacksbeach,-21.045294444444444,149.19208333333333
2025-09-25,Mackay,Bucasia Beach,SPOT-TAIL WHALER,Carcharhinus sorrah,Deceased,Carcharhiniformes,bucasiabeach,-21.0204,149.16325277777779
2025-09-25,Townsville,Radical Bay,BULL WHALER,Carcharhinus leucas,Deceased,Carcharhiniformes,radicalbay,-19.108173333333333,146.87670666666668
2025-09-25,Townsville,Horseshoe Bay,SPOT-TAIL WHALER,Carcharhinus sorrah,Deceased,Carcharhiniformes,horseshoebay,-19.11187361111111,146.85320555555555
2025-09-25,Townsville,Radical Bay,SPOT-TAIL WHALER,Carcharhinus sorrah,Deceased,Carcharhiniformes,radicalbay,-19.108173333333333,146.87670666666668
2025-09-25,Townsville,Florence Bay,TIGER SHARK,Galeocerdo cuvier,Deceased,Carcharhiniformes,florencebay,-19.123693333333332,146.88541
2025-09-26,Mackay,Eimeo Beach,LONG NOSE WHALER,Carcharhinus brevipinna,Released Alive,Carcharhiniformes,eimeobeach,-21.030911111111113,149.18116666666666
2025-09-26,Mackay,Blacks Beach,SPOT-TAIL WHALER,Carcharhinus sorrah,Deceased,Carcharhiniformes,blacksbeach,-21.045294444444444,149.19208333333333
2025-09-26,Mackay,Eimeo Beach,SPOT-TAIL WHALER,Carcharhinus sorrah,Deceased,Carcharhiniformes,eimeobeach,-21.030911111111113,149.18116666666666
2025-09-26,Townsville,Nelly Bay,BLACKTIP REEF WHALER,Carcharhinus melanopterus,Deceased,Carcharhiniformes,nellybay,-19.17364523809524,146.85039523809525
2025-09-26,Townsville,Horseshoe Bay,COMMON BLACKTIP WHALER,Carcharhinus limbatus,Deceased,Carcharhiniformes,horseshoebay,-19.11187361111111,146.85320555555555
2025-09-26,Townsville,Horseshoe Bay,MILK SHARK,Rhizoprionodon acutus,Deceased,Carcharhiniformes,horseshoebay,-19.11187361111111,146.85320555555555
2025-09-26,Townsville,Horseshoe Bay,SCALLOPED HAMMERHEAD,Sphyrna lewini,Deceased,Carcharhiniformes,horseshoebay,-19.11187361111111,146.85320555555555
2025-09-26,Townsville,Alma Bay,SPOT-TAIL WHALER,Carcharhinus sorrah,Deceased,Carcharhiniformes,almabay,-19.149697222222223,146.87386944444447
2025-09-26,Townsville,Florence Bay,SPOT-TAIL WHALER,Carcharhinus sorrah,Deceased,Carcharhiniformes,florencebay,-19.123693333333332,146.88541
2025-09-26,Townsville,Florence Bay,SPOT-TAIL WHALER,Carcharhinus sorrah,Deceased,Carcharhiniformes,florencebay,-19.123693333333332,146.88541
2025-09-26,Townsville,Picnic Bay,TAWNY SHARK,Nebrius ferrugineus,Released Alive,Orectolobiformes,picnicbay,-19.182850000000002,146.84146666666666
2025-09-27,Mackay,Blacks Beach,TIGER SHARK,Galeocerdo cuvier,Released Alive,Carcharhiniformes,blacksbeach,-21.045294444444444,149.19208333333333
2025-09-27,Townsville,Florence Bay,COMMON BLACKTIP WHALER,Carcharhinus limbatus,Deceased,Carcharhiniformes,florencebay,-19.123693333333332,146.88541
2025-09-27,Townsville,Florence Bay,MILK SHARK,Rhizoprionodon acutus,Deceased,Carcharhiniformes,florencebay,-19.123693333333332,146.88541
2025-09-28,Mackay,Blacks Beach,CREEK WHALER,Carcharhinus fitzroyensis,Deceased,Carcharhiniformes,blacksbeach,-21.045294444444444,149.19208333333333
2025-09-29,Mackay,Bucasia Beach,TAWNY SHARK,Nebrius ferrugineus,Released Alive,Orectolobiformes,bucasiabeach,-21.0204,149.16325277777779
2025-09-29,Mackay,Eimeo Beach,TIGER SHARK,Galeocerdo cuvier,Released Alive,Carcharhiniformes,eimeobeach,-21.030911111111113,149.18116666666666
2025-09-30,Capricorn Coast,Tanby Point,LONG NOSE WHALER,Carcharhinus brevipinna,Deceased,Carcharhiniformes,tanbypoint,-23.22792666666667,150.82419666666667
2025-09-30,Capricorn Coast,Farnborough Beach,TIGER SHARK,Galeocerdo cuvier,Released Alive,Carcharhiniformes,farnboroughbeach,-23.116036666666666,150.75383666666667
2025-10-01,Cairns,Ellis Beach,SPOT-TAIL WHALER,Carcharhinus sorrah,Released Alive,Carcharhiniformes,ellisbeach,-16.72147142857143,145.65029761904762
2025-10-01,Cairns,Holloways,SPOT-TAIL WHALER,Carcharhinus sorrah,Deceased,Carcharhiniformes,holloways,-16.83081,145.74805666666666
2025-10-01,Capricorn Coast,Emu Park,BULL WHALER,Carcharhinus leucas,Deceased,Carcharhiniformes,emupark,-23.262438095238092,150.8322357142857
2025-10-02,Cairns,Palm Cove,BULL WHALER,Carcharhinus leucas,Deceased,Carcharhiniformes,palmcove,-16.744905555555555,145.6754
2025-10-02,Mackay,Eimeo Beach,SANDBAR WHALER,Carcharhinus plumbeus,Deceased,Carcharhiniformes,eimeobeach,-21.030911111111113,149.18116666666666
2025-10-02,Mackay,Blacks Beach,TIGER SHARK,Galeocerdo cuvier,Released Alive,Carcharhiniformes,blacksbeach,-21.045294444444444,149.19208333333333
2025-10-03,Capricorn Coast,Cooee Bay,SHARPTOOTH SHARK,Negaprion acutidens,Released Alive,Carcharhiniformes,cooeebay,-23.139136666666666,150.76271333333335
2025-10-03,Capricorn Coast,Farnborough Beach,SHARPTOOTH SHARK,Negaprion acutidens,Deceased,Carcharhiniformes,farnboroughbeach,-23.116036666666666,150.75383666666667
2025-10-03,Mackay,Blacks Beach,SPOT-TAIL WHALER,Carcharhinus sorrah,Deceased,Carcharhiniformes,blacksbeach,-21.045294444444444,149.19208333333333
2025-10-03,Mackay,Eimeo Beach,SPOT-TAIL WHALER,Carcharhinus sorrah,Deceased,Carcharhiniformes,eimeobeach,-21.030911111111113,149.18116666666666
2025-10-03,Townsville,Nelly Bay,TAWNY SHARK,Nebrius ferrugineus,Released Alive,Orectolobiformes,nellybay,-19.17364523809524,146.85039523809525
2025-10-04,Capricorn Coast,Farnborough Beach,BULL WHALER,Carcharhinus leucas,Deceased,Carcharhiniformes,farnboroughbeach,-23.116036666666666,150.75383666666667
2025-10-04,Gladstone,Tannum Sands,BULL WHALER,Carcharhinus leucas,Euthanised,Carcharhiniformes,tannumsands,-23.939119444444444,151.3756861111111
2025-10-04,Mackay,Bucasia Beach,LONG NOSE WHALER,Carcharhinus brevipinna,Deceased,Carcharhiniformes,bucasiabeach,-21.0204,149.16325277777779
2025-10-04,Mackay,Blacks Beach,SPOT-TAIL WHALER,Carcharhinus sorrah,Deceased,Carcharhiniformes,blacksbeach,-21.045294444444444,149.19208333333333
2025-10-04,Mackay,Eimeo Beach,SPOT-TAIL WHALER,Carcharhinus sorrah,Released Alive,Carcharhiniformes,eimeobeach,-21.030911111111113,149.18116666666666
2025-10-04,Mackay,Eimeo Beach,SPOT-TAIL WHALER,Carcharhinus sorrah,Deceased,Carcharhiniformes,eimeobeach,-21.030911111111113,149.18116666666666
2025-10-05,Mackay,Eimeo Beach,LONG NOSE WHALER,Carcharhinus brevipinna,Released Alive,Carcharhiniformes,eimeobeach,-21.030911111111113,149.18116666666666
2025-10-05,Mackay,Eimeo Beach,LONG NOSE WHALER,Carcharhinus brevipinna,Released Alive,Carcharhiniformes,eimeobeach,-21.030911111111113,149.18116666666666
2025-10-05,Mackay,Eimeo Beach,SHARPTOOTH SHARK,Negaprion acutidens,Released Alive,Carcharhiniformes,eimeobeach,-21.030911111111113,149.18116666666666
2025-10-05,Mackay,Eimeo Beach,SPOT-TAIL WHALER,Carcharhinus sorrah,Deceased,Carcharhiniformes,eimeobeach,-21.030911111111113,149.18116666666666
2025-10-06,Mackay,Blacks Beach,LONG NOSE WHALER,Carcharhinus brevipinna,Released Alive,Carcharhiniformes,blacksbeach,-21.045294444444444,149.19208333333333
2025-10-06,Mackay,Bucasia Beach,SANDBAR WHALER,Carcharhinus plumbeus,Deceased,Carcharhiniformes,bucasiabeach,-21.0204,149.16325277777779
2025-10-06,Mackay,Eimeo Beach,SANDBAR WHALER,Carcharhinus plumbeus,Deceased,Carcharhiniformes,eimeobeach,-21.030911111111113,149.18116666666666
2025-10-06,Mackay,Blacks Beach,SPOT-TAIL WHALER,Carcharhinus sorrah,Deceased,Carcharhiniformes,blacksbeach,-21.045294444444444,149.19208333333333
2025-10-06,Mackay,Eimeo Beach,SPOT-TAIL WHALER,Carcharhinus sorrah,Released Alive,Carcharhiniformes,eimeobeach,-21.030911111111113,149.18116666666666
2025-10-06,Mackay,Blacks Beach,WINGHEAD SHARK,Eusphyra blochii,Deceased,Carcharhiniformes,blacksbeach,-21.045294444444444,149.19208333333333
2025-10-06,Townsville,Horseshoe Bay,BULL WHALER,Carcharhinus leucas,Deceased,Carcharhiniformes,horseshoebay,-19.11187361111111,146.85320555555555
2025-10-07,Cairns,Palm Cove,PIGEYE WHALER,Carcharhinus amboinensis,Deceased,Carcharhiniformes,palmcove,-16.744905555555555,145.6754
2025-10-07,Capricorn Coast,Cooee Bay,SANDBAR WHALER,Carcharhinus plumbeus,Deceased,Carcharhiniformes,cooeebay,-23.139136666666666,150.76271333333335
2025-10-07,Mackay,Blacks Beach,AUST SHARPNOSE SHARK,Rhizoprionodon taylori,Deceased,Carcharhiniformes,blacksbeach,-21.045294444444444,149.19208333333333
2025-10-07,Mackay,Eimeo Beach,AUST SHARPNOSE SHARK,Rhizoprionodon taylori,Released Alive,Carcharhiniformes,eimeobeach,-21.030911111111113,149.18116666666666
2025-10-07,Mackay,Eimeo Beach,DUSKY WHALER,Carcharhinus obscurus,Deceased,Carcharhiniformes,eimeobeach,-21.030911111111113,149.18116666666666
2025-10-07,Mackay,Eimeo Beach,SPOT-TAIL WHALER,Carcharhinus sorrah,Released Alive,Carcharhiniformes,eimeobeach,-21.030911111111113,149.18116666666666
2025-10-07,Mackay,Eimeo Beach,SPOT-TAIL WHALER,Carcharhinus sorrah,Deceased,Carcharhiniformes,eimeobeach,-21.030911111111113,149.18116666666666
2025-10-07,Mackay,Eimeo Beach,SPOT-TAIL WHALER,Carcharhinus sorrah,Deceased,Carcharhiniformes,eimeobeach,-21.030911111111113,149.18116666666666
2025-10-07,Townsville,Alma Bay,BLACKTIP REEF WHALER,Carcharhinus melanopterus,Deceased,Carcharhiniformes,almabay,-19.149697222222223,146.87386944444447
2025-10-07,Townsville,Nelly Bay,COMMON BLACKTIP WHALER,Carcharhinus limbatus,Deceased,Carcharhiniformes,nellybay,-19.17364523809524,146.85039523809525
2025-10-07,Townsville,Alma Bay,SPOT-TAIL WHALER,Carcharhinus sorrah,Deceased,Carcharhiniformes,almabay,-19.149697222222223,146.87386944444447
2025-10-07,Townsville,Alma Bay,SPOT-TAIL WHALER,Carcharhinus sorrah,Deceased,Carcharhiniformes,almabay,-19.149697222222223,146.87386944444447
2025-10-07,Townsville,Picnic Bay,SPOT-TAIL WHALER,Carcharhinus sorrah,Deceased,Carcharhiniformes,picnicbay,-19.182850000000002,146.84146666666666
2025-10-08,Mackay,Eimeo Beach,AUST SHARPNOSE SHARK,Rhizoprionodon taylori,Deceased,Carcharhiniformes,eimeobeach,-21.030911111111113,149.18116666666666
2025-10-08,Mackay,Eimeo Beach,LONG NOSE WHALER,Carcharhinus brevipinna,Deceased,Carcharhiniformes,eimeobeach,-21.030911111111113,149.18116666666666
2025-10-08,Mackay,Blacks Beach,SPOT-TAIL WHALER,Carcharhinus sorrah,Deceased,Carcharhiniformes,blacksbeach,-21.045294444444444,149.19208333333333
2025-10-08,Mackay,Blacks Beach,SPOT-TAIL WHALER,Carcharhinus sorrah,Deceased,Carcharhiniformes,blacksbeach,-21.045294444444444,149.19208333333333
2025-10-08,Townsville,Florence Bay,COMMON BLACKTIP WHALER,Carcharhinus limbatus,Deceased,Carcharhiniformes,florencebay,-19.123693333333332,146.88541
2025-10-08,Townsville,Picnic Bay,SHARPTOOTH SHARK,Negaprion acutidens,Deceased,Carcharhiniformes,picnicbay,-19.182850000000002,146.84146666666666
2025-10-09,Mackay,Bucasia Beach,LONG NOSE WHALER,Carcharhinus brevipinna,Deceased,Carcharhiniformes,bucasiabeach,-21.0204,149.16325277777779
2025-10-09,Mackay,Eimeo Beach,LONG NOSE WHALER,Carcharhinus brevipinna,Released Alive,Carcharhiniformes,eimeobeach,-21.030911111111113,149.18116666666666
2025-10-09,Mackay,Bucasia Beach,SHARPTOOTH SHARK,Negaprion acutidens,Released Alive,Carcharhiniformes,bucasiabeach,-21.0204,149.16325277777779
2025-10-09,Mackay,Eimeo Beach,SPOT-TAIL WHALER,Carcharhinus sorrah,Released Alive,Carcharhiniformes,eimeobeach,-21.030911111111113,149.18116666666666
2025-10-09,Townsville,Radical Bay,PIGEYE WHALER,Carcharhinus amboinensis,Deceased,Carcharhiniformes,radicalbay,-19.108173333333333,146.87670666666668
2025-10-09,Townsville,Horseshoe Bay,SCALLOPED HAMMERHEAD,Sphyrna lewini,Deceased,Carcharhiniformes,horseshoebay,-19.11187361111111,146.85320555555555
2025-10-09,Townsville,Radical Bay,SPOT-TAIL WHALER,Carcharhinus sorrah,Deceased,Carcharhiniformes,radicalbay,-19.108173333333333,146.87670666666668
2025-10-09,Townsville,Horseshoe Bay,TAWNY SHARK,Nebrius ferrugineus,Released Alive,Orectolobiformes,horseshoebay,-19.11187361111111,146.85320555555555
2025-10-10,Cairns,Palm Cove,SPOT-TAIL WHALER,Carcharhinus sorrah,Deceased,Carcharhiniformes,palmcove,-16.744905555555555,145.6754
2025-10-10,Cairns,Palm Cove,TIGER SHARK,Galeocerdo cuvier,Deceased,Carcharhiniformes,palmcove,-16.744905555555555,145.6754
2025-10-10,Cairns,Trinity,TIGER SHARK,Galeocerdo cuvier,Deceased,Carcharhiniformes,trinity,-16.777091666666667,145.7011611111111
2025-10-10,Cairns,Trinity,TIGER SHARK,Galeocerdo cuvier,Released Alive,Carcharhiniformes,trinity,-16.777091666666667,145.7011611111111
2025-10-10,Capricorn Coast,Farnborough Beach,SPOT-TAIL WHALER,Carcharhinus sorrah,Deceased,Carcharhiniformes,farnboroughbeach,-23.116036666666666,150.75383666666667
2025-10-10,Gladstone,Tannum Sands,LONG NOSE WHALER,Carcharhinus brevipinna,Deceased,Carcharhiniformes,tannumsands,-23.939119444444444,151.3756861111111
2025-10-10,Mackay,Blacks Beach,LONG NOSE WHALER,Carcharhinus brevipinna,Deceased,Carcharhiniformes,blacksbeach,-21.045294444444444,149.19208333333333
2025-10-10,Mackay,Blacks Beach,SPOT-TAIL WHALER,Carcharhinus sorrah,Released Alive,Carcharhiniformes,blacksbeach,-21.045294444444444,149.19208333333333
2025-10-10,Townsville,Alma Bay,BLACKTIP REEF WHALER,Carcharhinus melanopterus,Released Alive,Carcharhiniformes,almabay,-19.149697222222223,146.87386944444447
2025-10-11,Mackay,Eimeo Beach,LONG NOSE WHALER,Carcharhinus brevipinna,Deceased,Carcharhiniformes,eimeobeach,-21.030911111111113,149.18116666666666
2025-10-11,Mackay,Blacks Beach,SCALLOPED HAMMERHEAD,Sphyrna lewini,Deceased,Carcharhiniformes,blacksbeach,-21.045294444444444,149.19208333333333
2025-10-11,Mackay,Eimeo Beach,TAWNY SHARK,Nebrius ferrugineus,Released Alive,Orectolobiformes,eimeobeach,-21.030911111111113,149.18116666666666
2025-10-11,Townsville,Picnic Bay,BULL WHALER,Carcharhinus leucas,Released Alive,Carcharhiniformes,picnicbay,-19.182850000000002,146.84146666666666
2025-10-11,Townsville,Florence Bay,COMMON BLACKTIP WHALER,Carcharhinus limbatus,Deceased,Carcharhiniformes,florencebay,-19.123693333333332,146.88541
2025-10-11,Townsville,Radical Bay,COMMON BLACKTIP WHALER,Carcharhinus limbatus,Deceased,Carcharhiniformes,radicalbay,-19.108173333333333,146.87670666666668
2025-10-11,Townsville,Horseshoe Bay,SPOT-TAIL WHALER,Carcharhinus sorrah,Deceased,Carcharhiniformes,horseshoebay,-19.11187361111111,146.85320555555555
2025-10-11,Townsville,Nelly Bay,SPOT-TAIL WHALER,Carcharhinus sorrah,Deceased,Carcharhiniformes,nellybay,-19.17364523809524,146.85039523809525
2025-10-11,Townsville,Picnic Bay,TAWNY SHARK,Nebrius ferrugineus,Released Alive,Orectolobiformes,picnicbay,-19.182850000000002,146.84146666666666
2025-10-12,Gladstone,Tannum Sands,PIGEYE WHALER,Carcharhinus amboinensis,Deceased,Carcharhiniformes,tannumsands,-23.939119444444444,151.3756861111111
2025-10-12,Mackay,Bucasia Beach,SPOT-TAIL WHALER,Carcharhinus sorrah,Deceased,Carcharhiniformes,bucasiabeach,-21.0204,149.16325277777779
2025-10-12,Mackay,Bucasia Beach,SPOT-TAIL WHALER,Carcharhinus sorrah,Deceased,Carcharhiniformes,bucasiabeach,-21.0204,149.16325277777779
2025-10-12,Mackay,Eimeo Beach,SPOT-TAIL WHALER,Carcharhinus sorrah,Released Alive,Carcharhiniformes,eimeobeach,-21.030911111111113,149.18116666666666
2025-10-12,Mackay,Eimeo Beach,SPOT-TAIL WHALER,Carcharhinus sorrah,Deceased,Carcharhiniformes,eimeobeach,-21.030911111111113,149.18116666666666
2025-10-13,Capricorn Coast,Tanby Point,COMMON BLACKTIP WHALER,Carcharhinus limbatus,Deceased,Carcharhiniformes,tanbypoint,-23.22792666666667,150.82419666666667
2025-10-13,Capricorn Coast,Farnborough Beach,LONG NOSE WHALER,Carcharhinus brevipinna,Deceased,Carcharhiniformes,farnboroughbeach,-23.116036666666666,150.75383666666667
2025-10-13,Gladstone,Tannum Sands,SHARPTOOTH SHARK,Negaprion acutidens,Released Alive,Carcharhiniformes,tannumsands,-23.939119444444444,151.3756861111111
2025-10-13,Mackay,Eimeo Beach,LONG NOSE WHALER,Carcharhinus brevipinna,Deceased,Carcharhiniformes,eimeobeach,-21.030911111111113,149.18116666666666
2025-10-13,Mackay,Blacks Beach,TIGER SHARK,Galeocerdo cuvier,Released Alive,Carcharhiniformes,blacksbeach,-21.045294444444444,149.19208333333333
2025-10-14,Mackay,Eimeo Beach,SPOT-TAIL WHALER,Carcharhinus sorrah,Released Alive,Carcharhiniformes,eimeobeach,-21.030911111111113,149.18116666666666
2025-10-14,Townsville,Horseshoe Bay,GREAT HAMMERHEAD,Sphyrna mokarran,Deceased,Carcharhiniformes,horseshoebay,-19.11187361111111,146.85320555555555
2025-10-15,Capricorn Coast,Lammermoor Beach,LONG NOSE WHALER,Carcharhinus brevipinna,Deceased,Carcharhiniformes,lammermoorbeach,-23.155048484848486,150.77348333333333
2025-10-15,Mackay,Blacks Beach,SHARPTOOTH SHARK,Negaprion acutidens,Deceased,Carcharhiniformes,blacksbeach,-21.045294444444444,149.19208333333333
2025-10-15,Mackay,Bucasia Beach,SHARPTOOTH SHARK,Negaprion acutidens,Deceased,Carcharhiniformes,bucasiabeach,-21.0204,149.16325277777779
2025-10-15,Mackay,Bucasia Beach,SPOT-TAIL WHALER,Carcharhinus sorrah,Deceased,Carcharhiniformes,bucasiabeach,-21.0204,149.16325277777779
2025-10-15,Mackay,Eimeo Beach,SPOT-TAIL WHALER,Carcharhinus sorrah,Deceased,Carcharhiniformes,eimeobeach,-21.030911111111113,149.18116666666666
2025-10-15,Townsville,Palarenda Beach,BULL WHALER,Carcharhinus leucas,Deceased,Carcharhiniformes,palarendabeach,-19.198694444444445,146.77763333333334
2025-10-15,Townsville,Florence Bay,COMMON BLACKTIP WHALER,Carcharhinus limbatus,Deceased,Carcharhiniformes,florencebay,-19.123693333333332,146.88541
2025-10-15,Townsville,Florence Bay,SPOT-TAIL WHALER,Carcharhinus sorrah,Deceased,Carcharhiniformes,florencebay,-19.123693333333332,146.88541
2025-10-15,Townsville,Horseshoe Bay,SPOT-TAIL WHALER,Carcharhinus sorrah,Deceased,Carcharhiniformes,horseshoebay,-19.11187361111111,146.85320555555555
2025-10-16,Capricorn Coast,Emu Park,BLACKTIP REEF WHALER,Carcharhinus melanopterus,Deceased,Carcharhiniformes,emupark,-23.262438095238092,150.8322357142857
2025-10-16,Capricorn Coast,Emu Park,PIGEYE WHALER,Carcharhinus amboinensis,Deceased,Carcharhiniformes,emupark,-23.262438095238092,150.8322357142857
2025-10-16,Mackay,Bucasia Beach,LONG NOSE WHALER,Carcharhinus brevipinna,Deceased,Carcharhiniformes,bucasiabeach,-21.0204,149.16325277777779
2025-10-16,Mackay,Eimeo Beach,LONG NOSE WHALER,Carcharhinus brevipinna,Released Alive,Carcharhiniformes,eimeobeach,-21.030911111111113,149.18116666666666
2025-10-16,Mackay,Eimeo Beach,LONG NOSE WHALER,Carcharhinus brevipinna,Released Alive,Carcharhiniformes,eimeobeach,-21.030911111111113,149.18116666666666
2025-10-16,Mackay,Eimeo Beach,SHARPTOOTH SHARK,Negaprion acutidens,Deceased,Carcharhiniformes,eimeobeach,-21.030911111111113,149.18116666666666
2025-10-16,Mackay,Bucasia Beach,SPOT-TAIL WHALER,Carcharhinus sorrah,Deceased,Carcharhiniformes,bucasiabeach,-21.0204,149.16325277777779
2025-10-16,Mackay,Blacks Beach,SPOT-TAIL WHALER,Carcharhinus sorrah,Released Alive,Carcharhiniformes,blacksbeach,-21.045294444444444,149.19208333333333
2025-10-16,Townsville,Nelly Bay,BLACKTIP REEF WHALER,Carcharhinus melanopterus,Deceased,Carcharhiniformes,nellybay,-19.17364523809524,146.85039523809525
2025-10-16,Townsville,Palarenda Beach,PIGEYE WHALER,Carcharhinus amboinensis,Deceased,Carcharhiniformes,palarendabeach,-19.198694444444445,146.77763333333334
2025-10-16,Townsville,Florence Bay,SPOT-TAIL WHALER,Carcharhinus sorrah,Deceased,Carcharhiniformes,florencebay,-19.123693333333332,146.88541
2025-10-16,Townsville,Horseshoe Bay,SPOT-TAIL WHALER,Carcharhinus sorrah,Deceased,Carcharhiniformes,horseshoebay,-19.11187361111111,146.85320555555555
2025-10-17,Cairns,Clifton,TAWNY SHARK,Nebrius ferrugineus,Released Alive,Orectolobiformes,clifton,-16.759525,145.68219583333334
2025-10-17,Capricorn Coast,Farnborough Beach,CREEK WHALER,Carcharhinus fitzroyensis,Deceased,Carcharhiniformes,farnboroughbeach,-23.116036666666666,150.75383666666667
2025-10-17,Capricorn Coast,Tanby Point,PIGEYE WHALER,Carcharhinus amboinensis,Deceased,Carcharhiniformes,tanbypoint,-23.22792666666667,150.82419666666667
2025-10-17,Mackay,Eimeo Beach,LONG NOSE WHALER,Carcharhinus brevipinna,Deceased,Carcharhiniformes,eimeobeach,-21.030911111111113,149.18116666666666
2025-10-17,Mackay,Blacks Beach,LONG NOSE WHALER,Carcharhinus brevipinna,Deceased,Carcharhiniformes,blacksbeach,-21.045294444444444,149.19208333333333
2025-10-17,Mackay,Bucasia Beach,SHARPTOOTH SHARK,Negaprion acutidens,Released Alive,Carcharhiniformes,bucasiabeach,-21.0204,149.16325277777779
2025-10-17,Townsville,Radical Bay,COMMON BLACKTIP WHALER,Carcharhinus limbatus,Deceased,Carcharhiniformes,radicalbay,-19.108173333333333,146.87670666666668
2025-10-17,Townsville,Alma Bay,MILK SHARK,Rhizoprionodon acutus,Deceased,Carcharhiniformes,almabay,-19.149697222222223,146.87386944444447
2025-10-17,Townsville,Horseshoe Bay,PIGEYE WHALER,Carcharhinus amboinensis,Deceased,Carcharhiniformes,horseshoebay,-19.11187361111111,146.85320555555555
2025-10-17,Townsville,Radical Bay,PIGEYE WHALER,Carcharhinus amboinensis,Deceased,Carcharhiniformes,radicalbay,-19.108173333333333,146.87670666666668
2025-10-18,Capricorn Coast,Farnborough Beach,BULL WHALER,Carcharhinus leucas,Deceased,Carcharhiniformes,farnboroughbeach,-23.116036666666666,150.75383666666667
2025-10-18,Capricorn Coast,Lammermoor Beach,BULL WHALER,Carcharhinus leucas,Deceased,Carcharhiniformes,lammermoorbeach,-23.155048484848486,150.77348333333333
2025-10-18,Capricorn Coast,Cooee Bay,PIGEYE WHALER,Carcharhinus amboinensis,Released Alive,Carcharhiniformes,cooeebay,-23.139136666666666,150.76271333333335
2025-10-18,Capricorn Coast,Kemp Beach,TAWNY SHARK,Nebrius ferrugineus,Released Alive,Orectolobiformes,kempbeach,-23.1712,150.79471944444444
2025-10-18,Gladstone,Tannum Sands,PIGEYE WHALER,Carcharhinus amboinensis,Deceased,Carcharhiniformes,tannumsands,-23.939119444444444,151.3756861111111
2025-10-18,Mackay,Eimeo Beach,LONG NOSE WHALER,Carcharhinus brevipinna,Released Alive,Carcharhiniformes,eimeobeach,-21.030911111111113,149.18116666666666
2025-10-18,Townsville,Horseshoe Bay,BULL WHALER,Carcharhinus leucas,Deceased,Carcharhiniformes,horseshoebay,-19.11187361111111,146.85320555555555
2025-10-18,Townsville,Alma Bay,COMMON BLACKTIP WHALER,Carcharhinus limbatus,Deceased,Carcharhiniformes,almabay,-19.149697222222223,146.87386944444447
2025-10-18,Townsville,Palarenda Beach,PIGEYE WHALER,Carcharhinus amboinensis,Deceased,Carcharhiniformes,palarendabeach,-19.198694444444445,146.77763333333334
2025-10-18,Townsville,Nelly Bay,TAWNY SHARK,Nebrius ferrugineus,Released Alive,Orectolobiformes,nellybay,-19.17364523809524,146.85039523809525
2025-10-19,Mackay,Eimeo Beach,TAWNY SHARK,Nebrius ferrugineus,Released Alive,Orectolobiformes,eimeobeach,-21.030911111111113,149.18116666666666
2025-10-20,Gladstone,Tannum Sands,PIGEYE WHALER,Carcharhinus amboinensis,Deceased,Carcharhiniformes,tannumsands,-23.939119444444444,151.3756861111111
2025-10-20,Mackay,Blacks Beach,SPOT-TAIL WHALER,Carcharhinus sorrah,Deceased,Carcharhiniformes,blacksbeach,-21.045294444444444,149.19208333333333
2025-10-20,Mackay,Eimeo Beach,SPOT-TAIL WHALER,Carcharhinus sorrah,Deceased,Carcharhiniformes,eimeobeach,-21.030911111111113,149.18116666666666
2025-10-21,Mackay,Bucasia Beach,BULL WHALER,Carcharhinus leucas,Released Alive,Carcharhiniformes,bucasiabeach,-21.0204,149.16325277777779
2025-10-21,Mackay,Bucasia Beach,LONG NOSE WHALER,Carcharhinus brevipinna,Released Alive,Carcharhiniformes,bucasiabeach,-21.0204,149.16325277777779
2025-10-21,Mackay,Eimeo Beach,SPOT-TAIL WHALER,Carcharhinus sorrah,Deceased,Carcharhiniformes,eimeobeach,-21.030911111111113,149.18116666666666
2025-10-21,Mackay,Eimeo Beach,SPOT-TAIL WHALER,Carcharhinus sorrah,Deceased,Carcharhiniformes,eimeobeach,-21.030911111111113,149.18116666666666
2025-10-21,Mackay,Eimeo Beach,TAWNY SHARK,Nebrius ferrugineus,Released Alive,Orectolobiformes,eimeobeach,-21.030911111111113,149.18116666666666
2025-10-21,Townsville,Horseshoe Bay,SHARPTOOTH SHARK,Negaprion acutidens,Deceased,Carcharhiniformes,horseshoebay,-19.11187361111111,146.85320555555555
2025-10-22,Mackay,Bucasia Beach,BULL WHALER,Carcharhinus leucas,Deceased,Carcharhiniformes,bucasiabeach,-21.0204,149.16325277777779
2025-10-22,Mackay,Blacks Beach,LONG NOSE WHALER,Carcharhinus brevipinna,Deceased,Carcharhiniformes,blacksbeach,-21.045294444444444,149.19208333333333
2025-10-22,Mackay,Bucasia Beach,LONG NOSE WHALER,Carcharhinus brevipinna,Deceased,Carcharhiniformes,bucasiabeach,-21.0204,149.16325277777779
2025-10-22,Mackay,Bucasia Beach,LONG NOSE WHALER,Carcharhinus brevipinna,Deceased,Carcharhiniformes,bucasiabeach,-21.0204,149.16325277777779
2025-10-22,Mackay,Eimeo Beach,SPOT-TAIL WHALER,Carcharhinus sorrah,Released Alive,Carcharhiniformes,eimeobeach,-21.030911111111113,149.18116666666666
2025-10-22,Townsville,Alma Bay,BULL WHALER,Carcharhinus leucas,Released Alive,Carcharhiniformes,almabay,-19.149697222222223,146.87386944444447
2025-10-22,Townsville,Alma Bay,TAWNY SHARK,Nebrius ferrugineus,Released Alive,Orectolobiformes,almabay,-19.149697222222223,146.87386944444447
2025-10-23,Cairns,Palm Cove,SHARPTOOTH SHARK,Negaprion acutidens,Released Alive,Carcharhiniformes,palmcove,-16.744905555555555,145.6754
2025-10-23,Mackay,Blacks Beach,LONG NOSE WHALER,Carcharhinus brevipinna,Deceased,Carcharhiniformes,blacksbeach,-21.045294444444444,149.19208333333333
2025-10-23,Mackay,Blacks Beach,TAWNY SHARK,Nebrius ferrugineus,Released Alive,Orectolobiformes,blacksbeach,-21.045294444444444,149.19208333333333
2025-10-23,Townsville,Alma Bay,SPOT-TAIL WHALER,Carcharhinus sorrah,Deceased,Carcharhiniformes,almabay,-19.149697222222223,146.87386944444447
2025-10-23,Townsville,Horseshoe Bay,SPOT-TAIL WHALER,Carcharhinus sorrah,Deceased,Carcharhiniformes,horseshoebay,-19.11187361111111,146.85320555555555
2025-10-23,Townsville,Horseshoe Bay,SPOT-TAIL WHALER,Carcharhinus sorrah,Deceased,Carcharhiniformes,horseshoebay,-19.11187361111111,146.85320555555555
2025-10-24,Cairns,Ellis Beach,BULL WHALER,Carcharhinus leucas,Released Alive,Carcharhiniformes,ellisbeach,-16.72147142857143,145.65029761904762
2025-10-24,Cairns,Ellis Beach,SPOT-TAIL WHALER,Carcharhinus sorrah,Deceased,Carcharhiniformes,ellisbeach,-16.72147142857143,145.65029761904762
2025-10-24,Cairns,Palm Cove,SPOT-TAIL WHALER,Carcharhinus sorrah,Deceased,Carcharhiniformes,palmcove,-16.744905555555555,145.6754
2025-10-24,Cairns,Ellis Beach,TAWNY SHARK,Nebrius ferrugineus,Deceased,Orectolobiformes,ellisbeach,-16.72147142857143,145.65029761904762
2025-10-24,Cairns,Palm Cove,TIGER SHARK,Galeocerdo cuvier,Released Alive,Carcharhiniformes,palmcove,-16.744905555555555,145.6754
2025-10-24,Capricorn Coast,Emu Park,TAWNY SHARK,Nebrius ferrugineus,Released Alive,Orectolobiformes,emupark,-23.262438095238092,150.8322357142857
2025-10-24,Mackay,Bucasia Beach,LONG NOSE WHALER,Carcharhinus brevipinna,Released Alive,Carcharhiniformes,bucasiabeach,-21.0204,149.16325277777779
2025-10-24,Mackay,Eimeo Beach,LONG NOSE WHALER,Carcharhinus brevipinna,Deceased,Carcharhiniformes,eimeobeach,-21.030911111111113,149.18116666666666
2025-10-24,Mackay,Eimeo Beach,LONG NOSE WHALER,Carcharhinus brevipinna,Deceased,Carcharhiniformes,eimeobeach,-21.030911111111113,149.18116666666666
2025-10-24,Mackay,Bucasia Beach,SPOT-TAIL WHALER,Carcharhinus sorrah,Deceased,Carcharhiniformes,bucasiabeach,-21.0204,149.16325277777779
2025-10-24,Mackay,Eimeo Beach,SPOT-TAIL WHALER,Carcharhinus sorrah,Deceased,Carcharhiniformes,eimeobeach,-21.030911111111113,149.18116666666666
2025-10-24,Townsville,Alma Bay,SPOT-TAIL WHALER,Carcharhinus sorrah,Deceased,Carcharhiniformes,almabay,-19.149697222222223,146.87386944444447
2025-10-24,Townsville,Florence Bay,SPOT-TAIL WHALER,Carcharhinus sorrah,Deceased,Carcharhiniformes,florencebay,-19.123693333333332,146.88541
2025-10-24,Townsville,Horseshoe Bay,SPOT-TAIL WHALER,Carcharhinus sorrah,Deceased,Carcharhiniformes,horseshoebay,-19.11187361111111,146.85320555555555
2025-10-24,Townsville,Florence Bay,TIGER SHARK,Galeocerdo cuvier,Deceased,Carcharhiniformes,florencebay,-19.123693333333332,146.88541
2025-10-25,Capricorn Coast,Tanby Point,COMMON BLACKTIP WHALER,Carcharhinus limbatus,Deceased,Carcharhiniformes,tanbypoint,-23.22792666666667,150.82419666666667
2025-10-25,Capricorn Coast,Farnborough Beach,SPOT-TAIL WHALER,Carcharhinus sorrah,Deceased,Carcharhiniformes,farnboroughbeach,-23.116036666666666,150.75383666666667
2025-10-25,Mackay,Bucasia Beach,BULL WHALER,Carcharhinus leucas,Deceased,Carcharhiniformes,bucasiabeach,-21.0204,149.16325277777779
2025-10-25,Mackay,Eimeo Beach,LONG NOSE WHALER,Carcharhinus brevipinna,Deceased,Carcharhiniformes,eimeobeach,-21.030911111111113,149.18116666666666
2025-10-25,Mackay,Blacks Beach,SPOT-TAIL WHALER,Carcharhinus sorrah,Deceased,Carcharhiniformes,blacksbeach,-21.045294444444444,149.19208333333333
2025-10-25,Mackay,Blacks Beach,SPOT-TAIL WHALER,Carcharhinus sorrah,Released Alive,Carcharhiniformes,blacksbeach,-21.045294444444444,149.19208333333333
2025-10-25,Mackay,Blacks Beach,SPOT-TAIL WHALER,Carcharhinus sorrah,Deceased,Carcharhiniformes,blacksbeach,-21.045294444444444,149.19208333333333
2025-10-25,Townsville,Horseshoe Bay,COMMON BLACKTIP WHALER,Carcharhinus limbatus,Deceased,Carcharhiniformes,horseshoebay,-19.11187361111111,146.85320555555555
2025-10-25,Townsville,Florence Bay,SPOT-TAIL WHALER,Carcharhinus sorrah,Deceased,Carcharhiniformes,florencebay,-19.123693333333332,146.88541
2025-10-25,Townsville,Palarenda Beach,TAWNY SHARK,Nebrius ferrugineus,Released Alive,Orectolobiformes,palarendabeach,-19.198694444444445,146.77763333333334
2025-10-26,Capricorn Coast,Fishermans Beach,SPOT-TAIL WHALER,Carcharhinus sorrah,Released Alive,Carcharhiniformes,fishermansbeach,-23.243136666666665,150.82846999999998
2025-10-26,Gladstone,Tannum Sands,PIGEYE WHALER,Carcharhinus amboinensis,Deceased,Carcharhiniformes,tannumsands,-23.939119444444444,151.3756861111111
2025-10-26,Gladstone,Tannum Sands,ZEBRA SHARK,Stegostoma tigrinum,Released Alive,Orectolobiformes,tannumsands,-23.939119444444444,151.3756861111111
2025-10-26,Mackay,Bucasia Beach,SPOT-TAIL WHALER,Carcharhinus sorrah,Released Alive,Carcharhiniformes,bucasiabeach,-21.0204,149.16325277777779
2025-10-27,Capricorn Coast,Cooee Bay,SHARPTOOTH SHARK,Negaprion acutidens,Deceased,Carcharhiniformes,cooeebay,-23.139136666666666,150.76271333333335
2025-10-27,Capricorn Coast,Cooee Bay,SHARPTOOTH SHARK,Negaprion acutidens,Deceased,Carcharhiniformes,cooeebay,-23.139136666666666,150.76271333333335
2025-10-27,Capricorn Coast,Yeppoon Beach,SHARPTOOTH SHARK,Negaprion acutidens,Deceased,Carcharhiniformes,yeppoonbeach,-23.128226666666666,150.75462666666667
2025-10-27,Capricorn Coast,Fishermans Beach,TIGER SHARK,Galeocerdo cuvier,Deceased,Carcharhiniformes,fishermansbeach,-23.243136666666665,150.82846999999998
2025-10-27,Mackay,Bucasia Beach,CREEK WHALER,Carcharhinus fitzroyensis,Deceased,Carcharhiniformes,bucasiabeach,-21.0204,149.16325277777779
2025-10-27,Mackay,Eimeo Beach,CREEK WHALER,Carcharhinus fitzroyensis,Deceased,Carcharhiniformes,eimeobeach,-21.030911111111113,149.18116666666666
2025-10-27,Mackay,Eimeo Beach,LONG NOSE WHALER,Carcharhinus brevipinna,Deceased,Carcharhiniformes,eimeobeach,-21.030911111111113,149.18116666666666
2025-10-27,Mackay,Bucasia Beach,SPOT-TAIL WHALER,Carcharhinus sorrah,Deceased,Carcharhiniformes,bucasiabeach,-21.0204,149.16325277777779
2025-10-28,Cairns,Palm Cove,SPOT-TAIL WHALER,Carcharhinus sorrah,Deceased,Carcharhiniformes,palmcove,-16.744905555555555,145.6754
2025-10-28,Cairns,Clifton,SPOT-TAIL WHALER,Carcharhinus sorrah,Deceased,Carcharhiniformes,clifton,-16.759525,145.68219583333334
2025-10-28,Mackay,Blacks Beach,AUST SHARPNOSE SHARK,Rhizoprionodon taylori,Deceased,Carcharhiniformes,blacksbeach,-21.045294444444444,149.19208333333333
2025-10-28,Mackay,Blacks Beach,AUSTRALIAN BLACKTIP,Carcharhinus tilstoni,Released Alive,Carcharhiniformes,blacksbeach,-21.045294444444444,149.19208333333333
2025-10-28,Mackay,Eimeo Beach,SHARPTOOTH SHARK,Negaprion acutidens,Deceased,Carcharhiniformes,eimeobeach,-21.030911111111113,149.18116666666666
2025-10-28,Mackay,Eimeo Beach,TAWNY SHARK,Nebrius ferrugineus,Euthanised,Orectolobiformes,eimeobeach,-21.030911111111113,149.18116666666666
2025-10-29,Cairns,Palm Cove,SPOT-TAIL WHALER,Carcharhinus sorrah,Deceased,Carcharhiniformes,palmcove,-16.744905555555555,145.6754
2025-10-29,Mackay,Blacks Beach,CREEK WHALER,Carcharhinus fitzroyensis,Deceased,Carcharhiniformes,blacksbeach,-21.045294444444444,149.19208333333333
2025-10-29,Mackay,Eimeo Beach,SPOT-TAIL WHALER,Carcharhinus sorrah,Deceased,Carcharhiniformes,eimeobeach,-21.030911111111113,149.18116666666666
2025-10-29,Townsville,Florence Bay,SPOT-TAIL WHALER,Carcharhinus sorrah,Deceased,Carcharhiniformes,florencebay,-19.123693333333332,146.88541
2025-10-30,Mackay,Bucasia Beach,AUSTRALIAN BLACKTIP,Carcharhinus tilstoni,Deceased,Carcharhiniformes,bucasiabeach,-21.0204,149.16325277777779
2025-10-30,Townsville,Picnic Bay,COMMON BLACKTIP WHALER,Carcharhinus limbatus,Deceased,Carcharhiniformes,picnicbay,-19.182850000000002,146.84146666666666
2025-10-31,Cairns,Palm Cove,TAWNY SHARK,Nebrius ferrugineus,Released Alive,Orectolobiformes,palmcove,-16.744905555555555,145.6754
2025-10-31,Cairns,Palm Cove,TAWNY SHARK,Nebrius ferrugineus,Released Alive,Orectolobiformes,palmcove,-16.744905555555555,145.6754
2025-10-31,Capricorn Coast,Emu Park,COMMON BLACKTIP WHALER,Carcharhinus limbatus,Deceased,Carcharhiniformes,emupark,-23.262438095238092,150.8322357142857
2025-10-31,Capricorn Coast,Farnborough Beach,COMMON BLACKTIP WHALER,Carcharhinus limbatus,Deceased,Carcharhiniformes,farnboroughbeach,-23.116036666666666,150.75383666666667
2025-10-31,Capricorn Coast,Kemp Beach,TAWNY SHARK,Nebrius ferrugineus,Released Alive,Orectolobiformes,kempbeach,-23.1712,150.79471944444444
2025-10-31,Capricorn Coast,Farnborough Beach,TIGER SHARK,Galeocerdo cuvier,Deceased,Carcharhiniformes,farnboroughbeach,-23.116036666666666,150.75383666666667
2025-10-31,Mackay,Blacks Beach,LONG NOSE WHALER,Carcharhinus brevipinna,Deceased,Carcharhiniformes,blacksbeach,-21.045294444444444,149.19208333333333
2025-10-31,Mackay,Blacks Beach,LONG NOSE WHALER,Carcharhinus brevipinna,Deceased,Carcharhiniformes,blacksbeach,-21.045294444444444,149.19208333333333
2025-10-31,Mackay,Bucasia Beach,LONG NOSE WHALER,Carcharhinus brevipinna,Deceased,Carcharhiniformes,bucasiabeach,-21.0204,149.16325277777779
2025-10-31,Mackay,Eimeo Beach,SPOT-TAIL WHALER,Carcharhinus sorrah,Deceased,Carcharhiniformes,eimeobeach,-21.030911111111113,149.18116666666666
2025-10-31,Townsville,Florence Bay,BULL WHALER,Carcharhinus leucas,Deceased,Carcharhiniformes,florencebay,-19.123693333333332,146.88541
2025-10-31,Townsville,Horseshoe Bay,SPOT-TAIL WHALER,Carcharhinus sorrah,Deceased,Carcharhiniformes,horseshoebay,-19.11187361111111,146.85320555555555
2025-11-01,Cairns,Clifton,COMMON BLACKTIP WHALER,Carcharhinus limbatus,Deceased,Carcharhiniformes,clifton,-16.759525,145.68219583333334
2025-11-01,Cairns,Clifton,SPOT-TAIL WHALER,Carcharhinus sorrah,Deceased,Carcharhiniformes,clifton,-16.759525,145.68219583333334
2025-11-01,Capricorn Coast,Emu Park,BULL WHALER,Carcharhinus leucas,Deceased,Carcharhiniformes,emupark,-23.262438095238092,150.8322357142857
2025-11-01,Capricorn Coast,Fishermans Beach,TAWNY SHARK,Nebrius ferrugineus,Released Alive,Orectolobiformes,fishermansbeach,-23.243136666666665,150.82846999999998
2025-11-01,Capricorn Coast,Tanby Point,TIGER SHARK,Galeocerdo cuvier,Deceased,Carcharhiniformes,tanbypoint,-23.22792666666667,150.82419666666667
2025-11-01,Gladstone,Tannum Sands,PIGEYE WHALER,Carcharhinus amboinensis,Deceased,Carcharhiniformes,tannumsands,-23.939119444444444,151.3756861111111
2025-11-01,Mackay,Blacks Beach,COMMON BLACKTIP WHALER,Carcharhinus limbatus,Deceased,Carcharhiniformes,blacksbeach,-21.045294444444444,149.19208333333333
2025-11-01,Mackay,Bucasia Beach,LONG NOSE WHALER,Carcharhinus brevipinna,Deceased,Carcharhiniformes,bucasiabeach,-21.0204,149.16325277777779
2025-11-01,Mackay,Eimeo Beach,LONG NOSE WHALER,Carcharhinus brevipinna,Released Alive,Carcharhiniformes,eimeobeach,-21.030911111111113,149.18116666666666
2025-11-01,Townsville,Alma Bay,PIGEYE WHALER,Carcharhinus amboinensis,Deceased,Carcharhiniformes,almabay,-19.149697222222223,146.87386944444447
2025-11-01,Townsville,Alma Bay,SPOT-TAIL WHALER,Carcharhinus sorrah,Deceased,Carcharhiniformes,almabay,-19.149697222222223,146.87386944444447
2025-11-01,Townsville,Horseshoe Bay,SPOT-TAIL WHALER,Carcharhinus sorrah,Deceased,Carcharhiniformes,horseshoebay,-19.11187361111111,146.85320555555555
2025-11-02,Capricorn Coast,Fishermans Beach,BULL WHALER,Carcharhinus leucas,Deceased,Carcharhiniformes,fishermansbeach,-23.243136666666665,150.82846999999998
2025-11-02,Capricorn Coast,Tanby Point,PIGEYE WHALER,Carcharhinus amboinensis,Deceased,Carcharhiniformes,tanbypoint,-23.22792666666667,150.82419666666667
2025-11-02,Mackay,Eimeo Beach,LONG NOSE WHALER,Carcharhinus brevipinna,Deceased,Carcharhiniformes,eimeobeach,-21.030911111111113,149.18116666666666
2025-11-03,Capricorn Coast,Kemp Beach,TAWNY SHARK,Nebrius ferrugineus,Released Alive,Orectolobiformes,kempbeach,-23.1712,150.79471944444444
2025-11-03,Gladstone,Tannum Sands,WINGHEAD SHARK,Eusphyra blochii,Deceased,Carcharhiniformes,tannumsands,-23.939119444444444,151.3756861111111
2025-11-03,Mackay,Blacks Beach,CREEK WHALER,Carcharhinus fitzroyensis,Deceased,Carcharhiniformes,blacksbeach,-21.045294444444444,149.19208333333333
2025-11-03,Mackay,Blacks Beach,LONG NOSE WHALER,Carcharhinus brevipinna,Released Alive,Carcharhiniformes,blacksbeach,-21.045294444444444,149.19208333333333
2025-11-03,Mackay,Bucasia Beach,SCALLOPED HAMMERHEAD,Sphyrna lewini,Deceased,Carcharhiniformes,bucasiabeach,-21.0204,149.16325277777779
2025-11-04,Cairns,Palm Cove,TIGER SHARK,Galeocerdo cuvier,Released Alive,Carcharhiniformes,palmcove,-16.744905555555555,145.6754
2025-11-04,Capricorn Coast,Tanby Point,BULL WHALER,Carcharhinus leucas,Released Alive,Carcharhiniformes,tanbypoint,-23.22792666666667,150.82419666666667
2025-11-04,Capricorn Coast,Emu Park,LONG NOSE WHALER,Carcharhinus brevipinna,Deceased,Carcharhiniformes,emupark,-23.262438095238092,150.8322357142857
2025-11-04,Capricorn Coast,Farnborough Beach,SPOT-TAIL WHALER,Carcharhinus sorrah,Deceased,Carcharhiniformes,farnboroughbeach,-23.116036666666666,150.75383666666667
2025-11-04,Mackay,Eimeo Beach,LONG NOSE WHALER,Carcharhinus brevipinna,Released Alive,Carcharhiniformes,eimeobeach,-21.030911111111113,149.18116666666666
2025-11-05,Cairns,Ellis Beach,TAWNY SHARK,Nebrius ferrugineus,Released Alive,Orectolobiformes,ellisbeach,-16.72147142857143,145.65029761904762
2025-11-05,Capricorn Coast,Tanby Point,BULL WHALER,Carcharhinus leucas,Released Alive,Carcharhiniformes,tanbypoint,-23.22792666666667,150.82419666666667
2025-11-05,Capricorn Coast,Fishermans Beach,GREAT HAMMERHEAD,Sphyrna mokarran,Deceased,Carcharhiniformes,fishermansbeach,-23.243136666666665,150.82846999999998
2025-11-05,Capricorn Coast,Farnborough Beach,LONG NOSE WHALER,Carcharhinus brevipinna,Deceased,Carcharhiniformes,farnboroughbeach,-23.116036666666666,150.75383666666667
2025-11-05,Capricorn Coast,Kemp Beach,LONG NOSE WHALER,Carcharhinus brevipinna,Deceased,Carcharhiniformes,kempbeach,-23.1712,150.79471944444444
2025-11-05,Mackay,Bucasia Beach,LONG NOSE WHALER,Carcharhinus brevipinna,Released Alive,Carcharhiniformes,bucasiabeach,-21.0204,149.16325277777779
2025-11-05,Mackay,Eimeo Beach,SPOT-TAIL WHALER,Carcharhinus sorrah,Deceased,Carcharhiniformes,eimeobeach,-21.030911111111113,149.18116666666666
2025-11-06,Cairns,Ellis Beach,SPOT-TAIL WHALER,Carcharhinus sorrah,Deceased,Carcharhiniformes,ellisbeach,-16.72147142857143,145.65029761904762
2025-11-06,Capricorn Coast,Emu Park,BLACKTIP REEF WHALER,Carcharhinus melanopterus,Deceased,Carcharhiniformes,emupark,-23.262438095238092,150.8322357142857
2025-11-06,Capricorn Coast,Emu Park,BLACKTIP REEF WHALER,Carcharhinus melanopterus,Deceased,Carcharhiniformes,emupark,-23.262438095238092,150.8322357142857
2025-11-06,Capricorn Coast,Lammermoor Beach,GREAT HAMMERHEAD,Sphyrna mokarran,Deceased,Carcharhiniformes,lammermoorbeach,-23.155048484848486,150.77348333333333
2025-11-06,Capricorn Coast,Mullambin Beach,TAWNY SHARK,Nebrius ferrugineus,Deceased,Orectolobiformes,mullambinbeach,-23.18919,150.79873
2025-11-06,Mackay,Bucasia Beach,BULL WHALER,Carcharhinus leucas,Deceased,Carcharhiniformes,bucasiabeach,-21.0204,149.16325277777779
2025-11-06,Mackay,Bucasia Beach,LONG NOSE WHALER,Carcharhinus brevipinna,Deceased,Carcharhiniformes,bucasiabeach,-21.0204,149.16325277777779
2025-11-06,Mackay,Eimeo Beach,LONG NOSE WHALER,Carcharhinus brevipinna,Deceased,Carcharhiniformes,eimeobeach,-21.030911111111113,149.18116666666666
2025-11-06,Mackay,Bucasia Beach,SPOT-TAIL WHALER,Carcharhinus sorrah,Deceased,Carcharhiniformes,bucasiabeach,-21.0204,149.16325277777779
2025-11-06,Townsville,Florence Bay,SPOT-TAIL WHALER,Carcharhinus sorrah,Deceased,Carcharhiniformes,florencebay,-19.123693333333332,146.88541
2025-11-06,Townsville,Horseshoe Bay,SPOT-TAIL WHALER,Carcharhinus sorrah,Deceased,Carcharhiniformes,horseshoebay,-19.11187361111111,146.85320555555555
2025-11-06,Townsville,Nelly Bay,SPOT-TAIL WHALER,Carcharhinus sorrah,Deceased,Carcharhiniformes,nellybay,-19.17364523809524,146.85039523809525
2025-11-07,Cairns,Ellis Beach,SPOT-TAIL WHALER,Carcharhinus sorrah,Deceased,Carcharhiniformes,ellisbeach,-16.72147142857143,145.65029761904762
2025-11-07,Cairns,Ellis Beach,SPOT-TAIL WHALER,Carcharhinus sorrah,Deceased,Carcharhiniformes,ellisbeach,-16.72147142857143,145.65029761904762
2025-11-07,Capricorn Coast,Cooee Bay,LONG NOSE WHALER,Carcharhinus brevipinna,Deceased,Carcharhiniformes,cooeebay,-23.139136666666666,150.76271333333335
2025-11-07,Capricorn Coast,Emu Park,LONG NOSE WHALER,Carcharhinus brevipinna,Deceased,Carcharhiniformes,emupark,-23.262438095238092,150.8322357142857
2025-11-07,Capricorn Coast,Lammermoor Beach,LONG NOSE WHALER,Carcharhinus brevipinna,Deceased,Carcharhiniformes,lammermoorbeach,-23.155048484848486,150.77348333333333
2025-11-07,Mackay,Bucasia Beach,BULL WHALER,Carcharhinus leucas,Deceased,Carcharhiniformes,bucasiabeach,-21.0204,149.16325277777779
2025-11-07,Mackay,Blacks Beach,COMMON BLACKTIP WHALER,Carcharhinus limbatus,Deceased,Carcharhiniformes,blacksbeach,-21.045294444444444,149.19208333333333
2025-11-07,Mackay,Blacks Beach,LONG NOSE WHALER,Carcharhinus brevipinna,Deceased,Carcharhiniformes,blacksbeach,-21.045294444444444,149.19208333333333
2025-11-07,Mackay,Eimeo Beach,LONG NOSE WHALER,Carcharhinus brevipinna,Released Alive,Carcharhiniformes,eimeobeach,-21.030911111111113,149.18116666666666
2025-11-07,Mackay,Eimeo Beach,SPOT-TAIL WHALER,Carcharhinus sorrah,Deceased,Carcharhiniformes,eimeobeach,-21.030911111111113,149.18116666666666
2025-11-07,Mackay,Bucasia Beach,TIGER SHARK,Galeocerdo cuvier,Released Alive,Carcharhiniformes,bucasiabeach,-21.0204,149.16325277777779
2025-11-07,Townsville,Alma Bay,COMMON BLACKTIP WHALER,Carcharhinus limbatus,Deceased,Carcharhiniformes,almabay,-19.149697222222223,146.87386944444447
2025-11-07,Townsville,Picnic Bay,SHARPTOOTH SHARK,Negaprion acutidens,Released Alive,Carcharhiniformes,picnicbay,-19.182850000000002,146.84146666666666
2025-11-07,Townsville,Nelly Bay,SPOT-TAIL WHALER,Carcharhinus sorrah,Deceased,Carcharhiniformes,nellybay,-19.17364523809524,146.85039523809525
2025-11-08,Gladstone,Tannum Sands,TIGER SHARK,Galeocerdo cuvier,Deceased,Carcharhiniformes,tannumsands,-23.939119444444444,151.3756861111111
2025-11-08,Mackay,Bucasia Beach,CREEK WHALER,Carcharhinus fitzroyensis,Deceased,Carcharhiniformes,bucasiabeach,-21.0204,149.16325277777779
2025-11-08,Mackay,Blacks Beach,LONG NOSE WHALER,Carcharhinus brevipinna,Deceased,Carcharhiniformes,blacksbeach,-21.045294444444444,149.19208333333333
2025-11-08,Mackay,Eimeo Beach,LONG NOSE WHALER,Carcharhinus brevipinna,Deceased,Carcharhiniformes,eimeobeach,-21.030911111111113,149.18116666666666
2025-11-08,Mackay,Eimeo Beach,SHARPTOOTH SHARK,Negaprion acutidens,Deceased,Carcharhiniformes,eimeobeach,-21.030911111111113,149.18116666666666
2025-11-08,Townsville,Radical Bay,TAWNY SHARK,Nebrius ferrugineus,Released Alive,Orectolobiformes,radicalbay,-19.108173333333333,146.87670666666668
2025-11-09,Capricorn Coast,Fishermans Beach,TAWNY SHARK,Nebrius ferrugineus,Released Alive,Orectolobiformes,fishermansbeach,-23.243136666666665,150.82846999999998
2025-11-09,Capricorn Coast,Yeppoon Beach,TAWNY SHARK,Nebrius ferrugineus,Released Alive,Orectolobiformes,yeppoonbeach,-23.128226666666666,150.75462666666667
2025-11-09,Gladstone,Tannum Sands,LONG NOSE WHALER,Carcharhinus brevipinna,Deceased,Carcharhiniformes,tannumsands,-23.939119444444444,151.3756861111111
2025-11-09,Mackay,Blacks Beach,LONG NOSE WHALER,Carcharhinus brevipinna,Deceased,Carcharhiniformes,blacksbeach,-21.045294444444444,149.19208333333333
2025-11-09,Mackay,Blacks Beach,LONG NOSE WHALER,Carcharhinus brevipinna,Deceased,Carcharhiniformes,blacksbeach,-21.045294444444444,149.19208333333333
2025-11-09,Mackay,Blacks Beach,SPOT-TAIL WHALER,Carcharhinus sorrah,Deceased,Carcharhiniformes,blacksbeach,-21.045294444444444,149.19208333333333
2025-11-09,Mackay,Eimeo Beach,SPOT-TAIL WHALER,Carcharhinus sorrah,Deceased,Carcharhiniformes,eimeobeach,-21.030911111111113,149.18116666666666
2025-11-09,Mackay,Eimeo Beach,SPOT-TAIL WHALER,Carcharhinus sorrah,Deceased,Carcharhiniformes,eimeobeach,-21.030911111111113,149.18116666666666
2025-11-09,Mackay,Bucasia Beach,TAWNY SHARK,Nebrius ferrugineus,Released Alive,Orectolobiformes,bucasiabeach,-21.0204,149.16325277777779
2025-11-10,Capricorn Coast,Yeppoon Beach,LONG NOSE WHALER,Carcharhinus brevipinna,Deceased,Carcharhiniformes,yeppoonbeach,-23.128226666666666,150.75462666666667
2025-11-10,Capricorn Coast,Yeppoon Beach,LONG NOSE WHALER,Carcharhinus brevipinna,Deceased,Carcharhiniformes,yeppoonbeach,-23.128226666666666,150.75462666666667
2025-11-10,Mackay,Bucasia Beach,LONG NOSE WHALER,Carcharhinus brevipinna,Deceased,Carcharhiniformes,bucasiabeach,-21.0204,149.16325277777779
2025-11-10,Mackay,Bucasia Beach,LONG NOSE WHALER,Carcharhinus brevipinna,Deceased,Carcharhiniformes,bucasiabeach,-21.0204,149.16325277777779
2025-11-10,Townsville,Horseshoe Bay,SHARPTOOTH SHARK,Negaprion acutidens,Deceased,Carcharhiniformes,horseshoebay,-19.11187361111111,146.85320555555555
2025-11-11,Cairns,Ellis Beach,TIGER SHARK,Galeocerdo cuvier,Released Alive,Carcharhiniformes,ellisbeach,-16.72147142857143,145.65029761904762
2025-11-11,Capricorn Coast,Lammermoor Beach,COMMON BLACKTIP WHALER,Carcharhinus limbatus,Deceased,Carcharhiniformes,lammermoorbeach,-23.155048484848486,150.77348333333333
2025-11-11,Capricorn Coast,Mullambin Beach,LONG NOSE WHALER,Carcharhinus brevipinna,Deceased,Carcharhiniformes,mullambinbeach,-23.18919,150.79873
2025-11-11,Capricorn Coast,Cooee Bay,SHARPTOOTH SHARK,Negaprion acutidens,Released Alive,Carcharhiniformes,cooeebay,-23.139136666666666,150.76271333333335
2025-11-11,Capricorn Coast,Farnborough Beach,SPOT-TAIL WHALER,Carcharhinus sorrah,Deceased,Carcharhiniformes,farnboroughbeach,-23.116036666666666,150.75383666666667
2025-11-11,Mackay,Bucasia Beach,LONG NOSE WHALER,Carcharhinus brevipinna,Deceased,Carcharhiniformes,bucasiabeach,-21.0204,149.16325277777779
2025-11-11,Mackay,Eimeo Beach,SPOT-TAIL WHALER,Carcharhinus sorrah,Deceased,Carcharhiniformes,eimeobeach,-21.030911111111113,149.18116666666666
2025-11-11,Mackay,Blacks Beach,TAWNY SHARK,Nebrius ferrugineus,Released Alive,Orectolobiformes,blacksbeach,-21.045294444444444,149.19208333333333
2025-11-11,Mackay,Eimeo Beach,TIGER SHARK,Galeocerdo cuvier,Released Alive,Carcharhiniformes,eimeobeach,-21.030911111111113,149.18116666666666
2025-11-11,Townsville,Florence Bay,COMMON BLACKTIP WHALER,Carcharhinus limbatus,Deceased,Carcharhiniformes,florencebay,-19.123693333333332,146.88541
2025-11-11,Townsville,Florence Bay,SPOT-TAIL WHALER,Carcharhinus sorrah,Deceased,Carcharhiniformes,florencebay,-19.123693333333332,146.88541
2025-11-12,Capricorn Coast,Yeppoon Beach,LONG NOSE WHALER,Carcharhinus brevipinna,Deceased,Carcharhiniformes,yeppoonbeach,-23.128226666666666,150.75462666666667
2025-11-12,Mackay,Blacks Beach,LONG NOSE WHALER,Carcharhinus brevipinna,Deceased,Carcharhiniformes,blacksbeach,-21.045294444444444,149.19208333333333
2025-11-12,Mackay,Blacks Beach,LONG NOSE WHALER,Carcharhinus brevipinna,Deceased,Carcharhiniformes,blacksbeach,-21.045294444444444,149.19208333333333
2025-11-12,Mackay,Eimeo Beach,LONG NOSE WHALER,Carcharhinus brevipinna,Released Alive,Carcharhiniformes,eimeobeach,-21.030911111111113,149.18116666666666
2025-11-12,Mackay,Eimeo Beach,SPOT-TAIL WHALER,Carcharhinus sorrah,Deceased,Carcharhiniformes,eimeobeach,-21.030911111111113,149.18116666666666
2025-11-12,Mackay,Eimeo Beach,SPOT-TAIL WHALER,Carcharhinus sorrah,Deceased,Carcharhiniformes,eimeobeach,-21.030911111111113,149.18116666666666
2025-11-12,Mackay,Eimeo Beach,TAWNY SHARK,Nebrius ferrugineus,Released Alive,Orectolobiformes,eimeobeach,-21.030911111111113,149.18116666666666
2025-11-12,Townsville,Alma Bay,BULL WHALER,Carcharhinus leucas,Deceased,Carcharhiniformes,almabay,-19.149697222222223,146.87386944444447
2025-11-12,Townsville,Alma Bay,COMMON BLACKTIP WHALER,Carcharhinus limbatus,Deceased,Carcharhiniformes,almabay,-19.149697222222223,146.87386944444447
2025-11-12,Townsville,Florence Bay,COMMON BLACKTIP WHALER,Carcharhinus limbatus,Deceased,Carcharhiniformes,florencebay,-19.123693333333332,146.88541
2025-11-12,Townsville,Horseshoe Bay,GREAT HAMMERHEAD,Sphyrna mokarran,Deceased,Carcharhiniformes,horseshoebay,-19.11187361111111,146.85320555555555
2025-11-13,Cairns,Ellis Beach,SPOT-TAIL WHALER,Carcharhinus sorrah,Deceased,Carcharhiniformes,ellisbeach,-16.72147142857143,145.65029761904762
2025-11-13,Capricorn Coast,Cooee Bay,BLACKTIP REEF WHALER,Carcharhinus melanopterus,Deceased,Carcharhiniformes,cooeebay,-23.139136666666666,150.76271333333335
2025-11-13,Capricorn Coast,Farnborough Beach,BLACKTIP REEF WHALER,Carcharhinus melanopterus,Deceased,Carcharhiniformes,farnboroughbeach,-23.116036666666666,150.75383666666667
2025-11-13,Capricorn Coast,Fishermans Beach,BLACKTIP REEF WHALER,Carcharhinus melanopterus,Deceased,Carcharhiniformes,fishermansbeach,-23.243136666666665,150.82846999999998
2025-11-13,Capricorn Coast,Kemp Beach,BLACKTIP REEF WHALER,Carcharhinus melanopterus,Deceased,Carcharhiniformes,kempbeach,-23.1712,150.79471944444444
2025-11-13,Capricorn Coast,Tanby Point,TAWNY SHARK,Nebrius ferrugineus,Released Alive,Orectolobiformes,tanbypoint,-23.22792666666667,150.82419666666667
2025-11-13,Mackay,Blacks Beach,LONG NOSE WHALER,Carcharhinus brevipinna,Deceased,Carcharhiniformes,blacksbeach,-21.045294444444444,149.19208333333333
2025-11-13,Mackay,Eimeo Beach,SPOT-TAIL WHALER,Carcharhinus sorrah,Deceased,Carcharhiniformes,eimeobeach,-21.030911111111113,149.18116666666666
2025-11-13,Mackay,Eimeo Beach,TIGER SHARK,Galeocerdo cuvier,Deceased,Carcharhiniformes,eimeobeach,-21.030911111111113,149.18116666666666
2025-11-13,Townsville,Palarenda Beach,PIGEYE WHALER,Carcharhinus amboinensis,Deceased,Carcharhiniformes,palarendabeach,-19.198694444444445,146.77763333333334
2025-11-13,Townsville,Horseshoe Bay,SPOT-TAIL WHALER,Carcharhinus sorrah,Deceased,Carcharhiniformes,horseshoebay,-19.11187361111111,146.85320555555555
2025-11-13,Townsville,Palarenda Beach,TIGER SHARK,Galeocerdo cuvier,Deceased,Carcharhiniformes,palarendabeach,-19.198694444444445,146.77763333333334
2025-11-14,Cairns,Ellis Beach,SPOT-TAIL WHALER,Carcharhinus sorrah,Deceased,Carcharhiniformes,ellisbeach,-16.72147142857143,145.65029761904762
2025-11-14,Cairns,Ellis Beach,SPOT-TAIL WHALER,Carcharhinus sorrah,Deceased,Carcharhiniformes,ellisbeach,-16.72147142857143,145.65029761904762
2025-11-14,Capricorn Coast,Emu Park,BLACKTIP REEF WHALER,Carcharhinus melanopterus,Deceased,Carcharhiniformes,emupark,-23.262438095238092,150.8322357142857
2025-11-14,Capricorn Coast,Lammermoor Beach,BLACKTIP REEF WHALER,Carcharhinus melanopterus,Deceased,Carcharhiniformes,lammermoorbeach,-23.155048484848486,150.77348333333333
2025-11-14,Capricorn Coast,Tanby Point,TIGER SHARK,Galeocerdo cuvier,Released Alive,Carcharhiniformes,tanbypoint,-23.22792666666667,150.82419666666667
2025-11-14,Gladstone,Tannum Sands,SPOT-TAIL WHALER,Carcharhinus sorrah,Deceased,Carcharhiniformes,tannumsands,-23.939119444444444,151.3756861111111
2025-11-14,Mackay,Blacks Beach,LONG NOSE WHALER,Carcharhinus brevipinna,Released Alive,Carcharhiniformes,blacksbeach,-21.045294444444444,149.19208333333333
2025-11-14,Mackay,Blacks Beach,SPOT-TAIL WHALER,Carcharhinus sorrah,Deceased,Carcharhiniformes,blacksbeach,-21.045294444444444,149.19208333333333
2025-11-14,Mackay,Eimeo Beach,SPOT-TAIL WHALER,Carcharhinus sorrah,Deceased,Carcharhiniformes,eimeobeach,-21.030911111111113,149.18116666666666
2025-11-14,Mackay,Bucasia Beach,TAWNY SHARK,Nebrius ferrugineus,Released Alive,Orectolobiformes,bucasiabeach,-21.0204,149.16325277777779
2025-11-14,Townsville,Florence Bay,BULL WHALER,Carcharhinus leucas,Deceased,Carcharhiniformes,florencebay,-19.123693333333332,146.88541
2025-11-14,Townsville,Alma Bay,COMMON BLACKTIP WHALER,Carcharhinus limbatus,Deceased,Carcharhiniformes,almabay,-19.149697222222223,146.87386944444447
2025-11-14,Townsville,Florence Bay,PIGEYE WHALER,Carcharhinus amboinensis,Deceased,Carcharhiniformes,florencebay,-19.123693333333332,146.88541
2025-11-14,Townsville,Horseshoe Bay,SHARPTOOTH SHARK,Negaprion acutidens,Deceased,Carcharhiniformes,horseshoebay,-19.11187361111111,146.85320555555555
2025-11-14,Townsville,Horseshoe Bay,SPOT-TAIL WHALER,Carcharhinus sorrah,Deceased,Carcharhiniformes,horseshoebay,-19.11187361111111,146.85320555555555
2025-11-15,Cairns,Palm Cove,SPOT-TAIL WHALER,Carcharhinus sorrah,Deceased,Carcharhiniformes,palmcove,-16.744905555555555,145.6754
2025-11-15,Cairns,Trinity,SPOT-TAIL WHALER,Carcharhinus sorrah,Deceased,Carcharhiniformes,trinity,-16.777091666666667,145.7011611111111
2025-11-15,Cairns,Palm Cove,TIGER SHARK,Galeocerdo cuvier,Released Alive,Carcharhiniformes,palmcove,-16.744905555555555,145.6754
2025-11-15,Capricorn Coast,Emu Park,LONG NOSE WHALER,Carcharhinus brevipinna,Released Alive,Carcharhiniformes,emupark,-23.262438095238092,150.8322357142857
2025-11-15,Mackay,Bucasia Beach,CREEK WHALER,Carcharhinus fitzroyensis,Deceased,Carcharhiniformes,bucasiabeach,-21.0204,149.16325277777779
2025-11-15,Mackay,Blacks Beach,LONG NOSE WHALER,Carcharhinus brevipinna,Deceased,Carcharhiniformes,blacksbeach,-21.045294444444444,149.19208333333333
2025-11-15,Mackay,Blacks Beach,LONG NOSE WHALER,Carcharhinus brevipinna,Deceased,Carcharhiniformes,blacksbeach,-21.045294444444444,149.19208333333333
2025-11-15,Townsville,Florence Bay,SPOT-TAIL WHALER,Carcharhinus sorrah,Deceased,Carcharhiniformes,florencebay,-19.123693333333332,146.88541
2025-11-15,Townsville,Horseshoe Bay,SPOT-TAIL WHALER,Carcharhinus sorrah,Deceased,Carcharhiniformes,horseshoebay,-19.11187361111111,146.85320555555555
2025-11-15,Townsville,Alma Bay,TIGER SHARK,Galeocerdo cuvier,Deceased,Carcharhiniformes,almabay,-19.149697222222223,146.87386944444447
2025-11-16,Capricorn Coast,Emu Park,LONG NOSE WHALER,Carcharhinus brevipinna,Released Alive,Carcharhiniformes,emupark,-23.262438095238092,150.8322357142857
2025-11-16,Mackay,Eimeo Beach,LONG NOSE WHALER,Carcharhinus brevipinna,Released Alive,Carcharhiniformes,eimeobeach,-21.030911111111113,149.18116666666666
2025-11-16,Mackay,Eimeo Beach,SPOT-TAIL WHALER,Carcharhinus sorrah,Deceased,Carcharhiniformes,eimeobeach,-21.030911111111113,149.18116666666666
2025-11-16,Mackay,Eimeo Beach,TIGER SHARK,Galeocerdo cuvier,Released Alive,Carcharhiniformes,eimeobeach,-21.030911111111113,149.18116666666666
2025-11-17,Capricorn Coast,Emu Park,COMMON BLACKTIP WHALER,Carcharhinus limbatus,Deceased,Carcharhiniformes,emupark,-23.262438095238092,150.8322357142857
2025-11-17,Gladstone,Tannum Sands,TIGER SHARK,Galeocerdo cuvier,Euthanised,Carcharhiniformes,tannumsands,-23.939119444444444,151.3756861111111
2025-11-17,Mackay,Bucasia Beach,SPOT-TAIL WHALER,Carcharhinus sorrah,Deceased,Carcharhiniformes,bucasiabeach,-21.0204,149.16325277777779
2025-11-18,Cairns,Ellis Beach,TAWNY SHARK,Nebrius ferrugineus,Released Alive,Orectolobiformes,ellisbeach,-16.72147142857143,145.65029761904762
2025-11-18,Mackay,Blacks Beach,LONG NOSE WHALER,Carcharhinus brevipinna,Deceased,Carcharhiniformes,blacksbeach,-21.045294444444444,149.19208333333333
2025-11-18,Mackay,Eimeo Beach,TIGER SHARK,Galeocerdo cuvier,Released Alive,Carcharhiniformes,eimeobeach,-21.030911111111113,149.18116666666666
2025-11-19,Gladstone,Tannum Sands,TIGER SHARK,Galeocerdo cuvier,Deceased,Carcharhiniformes,tannumsands,-23.939119444444444,151.3756861111111
2025-11-19,Mackay,Blacks Beach,SPOT-TAIL WHALER,Carcharhinus sorrah,Deceased,Carcharhiniformes,blacksbeach,-21.045294444444444,149.19208333333333
2025-11-19,Mackay,Eimeo Beach,SPOT-TAIL WHALER,Carcharhinus sorrah,Deceased,Carcharhiniformes,eimeobeach,-21.030911111111113,149.18116666666666
2025-11-19,Townsville,Nelly Bay,COMMON BLACKTIP WHALER,Carcharhinus limbatus,Deceased,Carcharhiniformes,nellybay,-19.17364523809524,146.85039523809525
2025-11-19,Townsville,Florence Bay,SPOT-TAIL WHALER,Carcharhinus sorrah,Deceased,Carcharhiniformes,florencebay,-19.123693333333332,146.88541
2025-11-19,Townsville,Radical Bay,SPOT-TAIL WHALER,Carcharhinus sorrah,Deceased,Carcharhiniformes,radicalbay,-19.108173333333333,146.87670666666668
2025-11-19,Townsville,Alma Bay,TIGER SHARK,Galeocerdo cuvier,Deceased,Carcharhiniformes,almabay,-19.149697222222223,146.87386944444447
2025-11-19,Townsville,Florence Bay,TIGER SHARK,Galeocerdo cuvier,Released Alive,Carcharhiniformes,florencebay,-19.123693333333332,146.88541
2025-11-20,Capricorn Coast,Emu Park,COMMON BLACKTIP WHALER,Carcharhinus limbatus,Released Alive,Carcharhiniformes,emupark,-23.262438095238092,150.8322357142857
2025-11-20,Mackay,Eimeo Beach,SPOT-TAIL WHALER,Carcharhinus sorrah,Deceased,Carcharhiniformes,eimeobeach,-21.030911111111113,149.18116666666666
2025-11-20,Mackay,Eimeo Beach,SPOT-TAIL WHALER,Carcharhinus sorrah,Deceased,Carcharhiniformes,eimeobeach,-21.030911111111113,149.18116666666666
2025-11-20,Mackay,Eimeo Beach,SPOT-TAIL WHALER,Carcharhinus sorrah,Deceased,Carcharhiniformes,eimeobeach,-21.030911111111113,149.18116666666666
2025-11-20,Mackay,Eimeo Beach,SPOT-TAIL WHALER,Carcharhinus sorrah,Deceased,Carcharhiniformes,eimeobeach,-21.030911111111113,149.18116666666666
2025-11-20,Mackay,Blacks Beach,TAWNY SHARK,Nebrius ferrugineus,Deceased,Orectolobiformes,blacksbeach,-21.045294444444444,149.19208333333333
2025-11-20,Mackay,Eimeo Beach,TAWNY SHARK,Nebrius ferrugineus,Released Alive,Orectolobiformes,eimeobeach,-21.030911111111113,149.18116666666666
2025-11-20,Townsville,Radical Bay,COMMON BLACKTIP WHALER,Carcharhinus limbatus,Deceased,Carcharhiniformes,radicalbay,-19.108173333333333,146.87670666666668
2025-11-20,Townsville,Florence Bay,SPOT-TAIL WHALER,Carcharhinus sorrah,Deceased,Carcharhiniformes,florencebay,-19.123693333333332,146.88541
2025-11-20,Townsville,Florence Bay,TIGER SHARK,Galeocerdo cuvier,Deceased,Carcharhiniformes,florencebay,-19.123693333333332,146.88541
2025-11-20,Townsville,Horseshoe Bay,TIGER SHARK,Galeocerdo cuvier,Euthanised,Carcharhiniformes,horseshoebay,-19.11187361111111,146.85320555555555
2025-11-21,Capricorn Coast,Mullambin Beach,BULL WHALER,Carcharhinus leucas,Deceased,Carcharhiniformes,mullambinbeach,-23.18919,150.79873
2025-11-21,Capricorn Coast,Emu Park,COMMON BLACKTIP WHALER,Carcharhinus limbatus,Deceased,Carcharhiniformes,emupark,-23.262438095238092,150.8322357142857
2025-11-21,Capricorn Coast,Kemp Beach,COMMON BLACKTIP WHALER,Carcharhinus limbatus,Deceased,Carcharhiniformes,kempbeach,-23.1712,150.79471944444444
2025-11-21,Capricorn Coast,Tanby Point,COMMON BLACKTIP WHALER,Carcharhinus limbatus,Deceased,Carcharhiniformes,tanbypoint,-23.22792666666667,150.82419666666667
2025-11-21,Capricorn Coast,Emu Park,PIGEYE WHALER,Carcharhinus amboinensis,Released Alive,Carcharhiniformes,emupark,-23.262438095238092,150.8322357142857
2025-11-21,Mackay,Blacks Beach,LONG NOSE WHALER,Carcharhinus brevipinna,Deceased,Carcharhiniformes,blacksbeach,-21.045294444444444,149.19208333333333
2025-11-21,Mackay,Bucasia Beach,LONG NOSE WHALER,Carcharhinus brevipinna,Deceased,Carcharhiniformes,bucasiabeach,-21.0204,149.16325277777779
2025-11-21,Mackay,Blacks Beach,LONG NOSE WHALER,Carcharhinus brevipinna,Released Alive,Carcharhiniformes,blacksbeach,-21.045294444444444,149.19208333333333
2025-11-21,Townsville,Alma Bay,COMMON BLACKTIP WHALER,Carcharhinus limbatus,Released Alive,Carcharhiniformes,almabay,-19.149697222222223,146.87386944444447
2025-11-21,Townsville,Horseshoe Bay,COMMON BLACKTIP WHALER,Carcharhinus limbatus,Deceased,Carcharhiniformes,horseshoebay,-19.11187361111111,146.85320555555555
2025-11-21,Townsville,Radical Bay,COMMON BLACKTIP WHALER,Carcharhinus limbatus,Deceased,Carcharhiniformes,radicalbay,-19.108173333333333,146.87670666666668
2025-11-21,Townsville,Nelly Bay,SHARPTOOTH SHARK,Negaprion acutidens,Deceased,Carcharhiniformes,nellybay,-19.17364523809524,146.85039523809525
2025-11-21,Townsville,Nelly Bay,SPOT-TAIL WHALER,Carcharhinus sorrah,Deceased,Carcharhiniformes,nellybay,-19.17364523809524,146.85039523809525
2025-11-22,Capricorn Coast,Fishermans Beach,COMMON BLACKTIP WHALER,Carcharhinus limbatus,Deceased,Carcharhiniformes,fishermansbeach,-23.243136666666665,150.82846999999998
2025-11-22,Capricorn Coast,Mullambin Beach,TIGER SHARK,Galeocerdo cuvier,Released Alive,Carcharhiniformes,mullambinbeach,-23.18919,150.79873
2025-11-22,Mackay,Eimeo Beach,LONG NOSE WHALER,Carcharhinus brevipinna,Released Alive,Carcharhiniformes,eimeobeach,-21.030911111111113,149.18116666666666
2025-11-22,Townsville,Alma Bay,BLACKTIP REEF WHALER,Carcharhinus melanopterus,Deceased,Carcharhiniformes,almabay,-19.149697222222223,146.87386944444447
2025-11-22,Townsville,Florence Bay,BULL WHALER,Carcharhinus leucas,Released Alive,Carcharhiniformes,florencebay,-19.123693333333332,146.88541
2025-11-22,Townsville,Alma Bay,COMMON BLACKTIP WHALER,Carcharhinus limbatus,Deceased,Carcharhiniformes,almabay,-19.149697222222223,146.87386944444447
2025-11-22,Townsville,Horseshoe Bay,COMMON BLACKTIP WHALER,Carcharhinus limbatus,Deceased,Carcharhiniformes,horseshoebay,-19.11187361111111,146.85320555555555
2025-11-22,Townsville,Nelly Bay,TAWNY SHARK,Nebrius ferrugineus,Deceased,Orectolobiformes,nellybay,-19.17364523809524,146.85039523809525
2025-11-23,Mackay,Blacks Beach,LONG NOSE WHALER,Carcharhinus brevipinna,Deceased,Carcharhiniformes,blacksbeach,-21.045294444444444,149.19208333333333
2025-11-23,Mackay,Bucasia Beach,LONG NOSE WHALER,Carcharhinus brevipinna,Deceased,Carcharhiniformes,bucasiabeach,-21.0204,149.16325277777779
2025-11-23,Mackay,Bucasia Beach,LONG NOSE WHALER,Carcharhinus brevipinna,Released Alive,Carcharhiniformes,bucasiabeach,-21.0204,149.16325277777779
2025-11-23,Mackay,Blacks Beach,SPOT-TAIL WHALER,Carcharhinus sorrah,Deceased,Carcharhiniformes,blacksbeach,-21.045294444444444,149.19208333333333
2025-11-23,Mackay,Eimeo Beach,SPOT-TAIL WHALER,Carcharhinus sorrah,Deceased,Carcharhiniformes,eimeobeach,-21.030911111111113,149.18116666666666
2025-11-23,Mackay,Eimeo Beach,SPOT-TAIL WHALER,Carcharhinus sorrah,Deceased,Carcharhiniformes,eimeobeach,-21.030911111111113,149.18116666666666
2025-11-24,Capricorn Coast,Farnborough Beach,COMMON BLACKTIP WHALER,Carcharhinus limbatus,Deceased,Carcharhiniformes,farnboroughbeach,-23.116036666666666,150.75383666666667
2025-11-24,Capricorn Coast,Fishermans Beach,COMMON BLACKTIP WHALER,Carcharhinus limbatus,Deceased,Carcharhiniformes,fishermansbeach,-23.243136666666665,150.82846999999998
2025-11-24,Capricorn Coast,Cooee Bay,GREAT HAMMERHEAD,Sphyrna mokarran,Deceased,Carcharhiniformes,cooeebay,-23.139136666666666,150.76271333333335
2025-11-24,Capricorn Coast,Fishermans Beach,TAWNY SHARK,Nebrius ferrugineus,Released Alive,Orectolobiformes,fishermansbeach,-23.243136666666665,150.82846999999998
2025-11-24,Gladstone,Tannum Sands,PIGEYE WHALER,Carcharhinus amboinensis,Deceased,Carcharhiniformes,tannumsands,-23.939119444444444,151.3756861111111
2025-11-24,Mackay,Eimeo Beach,SCALLOPED HAMMERHEAD,Sphyrna lewini,Deceased,Carcharhiniformes,eimeobeach,-21.030911111111113,149.18116666666666
2025-11-24,Mackay,Eimeo Beach,SPOT-TAIL WHALER,Carcharhinus sorrah,Deceased,Carcharhiniformes,eimeobeach,-21.030911111111113,149.18116666666666
2025-11-24,Mackay,Eimeo Beach,TIGER SHARK,Galeocerdo cuvier,Released Alive,Carcharhiniformes,eimeobeach,-21.030911111111113,149.18116666666666
2025-11-24,Townsville,Horseshoe Bay,TIGER SHARK,Galeocerdo cuvier,Euthanised,Carcharhiniformes,horseshoebay,-19.11187361111111,146.85320555555555
2025-11-25,Cairns,Palm Cove,SPOT-TAIL WHALER,Carcharhinus sorrah,Deceased,Carcharhiniformes,palmcove,-16.744905555555555,145.6754
2025-11-25,Cairns,Clifton,TAWNY SHARK,Nebrius ferrugineus,Released Alive,Orectolobiformes,clifton,-16.759525,145.68219583333334
2025-11-25,Mackay,Blacks Beach,LONG NOSE WHALER,Carcharhinus brevipinna,Released Alive,Carcharhiniformes,blacksbeach,-21.045294444444444,149.19208333333333
2025-11-25,Mackay,Eimeo Beach,LONG NOSE WHALER,Carcharhinus brevipinna,Deceased,Carcharhiniformes,eimeobeach,-21.030911111111113,149.18116666666666
2025-11-25,Mackay,Bucasia Beach,SPOT-TAIL WHALER,Carcharhinus sorrah,Deceased,Carcharhiniformes,bucasiabeach,-21.0204,149.16325277777779
2025-11-25,Mackay,Blacks Beach,SPOT-TAIL WHALER,Carcharhinus sorrah,Deceased,Carcharhiniformes,blacksbeach,-21.045294444444444,149.19208333333333
2025-11-25,Townsville,Horseshoe Bay,TAWNY SHARK,Nebrius ferrugineus,Released Alive,Orectolobiformes,horseshoebay,-19.11187361111111,146.85320555555555
2025-11-26,Mackay,Bucasia Beach,CREEK WHALER,Carcharhinus fitzroyensis,Deceased,Carcharhiniformes,bucasiabeach,-21.0204,149.16325277777779
2025-11-26,Mackay,Blacks Beach,LONG NOSE WHALER,Carcharhinus brevipinna,Deceased,Carcharhiniformes,blacksbeach,-21.045294444444444,149.19208333333333
2025-11-26,Mackay,Bucasia Beach,LONG NOSE WHALER,Carcharhinus brevipinna,Deceased,Carcharhiniformes,bucasiabeach,-21.0204,149.16325277777779
2025-11-26,Mackay,Eimeo Beach,LONG NOSE WHALER,Carcharhinus brevipinna,Released Alive,Carcharhiniformes,eimeobeach,-21.030911111111113,149.18116666666666
2025-11-26,Mackay,Eimeo Beach,LONG NOSE WHALER,Carcharhinus brevipinna,Released Alive,Carcharhiniformes,eimeobeach,-21.030911111111113,149.18116666666666
2025-11-26,Mackay,Eimeo Beach,SPOT-TAIL WHALER,Carcharhinus sorrah,Released Alive,Carcharhiniformes,eimeobeach,-21.030911111111113,149.18116666666666
2025-11-26,Mackay,Eimeo Beach,SPOT-TAIL WHALER,Carcharhinus sorrah,Deceased,Carcharhiniformes,eimeobeach,-21.030911111111113,149.18116666666666
2025-11-26,Townsville,Florence Bay,COMMON BLACKTIP WHALER,Carcharhinus limbatus,Deceased,Carcharhiniformes,florencebay,-19.123693333333332,146.88541
2025-11-26,Townsville,Horseshoe Bay,PIGEYE WHALER,Carcharhinus amboinensis,Deceased,Carcharhiniformes,horseshoebay,-19.11187361111111,146.85320555555555
2025-11-26,Townsville,Palarenda Beach,PIGEYE WHALER,Carcharhinus amboinensis,Deceased,Carcharhiniformes,palarendabeach,-19.198694444444445,146.77763333333334
2025-11-26,Townsville,Alma Bay,SPOT-TAIL WHALER,Carcharhinus sorrah,Deceased,Carcharhiniformes,almabay,-19.149697222222223,146.87386944444447
2025-11-27,Cairns,Ellis Beach,TIGER SHARK,Galeocerdo cuvier,Released Alive,Carcharhiniformes,ellisbeach,-16.72147142857143,145.65029761904762
2025-11-27,Mackay,Blacks Beach,LONG NOSE WHALER,Carcharhinus brevipinna,Deceased,Carcharhiniformes,blacksbeach,-21.045294444444444,149.19208333333333
2025-11-27,Mackay,Bucasia Beach,LONG NOSE WHALER,Carcharhinus brevipinna,Released Alive,Carcharhiniformes,bucasiabeach,-21.0204,149.16325277777779
2025-11-27,Townsville,Florence Bay,COMMON BLACKTIP WHALER,Carcharhinus limbatus,Deceased,Carcharhiniformes,florencebay,-19.123693333333332,146.88541
2025-11-27,Townsville,Florence Bay,COMMON BLACKTIP WHALER,Carcharhinus limbatus,Deceased,Carcharhiniformes,florencebay,-19.123693333333332,146.88541
2025-11-27,Townsville,Horseshoe Bay,SPOT-TAIL WHALER,Carcharhinus sorrah,Deceased,Carcharhiniformes,horseshoebay,-19.11187361111111,146.85320555555555
2025-11-27,Townsville,Nelly Bay,SPOT-TAIL WHALER,Carcharhinus sorrah,Deceased,Carcharhiniformes,nellybay,-19.17364523809524,146.85039523809525
2025-11-28,Cairns,Ellis Beach,GREY REEF WHALER,Carcharhinus amblyrhynchos,Deceased,Carcharhiniformes,ellisbeach,-16.72147142857143,145.65029761904762
2025-11-28,Cairns,Palm Cove,TAWNY SHARK,Nebrius ferrugineus,Released Alive,Orectolobiformes,palmcove,-16.744905555555555,145.6754
2025-11-28,Cairns,Clifton,TIGER SHARK,Galeocerdo cuvier,Released Alive,Carcharhiniformes,clifton,-16.759525,145.68219583333334
2025-11-28,Mackay,Bucasia Beach,LONG NOSE WHALER,Carcharhinus brevipinna,Released Alive,Carcharhiniformes,bucasiabeach,-21.0204,149.16325277777779
2025-11-28,Mackay,Bucasia Beach,LONG NOSE WHALER,Carcharhinus brevipinna,Released Alive,Carcharhiniformes,bucasiabeach,-21.0204,149.16325277777779
2025-11-28,Mackay,Eimeo Beach,SPOT-TAIL WHALER,Carcharhinus sorrah,Released Alive,Carcharhiniformes,eimeobeach,-21.030911111111113,149.18116666666666
2025-11-28,Townsville,Alma Bay,COMMON BLACKTIP WHALER,Carcharhinus limbatus,Deceased,Carcharhiniformes,almabay,-19.149697222222223,146.87386944444447
2025-11-28,Townsville,Alma Bay,COMMON BLACKTIP WHALER,Carcharhinus limbatus,Deceased,Carcharhiniformes,almabay,-19.149697222222223,146.87386944444447
2025-11-28,Townsville,Horseshoe Bay,COMMON BLACKTIP WHALER,Carcharhinus limbatus,Deceased,Carcharhiniformes,horseshoebay,-19.11187361111111,146.85320555555555
2025-11-28,Townsville,Palarenda Beach,COMMON BLACKTIP WHALER,Carcharhinus limbatus,Deceased,Carcharhiniformes,palarendabeach,-19.198694444444445,146.77763333333334
2025-11-28,Townsville,Alma Bay,SPOT-TAIL WHALER,Carcharhinus sorrah,Released Alive,Carcharhiniformes,almabay,-19.149697222222223,146.87386944444447
2025-11-28,Townsville,Horseshoe Bay,SPOT-TAIL WHALER,Carcharhinus sorrah,Deceased,Carcharhiniformes,horseshoebay,-19.11187361111111,146.85320555555555
2025-11-28,Townsville,Radical Bay,SPOT-TAIL WHALER,Carcharhinus sorrah,Deceased,Carcharhiniformes,radicalbay,-19.108173333333333,146.87670666666668
2025-11-28,Townsville,Horseshoe Bay,TIGER SHARK,Galeocerdo cuvier,Deceased,Carcharhiniformes,horseshoebay,-19.11187361111111,146.85320555555555
2025-11-29,Capricorn Coast,Tanby Point,BULL WHALER,Carcharhinus leucas,Deceased,Carcharhiniformes,tanbypoint,-23.22792666666667,150.82419666666667
2025-11-29,Capricorn Coast,Emu Park,LONG NOSE WHALER,Carcharhinus brevipinna,Deceased,Carcharhiniformes,emupark,-23.262438095238092,150.8322357142857
2025-11-29,Capricorn Coast,Farnborough Beach,LONG NOSE WHALER,Carcharhinus brevipinna,Deceased,Carcharhiniformes,farnboroughbeach,-23.116036666666666,150.75383666666667
2025-11-29,Capricorn Coast,Fishermans Beach,TAWNY SHARK,Nebrius ferrugineus,Released Alive,Orectolobiformes,fishermansbeach,-23.243136666666665,150.82846999999998
2025-11-29,Capricorn Coast,Farnborough Beach,TIGER SHARK,Galeocerdo cuvier,Released Alive,Carcharhiniformes,farnboroughbeach,-23.116036666666666,150.75383666666667
2025-11-29,Mackay,Eimeo Beach,LONG NOSE WHALER,Carcharhinus brevipinna,Deceased,Carcharhiniformes,eimeobeach,-21.030911111111113,149.18116666666666
2025-11-29,Mackay,Eimeo Beach,LONG NOSE WHALER,Carcharhinus brevipinna,Deceased,Carcharhiniformes,eimeobeach,-21.030911111111113,149.18116666666666
2025-11-29,Townsville,Florence Bay,PIGEYE WHALER,Carcharhinus amboinensis,Deceased,Carcharhiniformes,florencebay,-19.123693333333332,146.88541
2025-11-29,Townsville,Alma Bay,SPOT-TAIL WHALER,Carcharhinus sorrah,Deceased,Carcharhiniformes,almabay,-19.149697222222223,146.87386944444447
2025-11-29,Townsville,Horseshoe Bay,SPOT-TAIL WHALER,Carcharhinus sorrah,Deceased,Carcharhiniformes,horseshoebay,-19.11187361111111,146.85320555555555
2025-11-29,Townsville,Nelly Bay,TIGER SHARK,Galeocerdo cuvier,Deceased,Carcharhiniformes,nellybay,-19.17364523809524,146.85039523809525
2025-11-30,Capricorn Coast,Farnborough Beach,BULL WHALER,Carcharhinus leucas,Deceased,Carcharhiniformes,farnboroughbeach,-23.116036666666666,150.75383666666667
2025-11-30,Capricorn Coast,Kemp Beach,LONG NOSE WHALER,Carcharhinus brevipinna,Deceased,Carcharhiniformes,kempbeach,-23.1712,150.79471944444444
2025-11-30,Capricorn Coast,Fishermans Beach,TIGER SHARK,Galeocerdo cuvier,Deceased,Carcharhiniformes,fishermansbeach,-23.243136666666665,150.82846999999998
2025-11-30,Gladstone,Tannum Sands,SPOT-TAIL WHALER,Carcharhinus sorrah,Deceased,Carcharhiniformes,tannumsands,-23.939119444444444,151.3756861111111
2025-11-30,Mackay,Eimeo Beach,SPOT-TAIL WHALER,Carcharhinus sorrah,Deceased,Carcharhiniformes,eimeobeach,-21.030911111111113,149.18116666666666
2025-11-30,Townsville,Florence Bay,BULL WHALER,Carcharhinus leucas,Released Alive,Carcharhiniformes,florencebay,-19.123693333333332,146.88541
2025-11-30,Townsville,Alma Bay,COMMON BLACKTIP WHALER,Carcharhinus limbatus,Deceased,Carcharhiniformes,almabay,-19.149697222222223,146.87386944444447
2025-11-30,Townsville,Florence Bay,COMMON BLACKTIP WHALER,Carcharhinus limbatus,Deceased,Carcharhiniformes,florencebay,-19.123693333333332,146.88541
2025-11-30,Townsville,Horseshoe Bay,COMMON BLACKTIP WHALER,Carcharhinus limbatus,Deceased,Carcharhiniformes,horseshoebay,-19.11187361111111,146.85320555555555
2025-12-01,Mackay,Bucasia Beach,CREEK WHALER,Carcharhinus fitzroyensis,Deceased,Carcharhiniformes,bucasiabeach,-21.0204,149.16325277777779
2025-12-01,Mackay,Eimeo Beach,PIGEYE WHALER,Carcharhinus amboinensis,Deceased,Carcharhiniformes,eimeobeach,-21.030911111111113,149.18116666666666
2025-12-01,Mackay,Blacks Beach,SPOT-TAIL WHALER,Carcharhinus sorrah,Released Alive,Carcharhiniformes,blacksbeach,-21.045294444444444,149.19208333333333
2025-12-01,Mackay,Eimeo Beach,SPOT-TAIL WHALER,Carcharhinus sorrah,Deceased,Carcharhiniformes,eimeobeach,-21.030911111111113,149.18116666666666
2025-12-01,Mackay,Bucasia Beach,TIGER SHARK,Galeocerdo cuvier,Released Alive,Carcharhiniformes,bucasiabeach,-21.0204,149.16325277777779
2025-12-02,Mackay,Bucasia Beach,LONG NOSE WHALER,Carcharhinus brevipinna,Deceased,Carcharhiniformes,bucasiabeach,-21.0204,149.16325277777779
2025-12-02,Mackay,Eimeo Beach,LONG NOSE WHALER,Carcharhinus brevipinna,Deceased,Carcharhiniformes,eimeobeach,-21.030911111111113,149.18116666666666
2025-12-02,Mackay,Eimeo Beach,TIGER SHARK,Galeocerdo cuvier,Released Alive,Carcharhiniformes,eimeobeach,-21.030911111111113,149.18116666666666
2025-12-03,Cairns,Palm Cove,SPOT-TAIL WHALER,Carcharhinus sorrah,Deceased,Carcharhiniformes,palmcove,-16.744905555555555,145.6754
2025-12-03,Cairns,Palm Cove,SPOT-TAIL WHALER,Carcharhinus sorrah,Deceased,Carcharhiniformes,palmcove,-16.744905555555555,145.6754
2025-12-03,Gladstone,Tannum Sands,SPOT-TAIL WHALER,Carcharhinus sorrah,Deceased,Carcharhiniformes,tannumsands,-23.939119444444444,151.3756861111111
2025-12-03,Mackay,Bucasia Beach,BULL WHALER,Carcharhinus leucas,Deceased,Carcharhiniformes,bucasiabeach,-21.0204,149.16325277777779
2025-12-03,Mackay,Bucasia Beach,BULL WHALER,Carcharhinus leucas,Deceased,Carcharhiniformes,bucasiabeach,-21.0204,149.16325277777779
2025-12-03,Mackay,Blacks Beach,LONG NOSE WHALER,Carcharhinus brevipinna,Deceased,Carcharhiniformes,blacksbeach,-21.045294444444444,149.19208333333333
2025-12-03,Mackay,Blacks Beach,LONG NOSE WHALER,Carcharhinus brevipinna,Deceased,Carcharhiniformes,blacksbeach,-21.045294444444444,149.19208333333333
2025-12-03,Mackay,Eimeo Beach,LONG NOSE WHALER,Carcharhinus brevipinna,Deceased,Carcharhiniformes,eimeobeach,-21.030911111111113,149.18116666666666
2025-12-03,Mackay,Eimeo Beach,LONG NOSE WHALER,Carcharhinus brevipinna,Deceased,Carcharhiniformes,eimeobeach,-21.030911111111113,149.18116666666666
2025-12-03,Mackay,Bucasia Beach,SPOT-TAIL WHALER,Carcharhinus sorrah,Deceased,Carcharhiniformes,bucasiabeach,-21.0204,149.16325277777779
2025-12-03,Mackay,Eimeo Beach,SPOT-TAIL WHALER,Carcharhinus sorrah,Deceased,Carcharhiniformes,eimeobeach,-21.030911111111113,149.18116666666666
2025-12-04,Cairns,Palm Cove,COMMON BLACKTIP WHALER,Carcharhinus limbatus,Released Alive,Carcharhiniformes,palmcove,-16.744905555555555,145.6754
2025-12-04,Cairns,Palm Cove,PIGEYE WHALER,Carcharhinus amboinensis,Deceased,Carcharhiniformes,palmcove,-16.744905555555555,145.6754
2025-12-04,Mackay,Bucasia Beach,CREEK WHALER,Carcharhinus fitzroyensis,Released Alive,Carcharhiniformes,bucasiabeach,-21.0204,149.16325277777779
2025-12-04,Mackay,Bucasia Beach,LONG NOSE WHALER,Carcharhinus brevipinna,Deceased,Carcharhiniformes,bucasiabeach,-21.0204,149.16325277777779
2025-12-04,Mackay,Eimeo Beach,LONG NOSE WHALER,Carcharhinus brevipinna,Released Alive,Carcharhiniformes,eimeobeach,-21.030911111111113,149.18116666666666
2025-12-04,Mackay,Eimeo Beach,LONG NOSE WHALER,Carcharhinus brevipinna,Released Alive,Carcharhiniformes,eimeobeach,-21.030911111111113,149.18116666666666
2025-12-05,Cairns,Palm Cove,PIGEYE WHALER,Carcharhinus amboinensis,Released Alive,Carcharhiniformes,palmcove,-16.744905555555555,145.6754
2025-12-05,Cairns,Palm Cove,SPOT-TAIL WHALER,Carcharhinus sorrah,Deceased,Carcharhiniformes,palmcove,-16.744905555555555,145.6754
2025-12-05,Capricorn Coast,Emu Park,COMMON BLACKTIP WHALER,Carcharhinus limbatus,Deceased,Carcharhiniformes,emupark,-23.262438095238092,150.8322357142857
2025-12-05,Mackay,Blacks Beach,SPOT-TAIL WHALER,Carcharhinus sorrah,Deceased,Carcharhiniformes,blacksbeach,-21.045294444444444,149.19208333333333
2025-12-05,Mackay,Eimeo Beach,SPOT-TAIL WHALER,Carcharhinus sorrah,Deceased,Carcharhiniformes,eimeobeach,-21.030911111111113,149.18116666666666
2025-12-05,Townsville,Horseshoe Bay,COMMON BLACKTIP WHALER,Carcharhinus limbatus,Deceased,Carcharhiniformes,horseshoebay,-19.11187361111111,146.85320555555555
2025-12-05,Townsville,Nelly Bay,COMMON BLACKTIP WHALER,Carcharhinus limbatus,Deceased,Carcharhiniformes,nellybay,-19.17364523809524,146.85039523809525
2025-12-05,Townsville,Nelly Bay,PIGEYE WHALER,Carcharhinus amboinensis,Deceased,Carcharhiniformes,nellybay,-19.17364523809524,146.85039523809525
2025-12-05,Townsville,Horseshoe Bay,TIGER SHARK,Galeocerdo cuvier,Euthanised,Carcharhiniformes,horseshoebay,-19.11187361111111,146.85320555555555
2025-12-06,Cairns,Holloways,PIGEYE WHALER,Carcharhinus amboinensis,Deceased,Carcharhiniformes,holloways,-16.83081,145.74805666666666
2025-12-06,Capricorn Coast,Emu Park,BULL WHALER,Carcharhinus leucas,Deceased,Carcharhiniformes,emupark,-23.262438095238092,150.8322357142857
2025-12-06,Capricorn Coast,Farnborough Beach,BULL WHALER,Carcharhinus leucas,Deceased,Carcharhiniformes,farnboroughbeach,-23.116036666666666,150.75383666666667
2025-12-06,Capricorn Coast,Fishermans Beach,BULL WHALER,Carcharhinus leucas,Deceased,Carcharhiniformes,fishermansbeach,-23.243136666666665,150.82846999999998
2025-12-06,Capricorn Coast,Mullambin Beach,BULL WHALER,Carcharhinus leucas,Deceased,Carcharhiniformes,mullambinbeach,-23.18919,150.79873
2025-12-06,Capricorn Coast,Tanby Point,BULL WHALER,Carcharhinus leucas,Deceased,Carcharhiniformes,tanbypoint,-23.22792666666667,150.82419666666667
2025-12-06,Capricorn Coast,Yeppoon Beach,BULL WHALER,Carcharhinus leucas,Deceased,Carcharhiniformes,yeppoonbeach,-23.128226666666666,150.75462666666667
2025-12-06,Capricorn Coast,Emu Park,TIGER SHARK,Galeocerdo cuvier,Deceased,Carcharhiniformes,emupark,-23.262438095238092,150.8322357142857
2025-12-06,Mackay,Eimeo Beach,CREEK WHALER,Carcharhinus fitzroyensis,Deceased,Carcharhiniformes,eimeobeach,-21.030911111111113,149.18116666666666
2025-12-06,Mackay,Eimeo Beach,SPOT-TAIL WHALER,Carcharhinus sorrah,Deceased,Carcharhiniformes,eimeobeach,-21.030911111111113,149.18116666666666
2025-12-06,Townsville,Alma Bay,COMMON BLACKTIP WHALER,Carcharhinus limbatus,Deceased,Carcharhiniformes,almabay,-19.149697222222223,146.87386944444447
2025-12-06,Townsville,Nelly Bay,COMMON BLACKTIP WHALER,Carcharhinus limbatus,Deceased,Carcharhiniformes,nellybay,-19.17364523809524,146.85039523809525
2025-12-06,Townsville,Nelly Bay,TAWNY SHARK,Nebrius ferrugineus,Released Alive,Orectolobiformes,nellybay,-19.17364523809524,146.85039523809525
2025-12-07,Capricorn Coast,Emu Park,BLACKTIP REEF WHALER,Carcharhinus melanopterus,Released Alive,Carcharhiniformes,emupark,-23.262438095238092,150.8322357142857
2025-12-07,Capricorn Coast,Cooee Bay,BLACKTIP REEF WHALER,Carcharhinus melanopterus,Deceased,Carcharhiniformes,cooeebay,-23.139136666666666,150.76271333333335
2025-12-07,Capricorn Coast,Farnborough Beach,BLACKTIP REEF WHALER,Carcharhinus melanopterus,Deceased,Carcharhiniformes,farnboroughbeach,-23.116036666666666,150.75383666666667
2025-12-07,Capricorn Coast,Farnborough Beach,BLACKTIP REEF WHALER,Carcharhinus melanopterus,Deceased,Carcharhiniformes,farnboroughbeach,-23.116036666666666,150.75383666666667
2025-12-07,Capricorn Coast,Fishermans Beach,BLACKTIP REEF WHALER,Carcharhinus melanopterus,Deceased,Carcharhiniformes,fishermansbeach,-23.243136666666665,150.82846999999998
2025-12-07,Capricorn Coast,Lammermoor Beach,BLACKTIP REEF WHALER,Carcharhinus melanopterus,Deceased,Carcharhiniformes,lammermoorbeach,-23.155048484848486,150.77348333333333
2025-12-07,Capricorn Coast,Yeppoon Beach,BULL WHALER,Carcharhinus leucas,Deceased,Carcharhiniformes,yeppoonbeach,-23.128226666666666,150.75462666666667
2025-12-07,Capricorn Coast,Farnborough Beach,PIGEYE WHALER,Carcharhinus amboinensis,Deceased,Carcharhiniformes,farnboroughbeach,-23.116036666666666,150.75383666666667
2025-12-07,Mackay,Eimeo Beach,LONG NOSE WHALER,Carcharhinus brevipinna,Released Alive,Carcharhiniformes,eimeobeach,-21.030911111111113,149.18116666666666
2025-12-08,Capricorn Coast,Mullambin Beach,TIGER SHARK,Galeocerdo cuvier,Released Alive,Carcharhiniformes,mullambinbeach,-23.18919,150.79873
2025-12-08,Mackay,Eimeo Beach,LONG NOSE WHALER,Carcharhinus brevipinna,Deceased,Carcharhiniformes,eimeobeach,-21.030911111111113,149.18116666666666
2025-12-08,Mackay,Eimeo Beach,TAWNY SHARK,Nebrius ferrugineus,Released Alive,Orectolobiformes,eimeobeach,-21.030911111111113,149.18116666666666
2025-12-09,Capricorn Coast,Cooee Bay,SPOT-TAIL WHALER,Carcharhinus sorrah,Deceased,Carcharhiniformes,cooeebay,-23.139136666666666,150.76271333333335
2025-12-09,Capricorn Coast,Farnborough Beach,SPOT-TAIL WHALER,Carcharhinus sorrah,Deceased,Carcharhiniformes,farnboroughbeach,-23.116036666666666,150.75383666666667
2025-12-09,Mackay,Blacks Beach,GREAT HAMMERHEAD,Sphyrna mokarran,Deceased,Carcharhiniformes,blacksbeach,-21.045294444444444,149.19208333333333
2025-12-09,Mackay,Blacks Beach,LONG NOSE WHALER,Carcharhinus brevipinna,Released Alive,Carcharhiniformes,blacksbeach,-21.045294444444444,149.19208333333333
2025-12-09,Mackay,Blacks Beach,SPOT-TAIL WHALER,Carcharhinus sorrah,Deceased,Carcharhiniformes,blacksbeach,-21.045294444444444,149.19208333333333
2025-12-09,Mackay,Eimeo Beach,TIGER SHARK,Galeocerdo cuvier,Deceased,Carcharhiniformes,eimeobeach,-21.030911111111113,149.18116666666666
2025-12-09,Townsville,Horseshoe Bay,BULL WHALER,Carcharhinus leucas,Deceased,Carcharhiniformes,horseshoebay,-19.11187361111111,146.85320555555555
2025-12-09,Townsville,Horseshoe Bay,TAWNY SHARK,Nebrius ferrugineus,Released Alive,Orectolobiformes,horseshoebay,-19.11187361111111,146.85320555555555
2025-12-10,Cairns,Clifton,LONG NOSE WHALER,Carcharhinus brevipinna,Released Alive,Carcharhiniformes,clifton,-16.759525,145.68219583333334
2025-12-10,Capricorn Coast,Lammermoor Beach,BULL WHALER,Carcharhinus leucas,Deceased,Carcharhiniformes,lammermoorbeach,-23.155048484848486,150.77348333333333
2025-12-10,Capricorn Coast,Farnborough Beach,LONG NOSE WHALER,Carcharhinus brevipinna,Deceased,Carcharhiniformes,farnboroughbeach,-23.116036666666666,150.75383666666667
2025-12-10,Capricorn Coast,Mullambin Beach,TAWNY SHARK,Nebrius ferrugineus,Released Alive,Orectolobiformes,mullambinbeach,-23.18919,150.79873
2025-12-10,Capricorn Coast,Emu Park,TIGER SHARK,Galeocerdo cuvier,Released Alive,Carcharhiniformes,emupark,-23.262438095238092,150.8322357142857
2025-12-10,Mackay,Eimeo Beach,LONG NOSE WHALER,Carcharhinus brevipinna,Deceased,Carcharhiniformes,eimeobeach,-21.030911111111113,149.18116666666666
2025-12-10,Mackay,Blacks Beach,SANDBAR WHALER,Carcharhinus plumbeus,Deceased,Carcharhiniformes,blacksbeach,-21.045294444444444,149.19208333333333
2025-12-10,Mackay,Bucasia Beach,TAWNY SHARK,Nebrius ferrugineus,Released Alive,Orectolobiformes,bucasiabeach,-21.0204,149.16325277777779
2025-12-10,Townsville,Alma Bay,BLACKTIP REEF WHALER,Carcharhinus melanopterus,Deceased,Carcharhiniformes,almabay,-19.149697222222223,146.87386944444447
2025-12-10,Townsville,Horseshoe Bay,COMMON BLACKTIP WHALER,Carcharhinus limbatus,Deceased,Carcharhiniformes,horseshoebay,-19.11187361111111,146.85320555555555
2025-12-10,Townsville,Alma Bay,PIGEYE WHALER,Carcharhinus amboinensis,Deceased,Carcharhiniformes,almabay,-19.149697222222223,146.87386944444447
2025-12-10,Townsville,Horseshoe Bay,PIGEYE WHALER,Carcharhinus amboinensis,Euthanised,Carcharhiniformes,horseshoebay,-19.11187361111111,146.85320555555555
2025-12-10,Townsville,Alma Bay,SPOT-TAIL WHALER,Carcharhinus sorrah,Deceased,Carcharhiniformes,almabay,-19.149697222222223,146.87386944444447
2025-12-10,Townsville,Florence Bay,SPOT-TAIL WHALER,Carcharhinus sorrah,Deceased,Carcharhiniformes,florencebay,-19.123693333333332,146.88541
2025-12-10,Townsville,Palarenda Beach,SPOT-TAIL WHALER,Carcharhinus sorrah,Deceased,Carcharhiniformes,palarendabeach,-19.198694444444445,146.77763333333334
2025-12-11,Cairns,Buchans,SPOT-TAIL WHALER,Carcharhinus sorrah,Deceased,Carcharhiniformes,buchans,-16.725916666666667,145.66339166666666
2025-12-11,Cairns,Palm Cove,SPOT-TAIL WHALER,Carcharhinus sorrah,Deceased,Carcharhiniformes,palmcove,-16.744905555555555,145.6754
2025-12-11,Capricorn Coast,Lammermoor Beach,BULL WHALER,Carcharhinus leucas,Deceased,Carcharhiniformes,lammermoorbeach,-23.155048484848486,150.77348333333333
2025-12-11,Capricorn Coast,Emu Park,LONG NOSE WHALER,Carcharhinus brevipinna,Deceased,Carcharhiniformes,emupark,-23.262438095238092,150.8322357142857
2025-12-11,Capricorn Coast,Emu Park,PIGEYE WHALER,Carcharhinus amboinensis,Released Alive,Carcharhiniformes,emupark,-23.262438095238092,150.8322357142857
2025-12-11,Capricorn Coast,Mullambin Beach,SHARPTOOTH SHARK,Negaprion acutidens,Released Alive,Carcharhiniformes,mullambinbeach,-23.18919,150.79873
2025-12-11,Gladstone,Tannum Sands,LONG NOSE WHALER,Carcharhinus brevipinna,Deceased,Carcharhiniformes,tannumsands,-23.939119444444444,151.3756861111111
2025-12-11,Mackay,Blacks Beach,LONG NOSE WHALER,Carcharhinus brevipinna,Deceased,Carcharhiniformes,blacksbeach,-21.045294444444444,149.19208333333333
2025-12-11,Mackay,Blacks Beach,LONG NOSE WHALER,Carcharhinus brevipinna,Released Alive,Carcharhiniformes,blacksbeach,-21.045294444444444,149.19208333333333
2025-12-11,Mackay,Eimeo Beach,SPOT-TAIL WHALER,Carcharhinus sorrah,Deceased,Carcharhiniformes,eimeobeach,-21.030911111111113,149.18116666666666
2025-12-11,Townsville,Florence Bay,BLACKTIP REEF WHALER,Carcharhinus melanopterus,Deceased,Carcharhiniformes,florencebay,-19.123693333333332,146.88541
2025-12-11,Townsville,Radical Bay,SPOT-TAIL WHALER,Carcharhinus sorrah,Deceased,Carcharhiniformes,radicalbay,-19.108173333333333,146.87670666666668
2025-12-11,Townsville,Nelly Bay,TAWNY SHARK,Nebrius ferrugineus,Released Alive,Orectolobiformes,nellybay,-19.17364523809524,146.85039523809525
2025-12-12,Capricorn Coast,Emu Park,BULL WHALER,Carcharhinus leucas,Deceased,Carcharhiniformes,emupark,-23.262438095238092,150.8322357142857
2025-12-12,Capricorn Coast,Fishermans Beach,BULL WHALER,Carcharhinus leucas,Deceased,Carcharhiniformes,fishermansbeach,-23.243136666666665,150.82846999999998
2025-12-12,Capricorn Coast,Tanby Point,PIGEYE WHALER,Carcharhinus amboinensis,Deceased,Carcharhiniformes,tanbypoint,-23.22792666666667,150.82419666666667
2025-12-12,Mackay,Blacks Beach,LONG NOSE WHALER,Carcharhinus brevipinna,Deceased,Carcharhiniformes,blacksbeach,-21.045294444444444,149.19208333333333
2025-12-12,Mackay,Blacks Beach,SPOT-TAIL WHALER,Carcharhinus sorrah,Deceased,Carcharhiniformes,blacksbeach,-21.045294444444444,149.19208333333333
2025-12-12,Mackay,Eimeo Beach,SPOT-TAIL WHALER,Carcharhinus sorrah,Deceased,Carcharhiniformes,eimeobeach,-21.030911111111113,149.18116666666666
2025-12-12,Townsville,Florence Bay,BULL WHALER,Carcharhinus leucas,Deceased,Carcharhiniformes,florencebay,-19.123693333333332,146.88541
2025-12-12,Townsville,Alma Bay,COMMON BLACKTIP WHALER,Carcharhinus limbatus,Deceased,Carcharhiniformes,almabay,-19.149697222222223,146.87386944444447
2025-12-12,Townsville,Radical Bay,SPOT-TAIL WHALER,Carcharhinus sorrah,Deceased,Carcharhiniformes,radicalbay,-19.108173333333333,146.87670666666668
2025-12-12,Townsville,Picnic Bay,TAWNY SHARK,Nebrius ferrugineus,Released Alive,Orectolobiformes,picnicbay,-19.182850000000002,146.84146666666666
2025-12-13,Cairns,Palm Cove,LONG NOSE WHALER,Carcharhinus brevipinna,Deceased,Carcharhiniformes,palmcove,-16.744905555555555,145.6754
2025-12-13,Cairns,Palm Cove,TIGER SHARK,Galeocerdo cuvier,Released Alive,Carcharhiniformes,palmcove,-16.744905555555555,145.6754
2025-12-13,Capricorn Coast,Emu Park,BULL WHALER,Carcharhinus leucas,Deceased,Carcharhiniformes,emupark,-23.262438095238092,150.8322357142857
2025-12-13,Capricorn Coast,Emu Park,TIGER SHARK,Galeocerdo cuvier,Released Alive,Carcharhiniformes,emupark,-23.262438095238092,150.8322357142857
2025-12-13,Capricorn Coast,Tanby Point,TIGER SHARK,Galeocerdo cuvier,Released Alive,Carcharhiniformes,tanbypoint,-23.22792666666667,150.82419666666667
2025-12-13,Mackay,Blacks Beach,LONG NOSE WHALER,Carcharhinus brevipinna,Deceased,Carcharhiniformes,blacksbeach,-21.045294444444444,149.19208333333333
2025-12-13,Mackay,Bucasia Beach,SPOT-TAIL WHALER,Carcharhinus sorrah,Deceased,Carcharhiniformes,bucasiabeach,-21.0204,149.16325277777779
2025-12-13,Mackay,Eimeo Beach,SPOT-TAIL WHALER,Carcharhinus sorrah,Deceased,Carcharhiniformes,eimeobeach,-21.030911111111113,149.18116666666666
2025-12-13,Mackay,Eimeo Beach,SPOT-TAIL WHALER,Carcharhinus sorrah,Deceased,Carcharhiniformes,eimeobeach,-21.030911111111113,149.18116666666666
2025-12-13,Townsville,Horseshoe Bay,COMMON BLACKTIP WHALER,Carcharhinus limbatus,Deceased,Carcharhiniformes,horseshoebay,-19.11187361111111,146.85320555555555
2025-12-13,Townsville,Alma Bay,SPOT-TAIL WHALER,Carcharhinus sorrah,Deceased,Carcharhiniformes,almabay,-19.149697222222223,146.87386944444447
2025-12-14,Capricorn Coast,Kemp Beach,TIGER SHARK,Galeocerdo cuvier,Deceased,Carcharhiniformes,kempbeach,-23.1712,150.79471944444444
2025-12-14,Mackay,Bucasia Beach,LONG NOSE WHALER,Carcharhinus brevipinna,Deceased,Carcharhiniformes,bucasiabeach,-21.0204,149.16325277777779
2025-12-14,Mackay,Bucasia Beach,SPOT-TAIL WHALER,Carcharhinus sorrah,Released Alive,Carcharhiniformes,bucasiabeach,-21.0204,149.16325277777779
2025-12-14,Mackay,Bucasia Beach,TAWNY SHARK,Nebrius ferrugineus,Released Alive,Orectolobiformes,bucasiabeach,-21.0204,149.16325277777779
2025-12-14,Mackay,Eimeo Beach,TAWNY SHARK,Nebrius ferrugineus,Released Alive,Orectolobiformes,eimeobeach,-21.030911111111113,149.18116666666666
2025-12-15,Capricorn Coast,Emu Park,LONG NOSE WHALER,Carcharhinus brevipinna,Deceased,Carcharhiniformes,emupark,-23.262438095238092,150.8322357142857
2025-12-15,Capricorn Coast,Emu Park,LONG NOSE WHALER,Carcharhinus brevipinna,Deceased,Carcharhiniformes,emupark,-23.262438095238092,150.8322357142857
2025-12-15,Capricorn Coast,Farnborough Beach,TIGER SHARK,Galeocerdo cuvier,Deceased,Carcharhiniformes,farnboroughbeach,-23.116036666666666,150.75383666666667
2025-12-15,Mackay,Eimeo Beach,LONG NOSE WHALER,Carcharhinus brevipinna,Deceased,Carcharhiniformes,eimeobeach,-21.030911111111113,149.18116666666666
2025-12-15,Mackay,Eimeo Beach,SPOT-TAIL WHALER,Carcharhinus sorrah,Released Alive,Carcharhiniformes,eimeobeach,-21.030911111111113,149.18116666666666
2025-12-15,Mackay,Bucasia Beach,TAWNY SHARK,Nebrius ferrugineus,Released Alive,Orectolobiformes,bucasiabeach,-21.0204,149.16325277777779
2025-12-15,Mackay,Eimeo Beach,TAWNY SHARK,Nebrius ferrugineus,Released Alive,Orectolobiformes,eimeobeach,-21.030911111111113,149.18116666666666
2025-12-16,Capricorn Coast,Lammermoor Beach,BULL WHALER,Carcharhinus leucas,Deceased,Carcharhiniformes,lammermoorbeach,-23.155048484848486,150.77348333333333
2025-12-16,Capricorn Coast,Cooee Bay,TIGER SHARK,Galeocerdo cuvier,Deceased,Carcharhiniformes,cooeebay,-23.139136666666666,150.76271333333335
2025-12-16,Capricorn Coast,Fishermans Beach,TIGER SHARK,Galeocerdo cuvier,Deceased,Carcharhiniformes,fishermansbeach,-23.243136666666665,150.82846999999998
2025-12-16,Gladstone,Tannum Sands,TAWNY SHARK,Nebrius ferrugineus,Released Alive,Orectolobiformes,tannumsands,-23.939119444444444,151.3756861111111
2025-12-16,Mackay,Blacks Beach,LONG NOSE WHALER,Carcharhinus brevipinna,Released Alive,Carcharhiniformes,blacksbeach,-21.045294444444444,149.19208333333333
2025-12-16,Mackay,Eimeo Beach,SPOT-TAIL WHALER,Carcharhinus sorrah,Deceased,Carcharhiniformes,eimeobeach,-21.030911111111113,149.18116666666666
2025-12-16,Mackay,Eimeo Beach,TIGER SHARK,Galeocerdo cuvier,Released Alive,Carcharhiniformes,eimeobeach,-21.030911111111113,149.18116666666666
2025-12-17,Cairns,Ellis Beach,SPOT-TAIL WHALER,Carcharhinus sorrah,Deceased,Carcharhiniformes,ellisbeach,-16.72147142857143,145.65029761904762
2025-12-17,Cairns,Ellis Beach,TIGER SHARK,Galeocerdo cuvier,Released Alive,Carcharhiniformes,ellisbeach,-16.72147142857143,145.65029761904762
2025-12-17,Capricorn Coast,Tanby Point,AUSTRALIAN BLACKTIP,Carcharhinus tilstoni,Deceased,Carcharhiniformes,tanbypoint,-23.22792666666667,150.82419666666667
2025-12-17,Capricorn Coast,Farnborough Beach,LONG NOSE WHALER,Carcharhinus brevipinna,Deceased,Carcharhiniformes,farnboroughbeach,-23.116036666666666,150.75383666666667
2025-12-17,Capricorn Coast,Emu Park,PIGEYE WHALER,Carcharhinus amboinensis,Deceased,Carcharhiniformes,emupark,-23.262438095238092,150.8322357142857
2025-12-17,Townsville,Palarenda Beach,COMMON BLACKTIP WHALER,Carcharhinus limbatus,Deceased,Carcharhiniformes,palarendabeach,-19.198694444444445,146.77763333333334
2025-12-17,Townsville,Picnic Bay,COMMON BLACKTIP WHALER,Carcharhinus limbatus,Deceased,Carcharhiniformes,picnicbay,-19.182850000000002,146.84146666666666
2025-12-18,Townsville,Florence Bay,COMMON BLACKTIP WHALER,Carcharhinus limbatus,Deceased,Carcharhiniformes,florencebay,-19.123693333333332,146.88541
2025-12-18,Townsville,Alma Bay,SPOT-TAIL WHALER,Carcharhinus sorrah,Deceased,Carcharhiniformes,almabay,-19.149697222222223,146.87386944444447
2025-12-18,Townsville,Horseshoe Bay,SPOT-TAIL WHALER,Carcharhinus sorrah,Deceased,Carcharhiniformes,horseshoebay,-19.11187361111111,146.85320555555555
2025-12-18,Townsville,Nelly Bay,TIGER SHARK,Galeocerdo cuvier,Released Alive,Carcharhiniformes,nellybay,-19.17364523809524,146.85039523809525
2025-12-19,Capricorn Coast,Tanby Point,BULL WHALER,Carcharhinus leucas,Deceased,Carcharhiniformes,tanbypoint,-23.22792666666667,150.82419666666667
2025-12-19,Capricorn Coast,Emu Park,COMMON BLACKTIP WHALER,Carcharhinus limbatus,Deceased,Carcharhiniformes,emupark,-23.262438095238092,150.8322357142857
2025-12-19,Gladstone,Tannum Sands,TIGER SHARK,Galeocerdo cuvier,Deceased,Carcharhiniformes,tannumsands,-23.939119444444444,151.3756861111111
2025-12-19,Townsville,Alma Bay,BLACKTIP REEF WHALER,Carcharhinus melanopterus,Deceased,Carcharhiniformes,almabay,-19.149697222222223,146.87386944444447
2025-12-19,Townsville,Palarenda Beach,COMMON BLACKTIP WHALER,Carcharhinus limbatus,Deceased,Carcharhiniformes,palarendabeach,-19.198694444444445,146.77763333333334
2025-12-19,Townsville,Nelly Bay,SPOT-TAIL WHALER,Carcharhinus sorrah,Deceased,Carcharhiniformes,nellybay,-19.17364523809524,146.85039523809525
2025-12-19,Townsville,Alma Bay,TAWNY SHARK,Nebrius ferrugineus,Released Alive,Orectolobiformes,almabay,-19.149697222222223,146.87386944444447
2025-12-19,Townsville,Alma Bay,TAWNY SHARK,Nebrius ferrugineus,Released Alive,Orectolobiformes,almabay,-19.149697222222223,146.87386944444447
2025-12-19,Townsville,Picnic Bay,TAWNY SHARK,Nebrius ferrugineus,Released Alive,Orectolobiformes,picnicbay,-19.182850000000002,146.84146666666666
2025-12-20,Cairns,Holloways,TIGER SHARK,Galeocerdo cuvier,Deceased,Carcharhiniformes,holloways,-16.83081,145.74805666666666
2025-12-20,Capricorn Coast,Fishermans Beach,BULL WHALER,Carcharhinus leucas,Deceased,Carcharhiniformes,fishermansbeach,-23.243136666666665,150.82846999999998
2025-12-20,Capricorn Coast,Fishermans Beach,BULL WHALER,Carcharhinus leucas,Deceased,Carcharhiniformes,fishermansbeach,-23.243136666666665,150.82846999999998
2025-12-20,Capricorn Coast,Yeppoon Beach,BULL WHALER,Carcharhinus leucas,Deceased,Carcharhiniformes,yeppoonbeach,-23.128226666666666,150.75462666666667
2025-12-20,Capricorn Coast,Emu Park,LONG NOSE WHALER,Carcharhinus brevipinna,Released Alive,Carcharhiniformes,emupark,-23.262438095238092,150.8322357142857
2025-12-20,Capricorn Coast,Tanby Point,LONG NOSE WHALER,Carcharhinus brevipinna,Deceased,Carcharhiniformes,tanbypoint,-23.22792666666667,150.82419666666667
2025-12-20,Mackay,Eimeo Beach,SPOT-TAIL WHALER,Carcharhinus sorrah,Released Alive,Carcharhiniformes,eimeobeach,-21.030911111111113,149.18116666666666
2025-12-20,Townsville,Florence Bay,SPOT-TAIL WHALER,Carcharhinus sorrah,Deceased,Carcharhiniformes,florencebay,-19.123693333333332,146.88541
2025-12-21,Capricorn Coast,Emu Park,BLACKTIP REEF WHALER,Carcharhinus melanopterus,Deceased,Carcharhiniformes,emupark,-23.262438095238092,150.8322357142857
2025-12-21,Capricorn Coast,Fishermans Beach,BLACKTIP REEF WHALER,Carcharhinus melanopterus,Deceased,Carcharhiniformes,fishermansbeach,-23.243136666666665,150.82846999999998
2025-12-21,Capricorn Coast,Cooee Bay,BULL WHALER,Carcharhinus leucas,Deceased,Carcharhiniformes,cooeebay,-23.139136666666666,150.76271333333335
2025-12-21,Capricorn Coast,Emu Park,PIGEYE WHALER,Carcharhinus amboinensis,Released Alive,Carcharhiniformes,emupark,-23.262438095238092,150.8322357142857
2025-12-21,Capricorn Coast,Yeppoon Beach,PIGEYE WHALER,Carcharhinus amboinensis,Deceased,Carcharhiniformes,yeppoonbeach,-23.128226666666666,150.75462666666667
2025-12-21,Townsville,Horseshoe Bay,TIGER SHARK,Galeocerdo cuvier,Euthanised,Carcharhiniformes,horseshoebay,-19.11187361111111,146.85320555555555
2025-12-21,Townsville,Horseshoe Bay,TIGER SHARK,Galeocerdo cuvier,Euthanised,Carcharhiniformes,horseshoebay,-19.11187361111111,146.85320555555555
2025-12-22,Mackay,Blacks Beach,LONG NOSE WHALER,Carcharhinus brevipinna,Released Alive,Carcharhiniformes,blacksbeach,-21.045294444444444,149.19208333333333
2025-12-22,Mackay,Eimeo Beach,LONG NOSE WHALER,Carcharhinus brevipinna,Deceased,Carcharhiniformes,eimeobeach,-21.030911111111113,149.18116666666666
2025-12-22,Mackay,Bucasia Beach,SPOT-TAIL WHALER,Carcharhinus sorrah,Deceased,Carcharhiniformes,bucasiabeach,-21.0204,149.16325277777779
2025-12-22,Mackay,Eimeo Beach,TAWNY SHARK,Nebrius ferrugineus,Released Alive,Orectolobiformes,eimeobeach,-21.030911111111113,149.18116666666666
2025-12-22,Mackay,Blacks Beach,TIGER SHARK,Galeocerdo cuvier,Released Alive,Carcharhiniformes,blacksbeach,-21.045294444444444,149.19208333333333
2025-12-23,Capricorn Coast,Emu Park,BULL WHALER,Carcharhinus leucas,Deceased,Carcharhiniformes,emupark,-23.262438095238092,150.8322357142857
2025-12-23,Capricorn Coast,Emu Park,COMMON BLACKTIP WHALER,Carcharhinus limbatus,Released Alive,Carcharhiniformes,emupark,-23.262438095238092,150.8322357142857
2025-12-23,Mackay,Eimeo Beach,BULL WHALER,Carcharhinus leucas,Deceased,Carcharhiniformes,eimeobeach,-21.030911111111113,149.18116666666666
2025-12-23,Mackay,Blacks Beach,SPOT-TAIL WHALER,Carcharhinus sorrah,Released Alive,Carcharhiniformes,blacksbeach,-21.045294444444444,149.19208333333333
2025-12-23,Mackay,Eimeo Beach,SPOT-TAIL WHALER,Carcharhinus sorrah,Released Alive,Carcharhiniformes,eimeobeach,-21.030911111111113,149.18116666666666
2025-12-24,Cairns,Palm Cove,LONG NOSE WHALER,Carcharhinus brevipinna,Deceased,Carcharhiniformes,palmcove,-16.744905555555555,145.6754
2025-12-24,Capricorn Coast,Farnborough Beach,GREAT HAMMERHEAD,Sphyrna mokarran,Deceased,Carcharhiniformes,farnboroughbeach,-23.116036666666666,150.75383666666667
2025-12-24,Capricorn Coast,Farnborough Beach,LONG NOSE WHALER,Carcharhinus brevipinna,Deceased,Carcharhiniformes,farnboroughbeach,-23.116036666666666,150.75383666666667
2025-12-24,Gladstone,Tannum Sands,PIGEYE WHALER,Carcharhinus amboinensis,Deceased,Carcharhiniformes,tannumsands,-23.939119444444444,151.3756861111111
2025-12-24,Gladstone,Tannum Sands,SPOT-TAIL WHALER,Carcharhinus sorrah,Deceased,Carcharhiniformes,tannumsands,-23.939119444444444,151.3756861111111
2025-12-24,Mackay,Bucasia Beach,TAWNY SHARK,Nebrius ferrugineus,Released Alive,Orectolobiformes,bucasiabeach,-21.0204,149.16325277777779
2025-12-24,Mackay,Eimeo Beach,TAWNY SHARK,Nebrius ferrugineus,Released Alive,Orectolobiformes,eimeobeach,-21.030911111111113,149.18116666666666
2025-12-24,Townsville,Radical Bay,BULL WHALER,Carcharhinus leucas,Deceased,Carcharhiniformes,radicalbay,-19.108173333333333,146.87670666666668
2025-12-24,Townsville,Horseshoe Bay,SPOT-TAIL WHALER,Carcharhinus sorrah,Deceased,Carcharhiniformes,horseshoebay,-19.11187361111111,146.85320555555555
2025-12-26,Cairns,Ellis Beach,SPOT-TAIL WHALER,Carcharhinus sorrah,Deceased,Carcharhiniformes,ellisbeach,-16.72147142857143,145.65029761904762
2025-12-26,Cairns,Buchans,TAWNY SHARK,Nebrius ferrugineus,Released Alive,Orectolobiformes,buchans,-16.725916666666667,145.66339166666666
2025-12-26,Cairns,Ellis Beach,TIGER SHARK,Galeocerdo cuvier,Released Alive,Carcharhiniformes,ellisbeach,-16.72147142857143,145.65029761904762
2025-12-26,Cairns,Palm Cove,TIGER SHARK,Galeocerdo cuvier,Released Alive,Carcharhiniformes,palmcove,-16.744905555555555,145.6754
2025-12-26,Capricorn Coast,Mullambin Beach,TAWNY SHARK,Nebrius ferrugineus,Deceased,Orectolobiformes,mullambinbeach,-23.18919,150.79873
2025-12-26,Townsville,Horseshoe Bay,SPOT-TAIL WHALER,Carcharhinus sorrah,Deceased,Carcharhiniformes,horseshoebay,-19.11187361111111,146.85320555555555
2025-12-26,Townsville,Alma Bay,TAWNY SHARK,Nebrius ferrugineus,Released Alive,Orectolobiformes,almabay,-19.149697222222223,146.87386944444447
2025-12-26,Townsville,Alma Bay,TIGER SHARK,Galeocerdo cuvier,Released Alive,Carcharhiniformes,almabay,-19.149697222222223,146.87386944444447
2025-12-26,Townsville,Horseshoe Bay,TIGER SHARK,Galeocerdo cuvier,Deceased,Carcharhiniformes,horseshoebay,-19.11187361111111,146.85320555555555
2025-12-27,Cairns,Holloways,SPOT-TAIL WHALER,Carcharhinus sorrah,Deceased,Carcharhiniformes,holloways,-16.83081,145.74805666666666
2025-12-27,Cairns,Holloways,SPOT-TAIL WHALER,Carcharhinus sorrah,Deceased,Carcharhiniformes,holloways,-16.83081,145.74805666666666
2025-12-27,Cairns,Ellis Beach,TAWNY SHARK,Nebrius ferrugineus,Released Alive,Orectolobiformes,ellisbeach,-16.72147142857143,145.65029761904762
2025-12-27,Capricorn Coast,Kemp Beach,BLACKTIP REEF WHALER,Carcharhinus melanopterus,Deceased,Carcharhiniformes,kempbeach,-23.1712,150.79471944444444
2025-12-27,Capricorn Coast,Fishermans Beach,LONG NOSE WHALER,Carcharhinus brevipinna,Deceased,Carcharhiniformes,fishermansbeach,-23.243136666666665,150.82846999999998
2025-12-27,Capricorn Coast,Tanby Point,LONG NOSE WHALER,Carcharhinus brevipinna,Released Alive,Carcharhiniformes,tanbypoint,-23.22792666666667,150.82419666666667
2025-12-27,Capricorn Coast,Yeppoon Beach,SPOT-TAIL WHALER,Carcharhinus sorrah,Deceased,Carcharhiniformes,yeppoonbeach,-23.128226666666666,150.75462666666667
2025-12-27,Mackay,Blacks Beach,LONG NOSE WHALER,Carcharhinus brevipinna,Deceased,Carcharhiniformes,blacksbeach,-21.045294444444444,149.19208333333333
2025-12-27,Mackay,Blacks Beach,LONG NOSE WHALER,Carcharhinus brevipinna,Deceased,Carcharhiniformes,blacksbeach,-21.045294444444444,149.19208333333333
2025-12-27,Mackay,Eimeo Beach,LONG NOSE WHALER,Carcharhinus brevipinna,Deceased,Carcharhiniformes,eimeobeach,-21.030911111111113,149.18116666666666
2025-12-27,Mackay,Blacks Beach,SPOT-TAIL WHALER,Carcharhinus sorrah,Deceased,Carcharhiniformes,blacksbeach,-21.045294444444444,149.19208333333333
2025-12-27,Mackay,Eimeo Beach,SPOT-TAIL WHALER,Carcharhinus sorrah,Deceased,Carcharhiniformes,eimeobeach,-21.030911111111113,149.18116666666666
2025-12-27,Mackay,Bucasia Beach,TAWNY SHARK,Nebrius ferrugineus,Released Alive,Orectolobiformes,bucasiabeach,-21.0204,149.16325277777779
2025-12-27,Mackay,Eimeo Beach,TIGER SHARK,Galeocerdo cuvier,Released Alive,Carcharhiniformes,eimeobeach,-21.030911111111113,149.18116666666666
2025-12-27,Townsville,Horseshoe Bay,COMMON BLACKTIP WHALER,Carcharhinus limbatus,Deceased,Carcharhiniformes,horseshoebay,-19.11187361111111,146.85320555555555
2025-12-27,Townsville,Radical Bay,HARDNOSE WHALER,Carcharhinus macloti,Deceased,Carcharhiniformes,radicalbay,-19.108173333333333,146.87670666666668
2025-12-27,Townsville,Horseshoe Bay,PIGEYE WHALER,Carcharhinus amboinensis,Deceased,Carcharhiniformes,horseshoebay,-19.11187361111111,146.85320555555555
2025-12-27,Townsville,Horseshoe Bay,SPOT-TAIL WHALER,Carcharhinus sorrah,Deceased,Carcharhiniformes,horseshoebay,-19.11187361111111,146.85320555555555
2025-12-27,Townsville,Palarenda Beach,TIGER SHARK,Galeocerdo cuvier,Released Alive,Carcharhiniformes,palarendabeach,-19.198694444444445,146.77763333333334
2025-12-29,Cairns,Ellis Beach,SPOT-TAIL WHALER,Carcharhinus sorrah,Deceased,Carcharhiniformes,ellisbeach,-16.72147142857143,145.65029761904762
2025-12-29,Cairns,Ellis Beach,SPOT-TAIL WHALER,Carcharhinus sorrah,Released Alive,Carcharhiniformes,ellisbeach,-16.72147142857143,145.65029761904762
2025-12-29,Cairns,Ellis Beach,SPOT-TAIL WHALER,Carcharhinus sorrah,Released Alive,Carcharhiniformes,ellisbeach,-16.72147142857143,145.65029761904762
2025-12-30,Gladstone,Tannum Sands,SPOT-TAIL WHALER,Carcharhinus sorrah,Deceased,Carcharhiniformes,tannumsands,-23.939119444444444,151.3756861111111
2025-12-31,Cairns,Palm Cove,BULL WHALER,Carcharhinus leucas,Deceased,Carcharhiniformes,palmcove,-16.744905555555555,145.6754
2025-12-31,Cairns,Palm Cove,SPOT-TAIL WHALER,Carcharhinus sorrah,Deceased,Carcharhiniformes,palmcove,-16.744905555555555,145.6754
2025-12-31,Cairns,Palm Cove,SPOT-TAIL WHALER,Carcharhinus sorrah,Deceased,Carcharhiniformes,palmcove,-16.744905555555555,145.6754
2025-12-31,Capricorn Coast,Emu Park,BULL WHALER,Carcharhinus leucas,Deceased,Carcharhiniformes,emupark,-23.262438095238092,150.8322357142857
2025-12-31,Capricorn Coast,Yeppoon Beach,BULL WHALER,Carcharhinus leucas,Deceased,Carcharhiniformes,yeppoonbeach,-23.128226666666666,150.75462666666667
2025-12-31,Capricorn Coast,Emu Park,LONG NOSE WHALER,Carcharhinus brevipinna,Released Alive,Carcharhiniformes,emupark,-23.262438095238092,150.8322357142857
2025-12-31,Capricorn Coast,Cooee Bay,SPOT-TAIL WHALER,Carcharhinus sorrah,Deceased,Carcharhiniformes,cooeebay,-23.139136666666666,150.76271333333335
2025-12-31,Capricorn Coast,Tanby Point,TAWNY SHARK,Nebrius ferrugineus,Released Alive,Orectolobiformes,tanbypoint,-23.22792666666667,150.82419666666667
2025-12-31,Capricorn Coast,Fishermans Beach,TIGER SHARK,Galeocerdo cuvier,Released Alive,Carcharhiniformes,fishermansbeach,-23.243136666666665,150.82846999999998
2025-12-31,Mackay,Blacks Beach,CREEK WHALER,Carcharhinus fitzroyensis,Deceased,Carcharhiniformes,blacksbeach,-21.045294444444444,149.19208333333333
2025-12-31,Mackay,Blacks Beach,SPOT-TAIL WHALER,Carcharhinus sorrah,Released Alive,Carcharhiniformes,blacksbeach,-21.045294444444444,149.19208333333333
2025-12-31,Mackay,Blacks Beach,TIGER SHARK,Galeocerdo cuvier,Released Alive,Carcharhiniformes,blacksbeach,-21.045294444444444,149.19208333333333
2026-01-01,Cairns,Palm Cove,LONG NOSE WHALER,Carcharhinus brevipinna,Deceased,Carcharhiniformes,palmcove,-16.744905555555555,145.6754
2026-01-01,Cairns,Clifton,LONG NOSE WHALER,Carcharhinus brevipinna,Deceased,Carcharhiniformes,clifton,-16.759525,145.68219583333334
2026-01-01,Cairns,Ellis Beach,SPOT-TAIL WHALER,Carcharhinus sorrah,Deceased,Carcharhiniformes,ellisbeach,-16.72147142857143,145.65029761904762
2026-01-01,Gladstone,Tannum Sands,SPOT-TAIL WHALER,Carcharhinus sorrah,Deceased,Carcharhiniformes,tannumsands,-23.939119444444444,151.3756861111111
2026-01-01,Mackay,Eimeo Beach,CREEK WHALER,Carcharhinus fitzroyensis,Deceased,Carcharhiniformes,eimeobeach,-21.030911111111113,149.18116666666666
2026-01-01,Mackay,Eimeo Beach,LONG NOSE WHALER,Carcharhinus brevipinna,Released Alive,Carcharhiniformes,eimeobeach,-21.030911111111113,149.18116666666666
2026-01-01,Mackay,Bucasia Beach,LONG NOSE WHALER,Carcharhinus brevipinna,Released Alive,Carcharhiniformes,bucasiabeach,-21.0204,149.16325277777779
2026-01-01,Mackay,Eimeo Beach,SCALLOPED HAMMERHEAD,Sphyrna lewini,Deceased,Carcharhiniformes,eimeobeach,-21.030911111111113,149.18116666666666
2026-01-01,Mackay,Bucasia Beach,SPOT-TAIL WHALER,Carcharhinus sorrah,Released Alive,Carcharhiniformes,bucasiabeach,-21.0204,149.16325277777779
2026-01-01,Mackay,Eimeo Beach,TAWNY SHARK,Nebrius ferrugineus,Released Alive,Orectolobiformes,eimeobeach,-21.030911111111113,149.18116666666666
2026-01-01,Townsville,Radical Bay,COMMON BLACKTIP WHA,Carcharhinus limbatus,Deceased,Carcharhiniformes,radicalbay,-19.108173333333333,146.87670666666668
2026-01-01,Townsville,Alma Bay,COMMON BLACKTIP WHA,Carcharhinus limbatus,Deceased,Carcharhiniformes,almabay,-19.149697222222223,146.87386944444447
2026-01-01,Townsville,Florence Bay,PIGEYE WHALER,Carcharhinus amboinensis,Deceased,Carcharhiniformes,florencebay,-19.123693333333332,146.88541
2026-01-01,Townsville,Alma Bay,SPOT-TAIL WHALER,Carcharhinus sorrah,Deceased,Carcharhiniformes,almabay,-19.149697222222223,146.87386944444447
2026-01-02,Cairns,Ellis Beach,SPOT-TAIL WHALER,Carcharhinus sorrah,Deceased,Carcharhiniformes,ellisbeach,-16.72147142857143,145.65029761904762
2026-01-02,Capricorn Coast,Emu Park,LONG NOSE WHALER,Carcharhinus brevipinna,Deceased,Carcharhiniformes,emupark,-23.262438095238092,150.8322357142857
2026-01-02,Capricorn Coast,Fishermans Beach,TAWNY SHARK,Nebrius ferrugineus,Released Alive,Orectolobiformes,fishermansbeach,-23.243136666666665,150.82846999999998
2026-01-02,Mackay,Blacks Beach,LONG NOSE WHALER,Carcharhinus brevipinna,Deceased,Carcharhiniformes,blacksbeach,-21.045294444444444,149.19208333333333
2026-01-02,Mackay,Eimeo Beach,SANDBAR WHALER,Carcharhinus plumbeus,Deceased,Carcharhiniformes,eimeobeach,-21.030911111111113,149.18116666666666
2026-01-02,Mackay,Bucasia Beach,SPOT-TAIL WHALER,Carcharhinus sorrah,Deceased,Carcharhiniformes,bucasiabeach,-21.0204,149.16325277777779
2026-01-02,Townsville,Palarenda Beach,PIGEYE WHALER,Carcharhinus amboinensis,Deceased,Carcharhiniformes,palarendabeach,-19.198694444444445,146.77763333333334
2026-01-03,Capricorn Coast,Fishermans Beach,CREEK WHALER,Carcharhinus fitzroyensis,Released Alive,Carcharhiniformes,fishermansbeach,-23.243136666666665,150.82846999999998
2026-01-03,Capricorn Coast,Emu Park,LONG NOSE WHALER,Carcharhinus brevipinna,Deceased,Carcharhiniformes,emupark,-23.262438095238092,150.8322357142857
2026-01-03,Capricorn Coast,Tanby Point,PIGEYE WHALER,Carcharhinus amboinensis,Deceased,Carcharhiniformes,tanbypoint,-23.22792666666667,150.82419666666667
2026-01-03,Capricorn Coast,Emu Park,PIGEYE WHALER,Carcharhinus amboinensis,Deceased,Carcharhiniformes,emupark,-23.262438095238092,150.8322357142857
2026-01-03,Capricorn Coast,Kemp Beach,PIGEYE WHALER,Carcharhinus amboinensis,Deceased,Carcharhiniformes,kempbeach,-23.1712,150.79471944444444
2026-01-03,Capricorn Coast,Kemp Beach,SHARPTOOTH SHARK,Negaprion acutidens,Released Alive,Carcharhiniformes,kempbeach,-23.1712,150.79471944444444
2026-01-03,Gladstone,Tannum Sands,SPOT-TAIL WHALER,Carcharhinus sorrah,Deceased,Carcharhiniformes,tannumsands,-23.939119444444444,151.3756861111111
2026-01-03,Mackay,Bucasia Beach,CREEK WHALER,Carcharhinus fitzroyensis,Released Alive,Carcharhiniformes,bucasiabeach,-21.0204,149.16325277777779
2026-01-03,Mackay,Eimeo Beach,LONG NOSE WHALER,Carcharhinus brevipinna,Released Alive,Carcharhiniformes,eimeobeach,-21.030911111111113,149.18116666666666
2026-01-03,Mackay,Blacks Beach,SPOT-TAIL WHALER,Carcharhinus sorrah,Deceased,Carcharhiniformes,blacksbeach,-21.045294444444444,149.19208333333333
2026-01-03,Townsville,Picnic Bay,COMMON BLACKTIP WHA,Carcharhinus limbatus,Deceased,Carcharhiniformes,picnicbay,-19.182850000000002,146.84146666666666
2026-01-03,Townsville,Nelly Bay,PIGEYE WHALER,Carcharhinus amboinensis,Released Alive,Carcharhiniformes,nellybay,-19.17364523809524,146.85039523809525
2026-01-03,Townsville,Horseshoe Bay,PIGEYE WHALER,Carcharhinus amboinensis,Deceased,Carcharhiniformes,horseshoebay,-19.11187361111111,146.85320555555555
2026-01-03,Townsville,Horseshoe Bay,PIGEYE WHALER,Carcharhinus amboinensis,Deceased,Carcharhiniformes,horseshoebay,-19.11187361111111,146.85320555555555
2026-01-04,Capricorn Coast,Kemp Beach,BULL WHALER,Carcharhinus leucas,Deceased,Carcharhiniformes,kempbeach,-23.1712,150.79471944444444
2026-01-04,Capricorn Coast,Kemp Beach,BULL WHALER,Carcharhinus leucas,Deceased,Carcharhiniformes,kempbeach,-23.1712,150.79471944444444
2026-01-04,Capricorn Coast,Lammermoor Beach,LONG NOSE WHALER,Carcharhinus brevipinna,Released Alive,Carcharhiniformes,lammermoorbeach,-23.155048484848486,150.77348333333333
2026-01-04,Capricorn Coast,Tanby Point,PIGEYE WHALER,Carcharhinus amboinensis,Deceased,Carcharhiniformes,tanbypoint,-23.22792666666667,150.82419666666667
2026-01-04,Capricorn Coast,Tanby Point,PIGEYE WHALER,Carcharhinus amboinensis,Deceased,Carcharhiniformes,tanbypoint,-23.22792666666667,150.82419666666667
2026-01-04,Mackay,Blacks Beach,BULL WHALER,Carcharhinus leucas,Released Alive,Carcharhiniformes,blacksbeach,-21.045294444444444,149.19208333333333
2026-01-04,Mackay,Eimeo Beach,LONG NOSE WHALER,Carcharhinus brevipinna,Released Alive,Carcharhiniformes,eimeobeach,-21.030911111111113,149.18116666666666
2026-01-05,Capricorn Coast,Kemp Beach,BULL WHALER,Carcharhinus leucas,Deceased,Carcharhiniformes,kempbeach,-23.1712,150.79471944444444
2026-01-05,Capricorn Coast,Farnborough Beach,BULL WHALER,Carcharhinus leucas,Deceased,Carcharhiniformes,farnboroughbeach,-23.116036666666666,150.75383666666667
2026-01-05,Capricorn Coast,Yeppoon Beach,HARDNOSE WHALER,Carcharhinus macloti,Deceased,Carcharhiniformes,yeppoonbeach,-23.128226666666666,150.75462666666667
2026-01-05,Mackay,Blacks Beach,BULL WHALER,Carcharhinus leucas,Released Alive,Carcharhiniformes,blacksbeach,-21.045294444444444,149.19208333333333
2026-01-05,Mackay,Bucasia Beach,SPOT-TAIL WHALER,Carcharhinus sorrah,Deceased,Carcharhiniformes,bucasiabeach,-21.0204,149.16325277777779
2026-01-06,Capricorn Coast,Farnborough Beach,SPOT-TAIL WHALER,Carcharhinus sorrah,Deceased,Carcharhiniformes,farnboroughbeach,-23.116036666666666,150.75383666666667
2026-01-06,Capricorn Coast,Kemp Beach,TAWNY SHARK,Nebrius ferrugineus,Deceased,Orectolobiformes,kempbeach,-23.1712,150.79471944444444
2026-01-06,Mackay,Blacks Beach,LONG NOSE WHALER,Carcharhinus brevipinna,Released Alive,Carcharhiniformes,blacksbeach,-21.045294444444444,149.19208333333333
2026-01-06,Mackay,Blacks Beach,SPOT-TAIL WHALER,Carcharhinus sorrah,Released Alive,Carcharhiniformes,blacksbeach,-21.045294444444444,149.19208333333333
2026-01-06,Mackay,Bucasia Beach,SPOT-TAIL WHALER,Carcharhinus sorrah,Released Alive,Carcharhiniformes,bucasiabeach,-21.0204,149.16325277777779
2026-01-07,Cairns,Clifton,SPOT-TAIL WHALER,Carcharhinus sorrah,Deceased,Carcharhiniformes,clifton,-16.759525,145.68219583333334
2026-01-07,Capricorn Coast,Tanby Point,BULL WHALER,Carcharhinus leucas,Released Alive,Carcharhiniformes,tanbypoint,-23.22792666666667,150.82419666666667
2026-01-07,Capricorn Coast,Farnborough Beach,BULL WHALER,Carcharhinus leucas,Deceased,Carcharhiniformes,farnboroughbeach,-23.116036666666666,150.75383666666667
2026-01-07,Capricorn Coast,Fishermans Beach,BULL WHALER,Carcharhinus leucas,Deceased,Carcharhiniformes,fishermansbeach,-23.243136666666665,150.82846999999998
2026-01-07,Capricorn Coast,Cooee Bay,BULL WHALER,Carcharhinus leucas,Deceased,Carcharhiniformes,cooeebay,-23.139136666666666,150.76271333333335
2026-01-07,Capricorn Coast,Tanby Point,BULL WHALER,Carcharhinus leucas,Deceased,Carcharhiniformes,tanbypoint,-23.22792666666667,150.82419666666667
2026-01-07,Capricorn Coast,Lammermoor Beach,BULL WHALER,Carcharhinus leucas,Deceased,Carcharhiniformes,lammermoorbeach,-23.155048484848486,150.77348333333333
2026-01-07,Capricorn Coast,Yeppoon Beach,PIGEYE WHALER,Carcharhinus amboinensis,Deceased,Carcharhiniformes,yeppoonbeach,-23.128226666666666,150.75462666666667
2026-01-07,Capricorn Coast,Yeppoon Beach,PIGEYE WHALER,Carcharhinus amboinensis,Deceased,Carcharhiniformes,yeppoonbeach,-23.128226666666666,150.75462666666667
2026-01-07,Gladstone,Tannum Sands,TIGER SHARK,Galeocerdo cuvier,Deceased,Carcharhiniformes,tannumsands,-23.939119444444444,151.3756861111111
2026-01-07,Mackay,Blacks Beach,LONG NOSE WHALER,Carcharhinus brevipinna,Released Alive,Carcharhiniformes,blacksbeach,-21.045294444444444,149.19208333333333
2026-01-07,Mackay,Eimeo Beach,LONG NOSE WHALER,Carcharhinus brevipinna,Deceased,Carcharhiniformes,eimeobeach,-21.030911111111113,149.18116666666666
2026-01-07,Mackay,Blacks Beach,LONG NOSE WHALER,Carcharhinus brevipinna,Deceased,Carcharhiniformes,blacksbeach,-21.045294444444444,149.19208333333333
2026-01-07,Mackay,Bucasia Beach,SANDBAR WHALER,Carcharhinus plumbeus,Deceased,Carcharhiniformes,bucasiabeach,-21.0204,149.16325277777779
2026-01-07,Mackay,Bucasia Beach,SPOT-TAIL WHALER,Carcharhinus sorrah,Deceased,Carcharhiniformes,bucasiabeach,-21.0204,149.16325277777779
2026-01-07,Townsville,Florence Bay,TAWNY SHARK,Nebrius ferrugineus,Released Alive,Orectolobiformes,florencebay,-19.123693333333332,146.88541
2026-01-08,Townsville,Horseshoe Bay,PIGEYE WHALER,Carcharhinus amboinensis,Euthanised,Carcharhiniformes,horseshoebay,-19.11187361111111,146.85320555555555
2026-01-09,Townsville,Florence Bay,GREAT HAMMERHEAD,Sphyrna mokarran,Released Alive,Carcharhiniformes,florencebay,-19.123693333333332,146.88541
2026-01-09,Townsville,Radical Bay,MILK SHARK,Rhizoprionodon acutus,Deceased,Carcharhiniformes,radicalbay,-19.108173333333333,146.87670666666668
2026-01-09,Townsville,Alma Bay,TAWNY SHARK,Nebrius ferrugineus,Released Alive,Orectolobiformes,almabay,-19.149697222222223,146.87386944444447
2026-01-10,Gladstone,Tannum Sands,PIGEYE WHALER,Carcharhinus amboinensis,Deceased,Carcharhiniformes,tannumsands,-23.939119444444444,151.3756861111111
2026-01-13,Cairns,Ellis Beach,PIGEYE WHALER,Carcharhinus amboinensis,Released Alive,Carcharhiniformes,ellisbeach,-16.72147142857143,145.65029761904762
2026-01-13,Capricorn Coast,Fishermans Beach,BULL WHALER,Carcharhinus leucas,Released Alive,Carcharhiniformes,fishermansbeach,-23.243136666666665,150.82846999999998
2026-01-13,Mackay,Blacks Beach,BULL WHALER,Carcharhinus leucas,Released Alive,Carcharhiniformes,blacksbeach,-21.045294444444444,149.19208333333333
2026-01-13,Townsville,Horseshoe Bay,PIGEYE WHALER,Carcharhinus amboinensis,Released Alive,Carcharhiniformes,horseshoebay,-19.11187361111111,146.85320555555555
2026-01-13,Townsville,Horseshoe Bay,PIGEYE WHALER,Carcharhinus amboinensis,Deceased,Carcharhiniformes,horseshoebay,-19.11187361111111,146.85320555555555
2026-01-13,Townsville,Horseshoe Bay,PIGEYE WHALER,Carcharhinus amboinensis,Deceased,Carcharhiniformes,horseshoebay,-19.11187361111111,146.85320555555555
2026-01-13,Townsville,Horseshoe Bay,PIGEYE WHALER,Carcharhinus amboinensis,Deceased,Carcharhiniformes,horseshoebay,-19.11187361111111,146.85320555555555
2026-01-14,Cairns,Trinity,PIGEYE WHALER,Carcharhinus amboinensis,Deceased,Carcharhiniformes,trinity,-16.777091666666667,145.7011611111111
2026-01-14,Cairns,Buchans,SPOT-TAIL WHALER,Carcharhinus sorrah,Deceased,Carcharhiniformes,buchans,-16.725916666666667,145.66339166666666
2026-01-14,Cairns,Ellis Beach,TAWNY SHARK,Nebrius ferrugineus,Released Alive,Orectolobiformes,ellisbeach,-16.72147142857143,145.65029761904762
2026-01-14,Capricorn Coast,Emu Park,BULL WHALER,Carcharhinus leucas,Deceased,Carcharhiniformes,emupark,-23.262438095238092,150.8322357142857
2026-01-14,Capricorn Coast,Emu Park,BULL WHALER,Carcharhinus leucas,Deceased,Carcharhiniformes,emupark,-23.262438095238092,150.8322357142857
2026-01-14,Capricorn Coast,Fishermans Beach,BULL WHALER,Carcharhinus leucas,Euthanised,Carcharhiniformes,fishermansbeach,-23.243136666666665,150.82846999999998
2026-01-14,Capricorn Coast,Fishermans Beach,BULL WHALER,Carcharhinus leucas,Released Alive,Carcharhiniformes,fishermansbeach,-23.243136666666665,150.82846999999998
2026-01-14,Capricorn Coast,Yeppoon Beach,PIGEYE WHALER,Carcharhinus amboinensis,Deceased,Carcharhiniformes,yeppoonbeach,-23.128226666666666,150.75462666666667
2026-01-14,Capricorn Coast,Kemp Beach,PIGEYE WHALER,Carcharhinus amboinensis,Deceased,Carcharhiniformes,kempbeach,-23.1712,150.79471944444444
2026-01-14,Capricorn Coast,Kemp Beach,PIGEYE WHALER,Carcharhinus amboinensis,Deceased,Carcharhiniformes,kempbeach,-23.1712,150.79471944444444
2026-01-14,Capricorn Coast,Fishermans Beach,PIGEYE WHALER,Carcharhinus amboinensis,Deceased,Carcharhiniformes,fishermansbeach,-23.243136666666665,150.82846999999998
2026-01-14,Capricorn Coast,Lammermoor Beach,PIGEYE WHALER,Carcharhinus amboinensis,Deceased,Carcharhiniformes,lammermoorbeach,-23.155048484848486,150.77348333333333
2026-01-14,Capricorn Coast,Tanby Point,PIGEYE WHALER,Carcharhinus amboinensis,Deceased,Carcharhiniformes,tanbypoint,-23.22792666666667,150.82419666666667
2026-01-14,Capricorn Coast,Emu Park,PIGEYE WHALER,Carcharhinus amboinensis,Released Alive,Carcharhiniformes,emupark,-23.262438095238092,150.8322357142857
2026-01-14,Capricorn Coast,Emu Park,PIGEYE WHALER,Carcharhinus amboinensis,Released Alive,Carcharhiniformes,emupark,-23.262438095238092,150.8322357142857
2026-01-14,Capricorn Coast,Tanby Point,SHARPTOOTH SHARK,Negaprion acutidens,Deceased,Carcharhiniformes,tanbypoint,-23.22792666666667,150.82419666666667
2026-01-14,Mackay,Eimeo Beach,LONG NOSE WHALER,Carcharhinus brevipinna,Released Alive,Carcharhiniformes,eimeobeach,-21.030911111111113,149.18116666666666
2026-01-14,Mackay,Bucasia Beach,LONG NOSE WHALER,Carcharhinus brevipinna,Released Alive,Carcharhiniformes,bucasiabeach,-21.0204,149.16325277777779
2026-01-14,Townsville,Nelly Bay,SPOT-TAIL WHALER,Carcharhinus sorrah,Deceased,Carcharhiniformes,nellybay,-19.17364523809524,146.85039523809525
2026-01-14,Townsville,Palarenda Beach,TIGER SHARK,Galeocerdo cuvier,Released Alive,Carcharhiniformes,palarendabeach,-19.198694444444445,146.77763333333334
2026-01-15,Cairns,Clifton,LONG NOSE WHALER,Carcharhinus brevipinna,Deceased,Carcharhiniformes,clifton,-16.759525,145.68219583333334
2026-01-15,Mackay,Blacks Beach,BULL WHALER,Carcharhinus leucas,Deceased,Carcharhiniformes,blacksbeach,-21.045294444444444,149.19208333333333
2026-01-15,Mackay,Eimeo Beach,LONG NOSE WHALER,Carcharhinus brevipinna,Deceased,Carcharhiniformes,eimeobeach,-21.030911111111113,149.18116666666666
2026-01-15,Mackay,Eimeo Beach,TAWNY SHARK,Nebrius ferrugineus,Released Alive,Orectolobiformes,eimeobeach,-21.030911111111113,149.18116666666666
2026-01-15,Townsville,Florence Bay,COMMON BLACKTIP WHA,Carcharhinus limbatus,Deceased,Carcharhiniformes,florencebay,-19.123693333333332,146.88541
2026-01-15,Townsville,Horseshoe Bay,MILK SHARK,Rhizoprionodon acutus,Deceased,Carcharhiniformes,horseshoebay,-19.11187361111111,146.85320555555555
2026-01-15,Townsville,Radical Bay,PIGEYE WHALER,Carcharhinus amboinensis,Deceased,Carcharhiniformes,radicalbay,-19.108173333333333,146.87670666666668
2026-01-15,Townsville,Radical Bay,TIGER SHARK,Galeocerdo cuvier,Released Alive,Carcharhiniformes,radicalbay,-19.108173333333333,146.87670666666668
2026-01-15,Townsville,Radical Bay,TIGER SHARK,Galeocerdo cuvier,Released Alive,Carcharhiniformes,radicalbay,-19.108173333333333,146.87670666666668
2026-01-16,Cairns,Palm Cove,LONG NOSE WHALER,Carcharhinus brevipinna,Released Alive,Carcharhiniformes,palmcove,-16.744905555555555,145.6754
2026-01-16,Cairns,Ellis Beach,SPOT-TAIL WHALER,Carcharhinus sorrah,Deceased,Carcharhiniformes,ellisbeach,-16.72147142857143,145.65029761904762
2026-01-16,Cairns,Ellis Beach,SPOT-TAIL WHALER,Carcharhinus sorrah,Deceased,Carcharhiniformes,ellisbeach,-16.72147142857143,145.65029761904762
2026-01-16,Cairns,Trinity,TIGER SHARK,Galeocerdo cuvier,Deceased,Carcharhiniformes,trinity,-16.777091666666667,145.7011611111111
2026-01-16,Capricorn Coast,Lammermoor Beach,BULL WHALER,Carcharhinus leucas,Released Alive,Carcharhiniformes,lammermoorbeach,-23.155048484848486,150.77348333333333
2026-01-16,Capricorn Coast,Emu Park,BULL WHALER,Carcharhinus leucas,Deceased,Carcharhiniformes,emupark,-23.262438095238092,150.8322357142857
2026-01-16,Capricorn Coast,Emu Park,BULL WHALER,Carcharhinus leucas,Released Alive,Carcharhiniformes,emupark,-23.262438095238092,150.8322357142857
2026-01-16,Capricorn Coast,Cooee Bay,PIGEYE WHALER,Carcharhinus amboinensis,Deceased,Carcharhiniformes,cooeebay,-23.139136666666666,150.76271333333335
2026-01-16,Townsville,Radical Bay,SPOT-TAIL WHALER,Carcharhinus sorrah,Deceased,Carcharhiniformes,radicalbay,-19.108173333333333,146.87670666666668
2026-01-17,Cairns,Yorkeys,LONG NOSE WHALER,Carcharhinus brevipinna,Deceased,Carcharhiniformes,yorkeys,-16.805583333333335,145.73073
2026-01-17,Capricorn Coast,Farnborough Beach,BULL WHALER,Carcharhinus leucas,Deceased,Carcharhiniformes,farnboroughbeach,-23.116036666666666,150.75383666666667
2026-01-17,Capricorn Coast,Emu Park,BULL WHALER,Carcharhinus leucas,Released Alive,Carcharhiniformes,emupark,-23.262438095238092,150.8322357142857
2026-01-17,Townsville,Horseshoe Bay,COMMON BLACKTIP WHA,Carcharhinus limbatus,Deceased,Carcharhiniformes,horseshoebay,-19.11187361111111,146.85320555555555
2026-01-17,Townsville,Alma Bay,SHARPTOOTH SHARK,Negaprion acutidens,Released Alive,Carcharhiniformes,almabay,-19.149697222222223,146.87386944444447
2026-01-17,Townsville,Horseshoe Bay,SPOT-TAIL WHALER,Carcharhinus sorrah,Deceased,Carcharhiniformes,horseshoebay,-19.11187361111111,146.85320555555555
2026-01-17,Townsville,Nelly Bay,TAWNY SHARK,Nebrius ferrugineus,Released Alive,Orectolobiformes,nellybay,-19.17364523809524,146.85039523809525
2026-01-18,Capricorn Coast,Mullambin Beach,BULL WHALER,Carcharhinus leucas,Deceased,Carcharhiniformes,mullambinbeach,-23.18919,150.79873
2026-01-18,Capricorn Coast,Tanby Point,BULL WHALER,Carcharhinus leucas,Released Alive,Carcharhiniformes,tanbypoint,-23.22792666666667,150.82419666666667
2026-01-18,Capricorn Coast,Emu Park,BULL WHALER,Carcharhinus leucas,Released Alive,Carcharhiniformes,emupark,-23.262438095238092,150.8322357142857
2026-01-18,Gladstone,Tannum Sands,PIGEYE WHALER,Carcharhinus amboinensis,Deceased,Carcharhiniformes,tannumsands,-23.939119444444444,151.3756861111111
2026-01-18,Mackay,Blacks Beach,LONG NOSE WHALER,Carcharhinus brevipinna,Released Alive,Carcharhiniformes,blacksbeach,-21.045294444444444,149.19208333333333
2026-01-18,Mackay,Blacks Beach,SANDBAR WHALER,Carcharhinus plumbeus,Deceased,Carcharhiniformes,blacksbeach,-21.045294444444444,149.19208333333333
2026-01-18,Mackay,Bucasia Beach,TAWNY SHARK,Nebrius ferrugineus,Released Alive,Orectolobiformes,bucasiabeach,-21.0204,149.16325277777779
2026-01-19,Capricorn Coast,Tanby Point,BULL WHALER,Carcharhinus leucas,Deceased,Carcharhiniformes,tanbypoint,-23.22792666666667,150.82419666666667
2026-01-19,Capricorn Coast,Farnborough Beach,BULL WHALER,Carcharhinus leucas,Deceased,Carcharhiniformes,farnboroughbeach,-23.116036666666666,150.75383666666667
2026-01-19,Mackay,Eimeo Beach,SPOT-TAIL WHALER,Carcharhinus sorrah,Deceased,Carcharhiniformes,eimeobeach,-21.030911111111113,149.18116666666666
2026-01-20,Cairns,Clifton,TAWNY SHARK,Nebrius ferrugineus,Released Alive,Orectolobiformes,clifton,-16.759525,145.68219583333334
2026-01-20,Cairns,Palm Cove,TIGER SHARK,Galeocerdo cuvier,Released Alive,Carcharhiniformes,palmcove,-16.744905555555555,145.6754
2026-01-21,Cairns,Palm Cove,GREAT HAMMERHEAD,Sphyrna mokarran,Released Alive,Carcharhiniformes,palmcove,-16.744905555555555,145.6754
2026-01-21,Cairns,Palm Cove,SPOT-TAIL WHALER,Carcharhinus sorrah,Released Alive,Carcharhiniformes,palmcove,-16.744905555555555,145.6754
2026-01-21,Cairns,Palm Cove,SPOT-TAIL WHALER,Carcharhinus sorrah,Deceased,Carcharhiniformes,palmcove,-16.744905555555555,145.6754
2026-01-21,Cairns,Ellis Beach,SPOT-TAIL WHALER,Carcharhinus sorrah,Released Alive,Carcharhiniformes,ellisbeach,-16.72147142857143,145.65029761904762
2026-01-21,Capricorn Coast,Emu Park,BULL WHALER,Carcharhinus leucas,Released Alive,Carcharhiniformes,emupark,-23.262438095238092,150.8322357142857
2026-01-21,Capricorn Coast,Tanby Point,BULL WHALER,Carcharhinus leucas,Released Alive,Carcharhiniformes,tanbypoint,-23.22792666666667,150.82419666666667
2026-01-21,Capricorn Coast,Mullambin Beach,BULL WHALER,Carcharhinus leucas,Released Alive,Carcharhiniformes,mullambinbeach,-23.18919,150.79873
2026-01-21,Capricorn Coast,Fishermans Beach,PIGEYE WHALER,Carcharhinus amboinensis,Released Alive,Carcharhiniformes,fishermansbeach,-23.243136666666665,150.82846999999998
2026-01-21,Townsville,Alma Bay,BULL WHALER,Carcharhinus leucas,Deceased,Carcharhiniformes,almabay,-19.149697222222223,146.87386944444447
2026-01-21,Townsville,Palarenda Beach,PIGEYE WHALER,Carcharhinus amboinensis,Deceased,Carcharhiniformes,palarendabeach,-19.198694444444445,146.77763333333334
2026-01-22,Cairns,Ellis Beach,SPOT-TAIL WHALER,Carcharhinus sorrah,Deceased,Carcharhiniformes,ellisbeach,-16.72147142857143,145.65029761904762
2026-01-22,Cairns,Ellis Beach,SPOT-TAIL WHALER,Carcharhinus sorrah,Deceased,Carcharhiniformes,ellisbeach,-16.72147142857143,145.65029761904762
2026-01-22,Cairns,Palm Cove,SPOT-TAIL WHALER,Carcharhinus sorrah,Deceased,Carcharhiniformes,palmcove,-16.744905555555555,145.6754
2026-01-22,Cairns,Palm Cove,TIGER SHARK,Galeocerdo cuvier,Released Alive,Carcharhiniformes,palmcove,-16.744905555555555,145.6754
2026-01-22,Capricorn Coast,Emu Park,BULL WHALER,Carcharhinus leucas,Deceased,Carcharhiniformes,emupark,-23.262438095238092,150.8322357142857
2026-01-22,Capricorn Coast,Lammermoor Beach,BULL WHALER,Carcharhinus leucas,Deceased,Carcharhiniformes,lammermoorbeach,-23.155048484848486,150.77348333333333
2026-01-22,Capricorn Coast,Fishermans Beach,BULL WHALER,Carcharhinus leucas,Deceased,Carcharhiniformes,fishermansbeach,-23.243136666666665,150.82846999999998
2026-01-22,Capricorn Coast,Kemp Beach,BULL WHALER,Carcharhinus leucas,Deceased,Carcharhiniformes,kempbeach,-23.1712,150.79471944444444
2026-01-22,Capricorn Coast,Tanby Point,BULL WHALER,Carcharhinus leucas,Deceased,Carcharhiniformes,tanbypoint,-23.22792666666667,150.82419666666667
2026-01-22,Capricorn Coast,Emu Park,BULL WHALER,Carcharhinus leucas,Deceased,Carcharhiniformes,emupark,-23.262438095238092,150.8322357142857
2026-01-22,Capricorn Coast,Fishermans Beach,BULL WHALER,Carcharhinus leucas,Deceased,Carcharhiniformes,fishermansbeach,-23.243136666666665,150.82846999999998
2026-01-22,Capricorn Coast,Farnborough Beach,BULL WHALER,Carcharhinus leucas,Deceased,Carcharhiniformes,farnboroughbeach,-23.116036666666666,150.75383666666667
2026-01-22,Capricorn Coast,Kemp Beach,PIGEYE WHALER,Carcharhinus amboinensis,Deceased,Carcharhiniformes,kempbeach,-23.1712,150.79471944444444
2026-01-22,Townsville,Florence Bay,COMMON BLACKTIP WHA,Carcharhinus limbatus,Deceased,Carcharhiniformes,florencebay,-19.123693333333332,146.88541
2026-01-22,Townsville,Radical Bay,SPOT-TAIL WHALER,Carcharhinus sorrah,Deceased,Carcharhiniformes,radicalbay,-19.108173333333333,146.87670666666668
2026-01-22,Townsville,Horseshoe Bay,SPOT-TAIL WHALER,Carcharhinus sorrah,Deceased,Carcharhiniformes,horseshoebay,-19.11187361111111,146.85320555555555
2026-01-23,Cairns,Clifton,GREAT HAMMERHEAD,Sphyrna mokarran,Released Alive,Carcharhiniformes,clifton,-16.759525,145.68219583333334
2026-01-23,Capricorn Coast,Fishermans Beach,BULL WHALER,Carcharhinus leucas,Deceased,Carcharhiniformes,fishermansbeach,-23.243136666666665,150.82846999999998
2026-01-23,Capricorn Coast,Emu Park,BULL WHALER,Carcharhinus leucas,Released Alive,Carcharhiniformes,emupark,-23.262438095238092,150.8322357142857
2026-01-23,Capricorn Coast,Mullambin Beach,BULL WHALER,Carcharhinus leucas,Deceased,Carcharhiniformes,mullambinbeach,-23.18919,150.79873
2026-01-23,Capricorn Coast,Emu Park,BULL WHALER,Carcharhinus leucas,Deceased,Carcharhiniformes,emupark,-23.262438095238092,150.8322357142857
2026-01-23,Capricorn Coast,Fishermans Beach,BULL WHALER,Carcharhinus leucas,Deceased,Carcharhiniformes,fishermansbeach,-23.243136666666665,150.82846999999998
2026-01-23,Capricorn Coast,Tanby Point,PIGEYE WHALER,Carcharhinus amboinensis,Deceased,Carcharhiniformes,tanbypoint,-23.22792666666667,150.82419666666667
2026-01-24,Cairns,Yorkeys,LONG NOSE WHALER,Carcharhinus brevipinna,Deceased,Carcharhiniformes,yorkeys,-16.805583333333335,145.73073
2026-01-24,Capricorn Coast,Emu Park,BULL WHALER,Carcharhinus leucas,Deceased,Carcharhiniformes,emupark,-23.262438095238092,150.8322357142857
2026-01-24,Capricorn Coast,Emu Park,BULL WHALER,Carcharhinus leucas,Deceased,Carcharhiniformes,emupark,-23.262438095238092,150.8322357142857
2026-01-24,Townsville,Nelly Bay,BULL WHALER,Carcharhinus leucas,Deceased,Carcharhiniformes,nellybay,-19.17364523809524,146.85039523809525
2026-01-24,Townsville,Picnic Bay,TAWNY SHARK,Nebrius ferrugineus,Released Alive,Orectolobiformes,picnicbay,-19.182850000000002,146.84146666666666
2026-01-25,Capricorn Coast,Emu Park,BULL WHALER,Carcharhinus leucas,Deceased,Carcharhiniformes,emupark,-23.262438095238092,150.8322357142857
2026-01-25,Capricorn Coast,Emu Park,BULL WHALER,Carcharhinus leucas,Released Alive,Carcharhiniformes,emupark,-23.262438095238092,150.8322357142857
2026-01-25,Capricorn Coast,Farnborough Beach,BULL WHALER,Carcharhinus leucas,Deceased,Carcharhiniformes,farnboroughbeach,-23.116036666666666,150.75383666666667
2026-01-25,Capricorn Coast,Fishermans Beach,PIGEYE WHALER,Carcharhinus amboinensis,Deceased,Carcharhiniformes,fishermansbeach,-23.243136666666665,150.82846999999998
2026-01-26,Cairns,Palm Cove,SPOT-TAIL WHALER,Carcharhinus sorrah,Released Alive,Carcharhiniformes,palmcove,-16.744905555555555,145.6754
2026-01-26,Cairns,Clifton,SPOT-TAIL WHALER,Carcharhinus sorrah,Deceased,Carcharhiniformes,clifton,-16.759525,145.68219583333334
2026-01-26,Cairns,Clifton,TIGER SHARK,Galeocerdo cuvier,Released Alive,Carcharhiniformes,clifton,-16.759525,145.68219583333334
2026-01-26,Townsville,Horseshoe Bay,COMMON BLACKTIP WHA,Carcharhinus limbatus,Deceased,Carcharhiniformes,horseshoebay,-19.11187361111111,146.85320555555555
2026-01-27,Cairns,Ellis Beach,SPOT-TAIL WHALER,Carcharhinus sorrah,Deceased,Carcharhiniformes,ellisbeach,-16.72147142857143,145.65029761904762
2026-01-27,Capricorn Coast,Cooee Bay,BULL WHALER,Carcharhinus leucas,Deceased,Carcharhiniformes,cooeebay,-23.139136666666666,150.76271333333335
2026-01-27,Capricorn Coast,Mullambin Beach,BULL WHALER,Carcharhinus leucas,Deceased,Carcharhiniformes,mullambinbeach,-23.18919,150.79873
2026-01-27,Capricorn Coast,Kemp Beach,BULL WHALER,Carcharhinus leucas,Deceased,Carcharhiniformes,kempbeach,-23.1712,150.79471944444444
2026-01-27,Capricorn Coast,Kemp Beach,BULL WHALER,Carcharhinus leucas,Deceased,Carcharhiniformes,kempbeach,-23.1712,150.79471944444444
2026-01-27,Townsville,Nelly Bay,TAWNY SHARK,Nebrius ferrugineus,Released Alive,Orectolobiformes,nellybay,-19.17364523809524,146.85039523809525
2026-01-28,Capricorn Coast,Farnborough Beach,BULL WHALER,Carcharhinus leucas,Deceased,Carcharhiniformes,farnboroughbeach,-23.116036666666666,150.75383666666667
2026-01-28,Capricorn Coast,Emu Park,BULL WHALER,Carcharhinus leucas,Deceased,Carcharhiniformes,emupark,-23.262438095238092,150.8322357142857
2026-01-28,Townsville,Picnic Bay,BLACKTIP REEF WHALER,Carcharhinus melanopterus,Deceased,Carcharhiniformes,picnicbay,-19.182850000000002,146.84146666666666
2026-01-28,Townsville,Florence Bay,BULL WHALER,Carcharhinus leucas,Deceased,Carcharhiniformes,florencebay,-19.123693333333332,146.88541
2026-01-29,Cairns,Ellis Beach,SPOT-TAIL WHALER,Carcharhinus sorrah,Deceased,Carcharhiniformes,ellisbeach,-16.72147142857143,145.65029761904762
2026-01-29,Cairns,Ellis Beach,TIGER SHARK,Galeocerdo cuvier,Released Alive,Carcharhiniformes,ellisbeach,-16.72147142857143,145.65029761904762
2026-01-29,Townsville,Horseshoe Bay,BLACKTIP REEF WHALER,Carcharhinus melanopterus,Deceased,Carcharhiniformes,horseshoebay,-19.11187361111111,146.85320555555555
2026-01-29,Townsville,Horseshoe Bay,TIGER SHARK,Galeocerdo cuvier,Deceased,Carcharhiniformes,horseshoebay,-19.11187361111111,146.85320555555555
2026-01-30,Cairns,Clifton,SPOT-TAIL WHALER,Carcharhinus sorrah,Deceased,Carcharhiniformes,clifton,-16.759525,145.68219583333334
2026-01-30,Townsville,Picnic Bay,COMMON BLACKTIP WHA,Carcharhinus limbatus,Deceased,Carcharhiniformes,picnicbay,-19.182850000000002,146.84146666666666
2026-01-30,Townsville,Horseshoe Bay,COMMON BLACKTIP WHA,Carcharhinus limbatus,Deceased,Carcharhiniformes,horseshoebay,-19.11187361111111,146.85320555555555
2026-01-30,Townsville,Horseshoe Bay,COMMON BLACKTIP WHA,Carcharhinus limbatus,Deceased,Carcharhiniformes,horseshoebay,-19.11187361111111,146.85320555555555
2026-01-30,Townsville,Picnic Bay,COMMON BLACKTIP WHA,Carcharhinus limbatus,Deceased,Carcharhiniformes,picnicbay,-19.182850000000002,146.84146666666666
2026-01-30,Townsville,Horseshoe Bay,SPOT-TAIL WHALER,Carcharhinus sorrah,Deceased,Carcharhiniformes,horseshoebay,-19.11187361111111,146.85320555555555
2026-01-30,Townsville,Horseshoe Bay,SPOT-TAIL WHALER,Carcharhinus sorrah,Deceased,Carcharhiniformes,horseshoebay,-19.11187361111111,146.85320555555555
2026-01-31,Capricorn Coast,Emu Park,BULL WHALER,Carcharhinus leucas,Released Alive,Carcharhiniformes,emupark,-23.262438095238092,150.8322357142857
2026-01-31,Capricorn Coast,Emu Park,BULL WHALER,Carcharhinus leucas,Released Alive,Carcharhiniformes,emupark,-23.262438095238092,150.8322357142857
2026-01-31,Townsville,Florence Bay,PIGEYE WHALER,Carcharhinus amboinensis,Deceased,Carcharhiniformes,florencebay,-19.123693333333332,146.88541
2026-01-31,Townsville,Picnic Bay,TAWNY SHARK,Nebrius ferrugineus,Released Alive,Orectolobiformes,picnicbay,-19.182850000000002,146.84146666666666
2026-01-31,Townsville,Radical Bay,TIGER SHARK,Galeocerdo cuvier,Deceased,Carcharhiniformes,radicalbay,-19.108173333333333,146.87670666666668
2026-02-01,Capricorn Coast,Tanby Point,BULL WHALER,Carcharhinus leucas,Deceased,Carcharhiniformes,tanbypoint,-23.22792666666667,150.82419666666667
2026-02-01,Capricorn Coast,Fishermans Beach,BULL WHALER,Carcharhinus leucas,Released Alive,Carcharhiniformes,fishermansbeach,-23.243136666666665,150.82846999999998
2026-02-01,Capricorn Coast,Emu Park,BULL WHALER,Carcharhinus leucas,Deceased,Carcharhiniformes,emupark,-23.262438095238092,150.8322357142857
2026-02-01,Capricorn Coast,Farnborough Beach,BULL WHALER,Carcharhinus leucas,Deceased,Carcharhiniformes,farnboroughbeach,-23.116036666666666,150.75383666666667
2026-02-01,Capricorn Coast,Kemp Beach,BULL WHALER,Carcharhinus leucas,Deceased,Carcharhiniformes,kempbeach,-23.1712,150.79471944444444
2026-02-01,Capricorn Coast,Emu Park,BULL WHALER,Carcharhinus leucas,Released Alive,Carcharhiniformes,emupark,-23.262438095238092,150.8322357142857
2026-02-01,Capricorn Coast,Tanby Point,PIGEYE WHALER,Carcharhinus amboinensis,Deceased,Carcharhiniformes,tanbypoint,-23.22792666666667,150.82419666666667
2026-02-01,Capricorn Coast,Yeppoon Beach,PIGEYE WHALER,Carcharhinus amboinensis,Deceased,Carcharhiniformes,yeppoonbeach,-23.128226666666666,150.75462666666667
2026-02-02,Capricorn Coast,Emu Park,BULL WHALER,Carcharhinus leucas,Deceased,Carcharhiniformes,emupark,-23.262438095238092,150.8322357142857
2026-02-02,Capricorn Coast,Farnborough Beach,BULL WHALER,Carcharhinus leucas,Deceased,Carcharhiniformes,farnboroughbeach,-23.116036666666666,150.75383666666667
2026-02-02,Capricorn Coast,Emu Park,PIGEYE WHALER,Carcharhinus amboinensis,Deceased,Carcharhiniformes,emupark,-23.262438095238092,150.8322357142857
2026-02-03,Cairns,Yorkeys,TIGER SHARK,Galeocerdo cuvier,Deceased,Carcharhiniformes,yorkeys,-16.805583333333335,145.73073
2026-02-03,Townsville,Horseshoe Bay,PIGEYE WHALER,Carcharhinus amboinensis,Deceased,Carcharhiniformes,horseshoebay,-19.11187361111111,146.85320555555555
2026-02-04,Cairns,Yorkeys,BULL WHALER,Carcharhinus leucas,Deceased,Carcharhiniformes,yorkeys,-16.805583333333335,145.73073
2026-02-04,Cairns,Palm Cove,BULL WHALER,Carcharhinus leucas,Released Alive,Carcharhiniformes,palmcove,-16.744905555555555,145.6754
2026-02-04,Cairns,Palm Cove,LONG NOSE WHALER,Carcharhinus brevipinna,Deceased,Carcharhiniformes,palmcove,-16.744905555555555,145.6754
2026-02-04,Cairns,Ellis Beach,SPOT-TAIL WHALER,Carcharhinus sorrah,Deceased,Carcharhiniformes,ellisbeach,-16.72147142857143,145.65029761904762
2026-02-04,Cairns,Trinity,TAWNY SHARK,Nebrius ferrugineus,Released Alive,Orectolobiformes,trinity,-16.777091666666667,145.7011611111111
2026-02-04,Townsville,Horseshoe Bay,COMMON BLACKTIP WHA,Carcharhinus limbatus,Deceased,Carcharhiniformes,horseshoebay,-19.11187361111111,146.85320555555555
2026-02-04,Townsville,Palarenda Beach,COMMON BLACKTIP WHA,Carcharhinus limbatus,Deceased,Carcharhiniformes,palarendabeach,-19.198694444444445,146.77763333333334
2026-02-04,Townsville,Nelly Bay,TAWNY SHARK,Nebrius ferrugineus,Released Alive,Orectolobiformes,nellybay,-19.17364523809524,146.85039523809525
2026-02-05,Townsville,Florence Bay,COMMON BLACKTIP WHA,Carcharhinus limbatus,Deceased,Carcharhiniformes,florencebay,-19.123693333333332,146.88541
2026-02-05,Townsville,Nelly Bay,TAWNY SHARK,Nebrius ferrugineus,Released Alive,Orectolobiformes,nellybay,-19.17364523809524,146.85039523809525
2026-02-05,Townsville,Florence Bay,TIGER SHARK,Galeocerdo cuvier,Released Alive,Carcharhiniformes,florencebay,-19.123693333333332,146.88541
2026-02-06,Cairns,Clifton,LONG NOSE WHALER,Carcharhinus brevipinna,Deceased,Carcharhiniformes,clifton,-16.759525,145.68219583333334
2026-02-06,Cairns,Palm Cove,LONG NOSE WHALER,Carcharhinus brevipinna,Deceased,Carcharhiniformes,palmcove,-16.744905555555555,145.6754
2026-02-06,Cairns,Palm Cove,SPOT-TAIL WHALER,Carcharhinus sorrah,Deceased,Carcharhiniformes,palmcove,-16.744905555555555,145.6754
2026-02-06,Cairns,Clifton,TIGER SHARK,Galeocerdo cuvier,Released Alive,Carcharhiniformes,clifton,-16.759525,145.68219583333334
2026-02-06,Capricorn Coast,Kemp Beach,BULL WHALER,Carcharhinus leucas,Deceased,Carcharhiniformes,kempbeach,-23.1712,150.79471944444444
2026-02-06,Capricorn Coast,Farnborough Beach,BULL WHALER,Carcharhinus leucas,Deceased,Carcharhiniformes,farnboroughbeach,-23.116036666666666,150.75383666666667
2026-02-06,Capricorn Coast,Tanby Point,BULL WHALER,Carcharhinus leucas,Deceased,Carcharhiniformes,tanbypoint,-23.22792666666667,150.82419666666667
2026-02-06,Capricorn Coast,Emu Park,BULL WHALER,Carcharhinus leucas,Deceased,Carcharhiniformes,emupark,-23.262438095238092,150.8322357142857
2026-02-06,Capricorn Coast,Farnborough Beach,BULL WHALER,Carcharhinus leucas,Deceased,Carcharhiniformes,farnboroughbeach,-23.116036666666666,150.75383666666667
2026-02-06,Capricorn Coast,Farnborough Beach,BULL WHALER,Carcharhinus leucas,Deceased,Carcharhiniformes,farnboroughbeach,-23.116036666666666,150.75383666666667
2026-02-06,Capricorn Coast,Emu Park,BULL WHALER,Carcharhinus leucas,Released Alive,Carcharhiniformes,emupark,-23.262438095238092,150.8322357142857
2026-02-06,Capricorn Coast,Emu Park,BULL WHALER,Carcharhinus leucas,Released Alive,Carcharhiniformes,emupark,-23.262438095238092,150.8322357142857
2026-02-06,Capricorn Coast,Emu Park,BULL WHALER,Carcharhinus leucas,Released Alive,Carcharhiniformes,emupark,-23.262438095238092,150.8322357142857
2026-02-06,Capricorn Coast,Fishermans Beach,PIGEYE WHALER,Carcharhinus amboinensis,Deceased,Carcharhiniformes,fishermansbeach,-23.243136666666665,150.82846999999998
2026-02-06,Capricorn Coast,Emu Park,PIGEYE WHALER,Carcharhinus amboinensis,Released Alive,Carcharhiniformes,emupark,-23.262438095238092,150.8322357142857
2026-02-06,Capricorn Coast,Emu Park,PIGEYE WHALER,Carcharhinus amboinensis,Released Alive,Carcharhiniformes,emupark,-23.262438095238092,150.8322357142857
2026-02-06,Townsville,Horseshoe Bay,BULL WHALER,Carcharhinus leucas,Deceased,Carcharhiniformes,horseshoebay,-19.11187361111111,146.85320555555555
2026-02-06,Townsville,Radical Bay,SPOT-TAIL WHALER,Carcharhinus sorrah,Deceased,Carcharhiniformes,radicalbay,-19.108173333333333,146.87670666666668
2026-02-06,Townsville,Nelly Bay,SPOT-TAIL WHALER,Carcharhinus sorrah,Deceased,Carcharhiniformes,nellybay,-19.17364523809524,146.85039523809525
2026-02-06,Townsville,Radical Bay,TIGER SHARK,Galeocerdo cuvier,Released Alive,Carcharhiniformes,radicalbay,-19.108173333333333,146.87670666666668
2026-02-06,Townsville,Alma Bay,TIGER SHARK,Galeocerdo cuvier,Deceased,Carcharhiniformes,almabay,-19.149697222222223,146.87386944444447
2026-02-07,Cairns,Holloways,SPOT-TAIL WHALER,Carcharhinus sorrah,Deceased,Carcharhiniformes,holloways,-16.83081,145.74805666666666
2026-02-07,Cairns,Holloways,TIGER SHARK,Galeocerdo cuvier,Deceased,Carcharhiniformes,holloways,-16.83081,145.74805666666666
2026-02-07,Capricorn Coast,Kemp Beach,BULL WHALER,Carcharhinus leucas,Deceased,Carcharhiniformes,kempbeach,-23.1712,150.79471944444444
2026-02-07,Capricorn Coast,Yeppoon Beach,BULL WHALER,Carcharhinus leucas,Deceased,Carcharhiniformes,yeppoonbeach,-23.128226666666666,150.75462666666667
2026-02-07,Capricorn Coast,Cooee Bay,BULL WHALER,Carcharhinus leucas,Deceased,Carcharhiniformes,cooeebay,-23.139136666666666,150.76271333333335
2026-02-07,Capricorn Coast,Emu Park,PIGEYE WHALER,Carcharhinus amboinensis,Deceased,Carcharhiniformes,emupark,-23.262438095238092,150.8322357142857
2026-02-07,Capricorn Coast,Mullambin Beach,PIGEYE WHALER,Carcharhinus amboinensis,Released Alive,Carcharhiniformes,mullambinbeach,-23.18919,150.79873
2026-02-07,Townsville,Nelly Bay,COMMON BLACKTIP WHA,Carcharhinus limbatus,Deceased,Carcharhiniformes,nellybay,-19.17364523809524,146.85039523809525
2026-02-07,Townsville,Florence Bay,PIGEYE WHALER,Carcharhinus amboinensis,Deceased,Carcharhiniformes,florencebay,-19.123693333333332,146.88541
2026-02-08,Capricorn Coast,Cooee Bay,BULL WHALER,Carcharhinus leucas,Deceased,Carcharhiniformes,cooeebay,-23.139136666666666,150.76271333333335
2026-02-08,Capricorn Coast,Farnborough Beach,BULL WHALER,Carcharhinus leucas,Deceased,Carcharhiniformes,farnboroughbeach,-23.116036666666666,150.75383666666667
2026-02-08,Capricorn Coast,Emu Park,BULL WHALER,Carcharhinus leucas,Deceased,Carcharhiniformes,emupark,-23.262438095238092,150.8322357142857
2026-02-08,Capricorn Coast,Fishermans Beach,PIGEYE WHALER,Carcharhinus amboinensis,Deceased,Carcharhiniformes,fishermansbeach,-23.243136666666665,150.82846999999998
2026-02-08,Capricorn Coast,Farnborough Beach,PIGEYE WHALER,Carcharhinus amboinensis,Deceased,Carcharhiniformes,farnboroughbeach,-23.116036666666666,150.75383666666667
2026-02-09,Capricorn Coast,Kemp Beach,BULL WHALER,Carcharhinus leucas,Deceased,Carcharhiniformes,kempbeach,-23.1712,150.79471944444444
2026-02-09,Capricorn Coast,Emu Park,BULL WHALER,Carcharhinus leucas,Deceased,Carcharhiniformes,emupark,-23.262438095238092,150.8322357142857
2026-02-09,Capricorn Coast,Emu Park,BULL WHALER,Carcharhinus leucas,Deceased,Carcharhiniformes,emupark,-23.262438095238092,150.8322357142857
2026-02-09,Capricorn Coast,Fishermans Beach,PIGEYE WHALER,Carcharhinus amboinensis,Deceased,Carcharhiniformes,fishermansbeach,-23.243136666666665,150.82846999999998
2026-02-09,Capricorn Coast,Farnborough Beach,PIGEYE WHALER,Carcharhinus amboinensis,Deceased,Carcharhiniformes,farnboroughbeach,-23.116036666666666,150.75383666666667
2026-02-09,Capricorn Coast,Fishermans Beach,PIGEYE WHALER,Carcharhinus amboinensis,Deceased,Carcharhiniformes,fishermansbeach,-23.243136666666665,150.82846999999998
2026-02-09,Capricorn Coast,Kemp Beach,TIGER SHARK,Galeocerdo cuvier,Deceased,Carcharhiniformes,kempbeach,-23.1712,150.79471944444444
2026-02-10,Capricorn Coast,Kemp Beach,BULL WHALER,Carcharhinus leucas,Deceased,Carcharhiniformes,kempbeach,-23.1712,150.79471944444444
2026-02-10,Capricorn Coast,Cooee Bay,BULL WHALER,Carcharhinus leucas,Deceased,Carcharhiniformes,cooeebay,-23.139136666666666,150.76271333333335
2026-02-10,Capricorn Coast,Lammermoor Beach,BULL WHALER,Carcharhinus leucas,Deceased,Carcharhiniformes,lammermoorbeach,-23.155048484848486,150.77348333333333
2026-02-10,Capricorn Coast,Cooee Bay,BULL WHALER,Carcharhinus leucas,Deceased,Carcharhiniformes,cooeebay,-23.139136666666666,150.76271333333335
2026-02-10,Capricorn Coast,Emu Park,PIGEYE WHALER,Carcharhinus amboinensis,Deceased,Carcharhiniformes,emupark,-23.262438095238092,150.8322357142857
2026-02-10,Capricorn Coast,Emu Park,PIGEYE WHALER,Carcharhinus amboinensis,Deceased,Carcharhiniformes,emupark,-23.262438095238092,150.8322357142857
2026-02-10,Capricorn Coast,Yeppoon Beach,PIGEYE WHALER,Carcharhinus amboinensis,Deceased,Carcharhiniformes,yeppoonbeach,-23.128226666666666,150.75462666666667
2026-02-11,Cairns,Yorkeys,SPOT-TAIL WHALER,Carcharhinus sorrah,Deceased,Carcharhiniformes,yorkeys,-16.805583333333335,145.73073
2026-02-11,Cairns,Trinity,SPOT-TAIL WHALER,Carcharhinus sorrah,Deceased,Carcharhiniformes,trinity,-16.777091666666667,145.7011611111111
2026-02-11,Capricorn Coast,Lammermoor Beach,BULL WHALER,Carcharhinus leucas,Deceased,Carcharhiniformes,lammermoorbeach,-23.155048484848486,150.77348333333333
2026-02-11,Capricorn Coast,Kemp Beach,BULL WHALER,Carcharhinus leucas,Deceased,Carcharhiniformes,kempbeach,-23.1712,150.79471944444444
2026-02-11,Capricorn Coast,Tanby Point,BULL WHALER,Carcharhinus leucas,Released Alive,Carcharhiniformes,tanbypoint,-23.22792666666667,150.82419666666667
2026-02-11,Capricorn Coast,Farnborough Beach,PIGEYE WHALER,Carcharhinus amboinensis,Deceased,Carcharhiniformes,farnboroughbeach,-23.116036666666666,150.75383666666667
2026-02-11,Gladstone,Tannum Sands,BULL WHALER,Carcharhinus leucas,Deceased,Carcharhiniformes,tannumsands,-23.939119444444444,151.3756861111111
2026-02-12,Capricorn Coast,Yeppoon Beach,BULL WHALER,Carcharhinus leucas,Deceased,Carcharhiniformes,yeppoonbeach,-23.128226666666666,150.75462666666667
2026-02-12,Capricorn Coast,Emu Park,PIGEYE WHALER,Carcharhinus amboinensis,Deceased,Carcharhiniformes,emupark,-23.262438095238092,150.8322357142857
2026-02-12,Capricorn Coast,Kemp Beach,PIGEYE WHALER,Carcharhinus amboinensis,Deceased,Carcharhiniformes,kempbeach,-23.1712,150.79471944444444
2026-02-12,Capricorn Coast,Yeppoon Beach,PIGEYE WHALER,Carcharhinus amboinensis,Deceased,Carcharhiniformes,yeppoonbeach,-23.128226666666666,150.75462666666667
2026-02-12,Capricorn Coast,Tanby Point,TIGER SHARK,Galeocerdo cuvier,Released Alive,Carcharhiniformes,tanbypoint,-23.22792666666667,150.82419666666667
2026-02-12,Townsville,Horseshoe Bay,SCALLOPED HAMMERHEAD,Sphyrna lewini,Deceased,Carcharhiniformes,horseshoebay,-19.11187361111111,146.85320555555555
2026-02-12,Townsville,Florence Bay,TIGER SHARK,Galeocerdo cuvier,Deceased,Carcharhiniformes,florencebay,-19.123693333333332,146.88541
2026-02-12,Townsville,Florence Bay,TIGER SHARK,Galeocerdo cuvier,Deceased,Carcharhiniformes,florencebay,-19.123693333333332,146.88541
2026-02-13,Capricorn Coast,Farnborough Beach,BULL WHALER,Carcharhinus leucas,Deceased,Carcharhiniformes,farnboroughbeach,-23.116036666666666,150.75383666666667
2026-02-13,Townsville,Horseshoe Bay,SPOT-TAIL WHALER,Carcharhinus sorrah,Deceased,Carcharhiniformes,horseshoebay,-19.11187361111111,146.85320555555555
2026-02-13,Townsville,Nelly Bay,TAWNY SHARK,Nebrius ferrugineus,Released Alive,Orectolobiformes,nellybay,-19.17364523809524,146.85039523809525
2026-02-14,Capricorn Coast,Farnborough Beach,LONG NOSE WHALER,Carcharhinus brevipinna,Deceased,Carcharhiniformes,farnboroughbeach,-23.116036666666666,150.75383666666667
2026-02-14,Townsville,Palarenda Beach,SPOT-TAIL WHALER,Carcharhinus sorrah,Deceased,Carcharhiniformes,palarendabeach,-19.198694444444445,146.77763333333334
2026-02-14,Townsville,Palarenda Beach,TIGER SHARK,Galeocerdo cuvier,Deceased,Carcharhiniformes,palarendabeach,-19.198694444444445,146.77763333333334
2026-02-14,Townsville,Horseshoe Bay,TIGER SHARK,Galeocerdo cuvier,Euthanised,Carcharhiniformes,horseshoebay,-19.11187361111111,146.85320555555555
2026-02-14,Townsville,Horseshoe Bay,TIGER SHARK,Galeocerdo cuvier,Deceased,Carcharhiniformes,horseshoebay,-19.11187361111111,146.85320555555555
2026-02-15,Capricorn Coast,Farnborough Beach,BULL WHALER,Carcharhinus leucas,Deceased,Carcharhiniformes,farnboroughbeach,-23.116036666666666,150.75383666666667
2026-02-15,Capricorn Coast,Fishermans Beach,PIGEYE WHALER,Carcharhinus amboinensis,Deceased,Carcharhiniformes,fishermansbeach,-23.243136666666665,150.82846999999998
2026-02-16,Capricorn Coast,Emu Park,BULL WHALER,Carcharhinus leucas,Deceased,Carcharhiniformes,emupark,-23.262438095238092,150.8322357142857
2026-02-16,Capricorn Coast,Tanby Point,BULL WHALER,Carcharhinus leucas,Released Alive,Carcharhiniformes,tanbypoint,-23.22792666666667,150.82419666666667
2026-02-16,Capricorn Coast,Farnborough Beach,TIGER SHARK,Galeocerdo cuvier,Deceased,Carcharhiniformes,farnboroughbeach,-23.116036666666666,150.75383666666667
2026-02-16,Mackay,Eimeo Beach,SPOT-TAIL WHALER,Carcharhinus sorrah,Deceased,Carcharhiniformes,eimeobeach,-21.030911111111113,149.18116666666666
2026-02-18,Townsville,Horseshoe Bay,COMMON BLACKTIP WHA,Carcharhinus limbatus,Deceased,Carcharhiniformes,horseshoebay,-19.11187361111111,146.85320555555555
2026-02-18,Townsville,Palarenda Beach,SPOT-TAIL WHALER,Carcharhinus sorrah,Deceased,Carcharhiniformes,palarendabeach,-19.198694444444445,146.77763333333334
2026-02-19,Cairns,Yorkeys,BULL WHALER,Carcharhinus leucas,Deceased,Carcharhiniformes,yorkeys,-16.805583333333335,145.73073
2026-02-19,Capricorn Coast,Emu Park,BULL WHALER,Carcharhinus leucas,Deceased,Carcharhiniformes,emupark,-23.262438095238092,150.8322357142857
2026-02-19,Capricorn Coast,Tanby Point,SHARPTOOTH SHARK,Negaprion acutidens,Deceased,Carcharhiniformes,tanbypoint,-23.22792666666667,150.82419666666667
2026-02-19,Townsville,Alma Bay,BLACKTIP REEF WHALER,Carcharhinus melanopterus,Deceased,Carcharhiniformes,almabay,-19.149697222222223,146.87386944444447
2026-02-19,Townsville,Picnic Bay,COMMON BLACKTIP WHA,Carcharhinus limbatus,Deceased,Carcharhiniformes,picnicbay,-19.182850000000002,146.84146666666666
2026-02-19,Townsville,Horseshoe Bay,PIGEYE WHALER,Carcharhinus amboinensis,Deceased,Carcharhiniformes,horseshoebay,-19.11187361111111,146.85320555555555
2026-02-19,Townsville,Horseshoe Bay,SPOT-TAIL WHALER,Carcharhinus sorrah,Deceased,Carcharhiniformes,horseshoebay,-19.11187361111111,146.85320555555555
2026-02-20,Capricorn Coast,Lammermoor Beach,BULL WHALER,Carcharhinus leucas,Deceased,Carcharhiniformes,lammermoorbeach,-23.155048484848486,150.77348333333333
2026-02-20,Capricorn Coast,Farnborough Beach,BULL WHALER,Carcharhinus leucas,Deceased,Carcharhiniformes,farnboroughbeach,-23.116036666666666,150.75383666666667
2026-02-20,Capricorn Coast,Emu Park,SHARPTOOTH SHARK,Negaprion acutidens,Released Alive,Carcharhiniformes,emupark,-23.262438095238092,150.8322357142857
2026-02-20,Townsville,Radical Bay,MILK SHARK,Rhizoprionodon acutus,Deceased,Carcharhiniformes,radicalbay,-19.108173333333333,146.87670666666668
2026-02-21,Capricorn Coast,Tanby Point,SCALLOPED HAMMERHEAD,Sphyrna lewini,Deceased,Carcharhiniformes,tanbypoint,-23.22792666666667,150.82419666666667
2026-02-21,Townsville,Palarenda Beach,COMMON BLACKTIP WHA,Carcharhinus limbatus,Deceased,Carcharhiniformes,palarendabeach,-19.198694444444445,146.77763333333334
2026-02-21,Townsville,Horseshoe Bay,SHARPTOOTH SHARK,Negaprion acutidens,Released Alive,Carcharhiniformes,horseshoebay,-19.11187361111111,146.85320555555555
2026-02-21,Townsville,Florence Bay,TAWNY SHARK,Nebrius ferrugineus,Released Alive,Orectolobiformes,florencebay,-19.123693333333332,146.88541
2026-02-22,Capricorn Coast,Fishermans Beach,BULL WHALER,Carcharhinus leucas,Deceased,Carcharhiniformes,fishermansbeach,-23.243136666666665,150.82846999999998
2026-02-22,Capricorn Coast,Emu Park,PIGEYE WHALER,Carcharhinus amboinensis,Deceased,Carcharhiniformes,emupark,-23.262438095238092,150.8322357142857
2026-02-22,Gladstone,Tannum Sands,COMMON BLACKTIP WHA,Carcharhinus limbatus,Deceased,Carcharhiniformes,tannumsands,-23.939119444444444,151.3756861111111
2026-02-22,Gladstone,Tannum Sands,PIGEYE WHALER,Carcharhinus amboinensis,Deceased,Carcharhiniformes,tannumsands,-23.939119444444444,151.3756861111111
2026-02-23,Capricorn Coast,Fishermans Beach,BULL WHALER,Carcharhinus leucas,Deceased,Carcharhiniformes,fishermansbeach,-23.243136666666665,150.82846999999998
2026-02-23,Capricorn Coast,Emu Park,PIGEYE WHALER,Carcharhinus amboinensis,Deceased,Carcharhiniformes,emupark,-23.262438095238092,150.8322357142857
2026-02-23,Gladstone,Tannum Sands,PIGEYE WHALER,Carcharhinus amboinensis,Deceased,Carcharhiniformes,tannumsands,-23.939119444444444,151.3756861111111
2026-02-23,Gladstone,Tannum Sands,SPOT-TAIL WHALER,Carcharhinus sorrah,Deceased,Carcharhiniformes,tannumsands,-23.939119444444444,151.3756861111111
2026-02-24,Cairns,Ellis Beach,GREAT HAMMERHEAD,Sphyrna mokarran,Released Alive,Carcharhiniformes,ellisbeach,-16.72147142857143,145.65029761904762
2026-02-24,Capricorn Coast,Emu Park,PIGEYE WHALER,Carcharhinus amboinensis,Deceased,Carcharhiniformes,emupark,-23.262438095238092,150.8322357142857
2026-02-24,Capricorn Coast,Emu Park,PIGEYE WHALER,Carcharhinus amboinensis,Deceased,Carcharhiniformes,emupark,-23.262438095238092,150.8322357142857
2026-02-24,Gladstone,Tannum Sands,LONG NOSE WHALER,Carcharhinus brevipinna,Deceased,Carcharhiniformes,tannumsands,-23.939119444444444,151.3756861111111
2026-02-24,Townsville,Horseshoe Bay,TIGER SHARK,Galeocerdo cuvier,Deceased,Carcharhiniformes,horseshoebay,-19.11187361111111,146.85320555555555
2026-02-25,Cairns,Holloways,BLACKTIP REEF WHALER,Carcharhinus melanopterus,Deceased,Carcharhiniformes,holloways,-16.83081,145.74805666666666
2026-02-25,Capricorn Coast,Emu Park,BULL WHALER,Carcharhinus leucas,Deceased,Carcharhiniformes,emupark,-23.262438095238092,150.8322357142857
2026-02-25,Capricorn Coast,Farnborough Beach,BULL WHALER,Carcharhinus leucas,Deceased,Carcharhiniformes,farnboroughbeach,-23.116036666666666,150.75383666666667
2026-02-25,Capricorn Coast,Emu Park,PIGEYE WHALER,Carcharhinus amboinensis,Deceased,Carcharhiniformes,emupark,-23.262438095238092,150.8322357142857
2026-02-25,Townsville,Palarenda Beach,BULL WHALER,Carcharhinus leucas,Deceased,Carcharhiniformes,palarendabeach,-19.198694444444445,146.77763333333334
2026-02-25,Townsville,Palarenda Beach,COMMON BLACKTIP WHA,Carcharhinus limbatus,Deceased,Carcharhiniformes,palarendabeach,-19.198694444444445,146.77763333333334
2026-02-26,Cairns,Palm Cove,TAWNY SHARK,Nebrius ferrugineus,Released Alive,Orectolobiformes,palmcove,-16.744905555555555,145.6754
2026-02-26,Capricorn Coast,Emu Park,BULL WHALER,Carcharhinus leucas,Deceased,Carcharhiniformes,emupark,-23.262438095238092,150.8322357142857
2026-02-26,Townsville,Horseshoe Bay,PIGEYE WHALER,Carcharhinus amboinensis,Deceased,Carcharhiniformes,horseshoebay,-19.11187361111111,146.85320555555555
2026-02-26,Townsville,Horseshoe Bay,SPOT-TAIL WHALER,Carcharhinus sorrah,Deceased,Carcharhiniformes,horseshoebay,-19.11187361111111,146.85320555555555
2026-02-27,Townsville,Horseshoe Bay,COMMON BLACKTIP WHA,Carcharhinus limbatus,Deceased,Carcharhiniformes,horseshoebay,-19.11187361111111,146.85320555555555
2026-02-27,Townsville,Picnic Bay,TAWNY SHARK,Nebrius ferrugineus,Released Alive,Orectolobiformes,picnicbay,-19.182850000000002,146.84146666666666
2026-02-28,Gladstone,Tannum Sands,PIGEYE WHALER,Carcharhinus amboinensis,Released Alive,Carcharhiniformes,tannumsands,-23.939119444444444,151.3756861111111
2026-03-01,Gladstone,Tannum Sands,PIGEYE WHALER,Carcharhinus amboinensis,Deceased,Carcharhiniformes,tannumsands,-23.939119444444444,151.3756861111111
2026-03-03,Gladstone,Tannum Sands,PIGEYE WHALER,Carcharhinus amboinensis,Deceased,Carcharhiniformes,tannumsands,-23.939119444444444,151.3756861111111
2026-03-04,Cairns,Trinity,TAWNY SHARK,Nebrius ferrugineus,Released Alive,Orectolobiformes,trinity,-16.777091666666667,145.7011611111111
2026-03-04,Capricorn Coast,Kemp Beach,CREEK WHALER,Carcharhinus fitzroyensis,Deceased,Carcharhiniformes,kempbeach,-23.1712,150.79471944444444
2026-03-04,Townsville,Horseshoe Bay,BULL WHALER,Carcharhinus leucas,Deceased,Carcharhiniformes,horseshoebay,-19.11187361111111,146.85320555555555
2026-03-04,Townsville,Alma Bay,PIGEYE WHALER,Carcharhinus amboinensis,Released Alive,Carcharhiniformes,almabay,-19.149697222222223,146.87386944444447
2026-03-04,Townsville,Florence Bay,PIGEYE WHALER,Carcharhinus amboinensis,Deceased,Carcharhiniformes,florencebay,-19.123693333333332,146.88541
2026-03-04,Townsville,Alma Bay,TAWNY SHARK,Nebrius ferrugineus,Released Alive,Orectolobiformes,almabay,-19.149697222222223,146.87386944444447
2026-03-04,Townsville,Picnic Bay,TAWNY SHARK,Nebrius ferrugineus,Released Alive,Orectolobiformes,picnicbay,-19.182850000000002,146.84146666666666
2026-03-05,Capricorn Coast,Emu Park,PIGEYE WHALER,Carcharhinus amboinensis,Deceased,Carcharhiniformes,emupark,-23.262438095238092,150.8322357142857
2026-03-05,Capricorn Coast,Emu Park,PIGEYE WHALER,Carcharhinus amboinensis,Deceased,Carcharhiniformes,emupark,-23.262438095238092,150.8322357142857
2026-03-05,Capricorn Coast,Emu Park,PIGEYE WHALER,Carcharhinus amboinensis,Deceased,Carcharhiniformes,emupark,-23.262438095238092,150.8322357142857
2026-03-05,Townsville,Alma Bay,COMMON BLACKTIP WHA,Carcharhinus limbatus,Deceased,Carcharhiniformes,almabay,-19.149697222222223,146.87386944444447
2026-03-05,Townsville,Nelly Bay,TIGER SHARK,Galeocerdo cuvier,Released Alive,Carcharhiniformes,nellybay,-19.17364523809524,146.85039523809525
2026-03-06,Cairns,Holloways,PIGEYE WHALER,Carcharhinus amboinensis,Deceased,Carcharhiniformes,holloways,-16.83081,145.74805666666666
2026-03-06,Capricorn Coast,Farnborough Beach,BULL WHALER,Carcharhinus leucas,Deceased,Carcharhiniformes,farnboroughbeach,-23.116036666666666,150.75383666666667
2026-03-06,Capricorn Coast,Yeppoon Beach,BULL WHALER,Carcharhinus leucas,Deceased,Carcharhiniformes,yeppoonbeach,-23.128226666666666,150.75462666666667
2026-03-06,Capricorn Coast,Emu Park,PIGEYE WHALER,Carcharhinus amboinensis,Deceased,Carcharhiniformes,emupark,-23.262438095238092,150.8322357142857
2026-03-07,Capricorn Coast,Kemp Beach,TIGER SHARK,Galeocerdo cuvier,Deceased,Carcharhiniformes,kempbeach,-23.1712,150.79471944444444
2026-03-07,Gladstone,Tannum Sands,HARDNOSE WHALER,Carcharhinus macloti,Deceased,Carcharhiniformes,tannumsands,-23.939119444444444,151.3756861111111
2026-03-08,Gladstone,Tannum Sands,BULL WHALER,Carcharhinus leucas,Deceased,Carcharhiniformes,tannumsands,-23.939119444444444,151.3756861111111
2026-03-09,Capricorn Coast,Kemp Beach,BULL WHALER,Carcharhinus leucas,Deceased,Carcharhiniformes,kempbeach,-23.1712,150.79471944444444
2026-03-09,Capricorn Coast,Lammermoor Beach,BULL WHALER,Carcharhinus leucas,Deceased,Carcharhiniformes,lammermoorbeach,-23.155048484848486,150.77348333333333
2026-03-10,Capricorn Coast,Kemp Beach,BULL WHALER,Carcharhinus leucas,Deceased,Carcharhiniformes,kempbeach,-23.1712,150.79471944444444
2026-03-10,Capricorn Coast,Yeppoon Beach,BULL WHALER,Carcharhinus leucas,Deceased,Carcharhiniformes,yeppoonbeach,-23.128226666666666,150.75462666666667
2026-03-10,Townsville,Nelly Bay,BULL WHALER,Carcharhinus leucas,Deceased,Carcharhiniformes,nellybay,-19.17364523809524,146.85039523809525
2026-03-11,Cairns,Ellis Beach,BULL WHALER,Carcharhinus leucas,Released Alive,Carcharhiniformes,ellisbeach,-16.72147142857143,145.65029761904762
2026-03-11,Cairns,Palm Cove,LONG NOSE WHALER,Carcharhinus brevipinna,Deceased,Carcharhiniformes,palmcove,-16.744905555555555,145.6754
2026-03-11,Cairns,Ellis Beach,SPOT-TAIL WHALER,Carcharhinus sorrah,Deceased,Carcharhiniformes,ellisbeach,-16.72147142857143,145.65029761904762
2026-03-11,Cairns,Trinity,TIGER SHARK,Galeocerdo cuvier,Deceased,Carcharhiniformes,trinity,-16.777091666666667,145.7011611111111
2026-03-11,Capricorn Coast,Emu Park,TIGER SHARK,Galeocerdo cuvier,Released Alive,Carcharhiniformes,emupark,-23.262438095238092,150.8322357142857
2026-03-11,Townsville,Horseshoe Bay,COMMON BLACKTIP WHA,Carcharhinus limbatus,Deceased,Carcharhiniformes,horseshoebay,-19.11187361111111,146.85320555555555
2026-03-12,Capricorn Coast,Kemp Beach,BULL WHALER,Carcharhinus leucas,Deceased,Carcharhiniformes,kempbeach,-23.1712,150.79471944444444
2026-03-12,Townsville,Horseshoe Bay,SPOT-TAIL WHALER,Carcharhinus sorrah,Deceased,Carcharhiniformes,horseshoebay,-19.11187361111111,146.85320555555555
2026-03-13,Townsville,Florence Bay,SPOT-TAIL WHALER,Carcharhinus sorrah,Deceased,Carcharhiniformes,florencebay,-19.123693333333332,146.88541
2026-03-13,Townsville,Florence Bay,SPOT-TAIL WHALER,Carcharhinus sorrah,Deceased,Carcharhiniformes,florencebay,-19.123693333333332,146.88541
2026-03-13,Townsville,Florence Bay,TIGER SHARK,Galeocerdo cuvier,Deceased,Carcharhiniformes,florencebay,-19.123693333333332,146.88541
2026-03-14,Capricorn Coast,Kemp Beach,TIGER SHARK,Galeocerdo cuvier,Released Alive,Carcharhiniformes,kempbeach,-23.1712,150.79471944444444
2026-03-14,Gladstone,Tannum Sands,PIGEYE WHALER,Carcharhinus amboinensis,Deceased,Carcharhiniformes,tannumsands,-23.939119444444444,151.3756861111111
2026-03-14,Townsville,Florence Bay,MILK SHARK,Rhizoprionodon acutus,Deceased,Carcharhiniformes,florencebay,-19.123693333333332,146.88541
2026-03-14,Townsville,Horseshoe Bay,SCALLOPED HAMMERHEAD,Sphyrna lewini,Deceased,Carcharhiniformes,horseshoebay,-19.11187361111111,146.85320555555555
2026-03-14,Townsville,Horseshoe Bay,SPOT-TAIL WHALER,Carcharhinus sorrah,Deceased,Carcharhiniformes,horseshoebay,-19.11187361111111,146.85320555555555
2026-03-14,Townsville,Horseshoe Bay,TIGER SHARK,Galeocerdo cuvier,Deceased,Carcharhiniformes,horseshoebay,-19.11187361111111,146.85320555555555
2026-03-16,Gladstone,Tannum Sands,PIGEYE WHALER,Carcharhinus amboinensis,Deceased,Carcharhiniformes,tannumsands,-23.939119444444444,151.3756861111111
2026-03-17,Capricorn Coast,Kemp Beach,BULL WHALER,Carcharhinus leucas,Deceased,Carcharhiniformes,kempbeach,-23.1712,150.79471944444444
2026-03-17,Capricorn Coast,Mullambin Beach,BULL WHALER,Carcharhinus leucas,Released Alive,Carcharhiniformes,mullambinbeach,-23.18919,150.79873
2026-03-17,Gladstone,Tannum Sands,PIGEYE WHALER,Carcharhinus amboinensis,Released Alive,Carcharhiniformes,tannumsands,-23.939119444444444,151.3756861111111
2026-03-18,Cairns,Palm Cove,LONG NOSE WHALER,Carcharhinus brevipinna,Deceased,Carcharhiniformes,palmcove,-16.744905555555555,145.6754
2026-03-18,Cairns,Trinity,PIGEYE WHALER,Carcharhinus amboinensis,Deceased,Carcharhiniformes,trinity,-16.777091666666667,145.7011611111111
2026-03-18,Capricorn Coast,Tanby Point,PIGEYE WHALER,Carcharhinus amboinensis,Deceased,Carcharhiniformes,tanbypoint,-23.22792666666667,150.82419666666667
2026-03-18,Townsville,Horseshoe Bay,PIGEYE WHALER,Carcharhinus amboinensis,Deceased,Carcharhiniformes,horseshoebay,-19.11187361111111,146.85320555555555
2026-03-19,Capricorn Coast,Cooee Bay,BULL WHALER,Carcharhinus leucas,Deceased,Carcharhiniformes,cooeebay,-23.139136666666666,150.76271333333335
2026-03-19,Townsville,Radical Bay,BULL WHALER,Carcharhinus leucas,Deceased,Carcharhiniformes,radicalbay,-19.108173333333333,146.87670666666668
2026-03-19,Townsville,Florence Bay,COMMON BLACKTIP WHA,Carcharhinus limbatus,Deceased,Carcharhiniformes,florencebay,-19.123693333333332,146.88541
2026-03-19,Townsville,Radical Bay,SPOT-TAIL WHALER,Carcharhinus sorrah,Deceased,Carcharhiniformes,radicalbay,-19.108173333333333,146.87670666666668
2026-03-20,Capricorn Coast,Tanby Point,BULL WHALER,Carcharhinus leucas,Released Alive,Carcharhiniformes,tanbypoint,-23.22792666666667,150.82419666666667
2026-03-20,Capricorn Coast,Yeppoon Beach,BULL WHALER,Carcharhinus leucas,Euthanised,Carcharhiniformes,yeppoonbeach,-23.128226666666666,150.75462666666667
2026-03-20,Gladstone,Tannum Sands,PIGEYE WHALER,Carcharhinus amboinensis,Released Alive,Carcharhiniformes,tannumsands,-23.939119444444444,151.3756861111111
2026-03-21,Cairns,Trinity,BULL WHALER,Carcharhinus leucas,Deceased,Carcharhiniformes,trinity,-16.777091666666667,145.7011611111111
2026-03-21,Capricorn Coast,Emu Park,BULL WHALER,Carcharhinus leucas,Deceased,Carcharhiniformes,emupark,-23.262438095238092,150.8322357142857
2026-03-21,Townsville,Horseshoe Bay,BULL WHALER,Carcharhinus leucas,Euthanised,Carcharhiniformes,horseshoebay,-19.11187361111111,146.85320555555555
2026-03-23,Capricorn Coast,Emu Park,PIGEYE WHALER,Carcharhinus amboinensis,Deceased,Carcharhiniformes,emupark,-23.262438095238092,150.8322357142857
2026-03-23,Gladstone,Tannum Sands,PIGEYE WHALER,Carcharhinus amboinensis,Deceased,Carcharhiniformes,tannumsands,-23.939119444444444,151.3756861111111
2026-04-02,Cairns,Ellis Beach,TAWNY SHARK,Nebrius ferrugineus,Released Alive,Orectolobiformes,ellisbeach,-16.72147142857143,145.65029761904762
2026-04-03,Cairns,Palm Cove,BULL WHALER,Carcharhinus leucas,Released Alive,Carcharhiniformes,palmcove,-16.744905555555555,145.6754
2026-04-06,Cairns,Ellis Beach,SCALLOPED HAMMERHEAD,Sphyrna lewini,Released Alive,Carcharhiniformes,ellisbeach,-16.72147142857143,145.65029761904762
2026-04-07,Cairns,Ellis Beach,SPOT-TAIL WHALER,Carcharhinus sorrah,Deceased,Carcharhiniformes,ellisbeach,-16.72147142857143,145.65029761904762
2026-04-07,Cairns,Ellis Beach,TIGER SHARK,Galeocerdo cuvier,Released Alive,Carcharhiniformes,ellisbeach,-16.72147142857143,145.65029761904762
2026-04-08,Mackay,Eimeo Beach,LONG NOSE WHALER,Carcharhinus brevipinna,Deceased,Carcharhiniformes,eimeobeach,-21.030911111111113,149.18116666666666
2026-04-09,Cairns,Buchans,LONG NOSE WHALER,Carcharhinus brevipinna,Deceased,Carcharhiniformes,buchans,-16.725916666666667,145.66339166666666
2026-04-09,Cairns,Buchans,LONG NOSE WHALER,Carcharhinus brevipinna,Deceased,Carcharhiniformes,buchans,-16.725916666666667,145.66339166666666
2026-04-09,Cairns,Buchans,TIGER SHARK,Galeocerdo cuvier,Released Alive,Carcharhiniformes,buchans,-16.725916666666667,145.66339166666666
2026-04-09,Cairns,Buchans,TIGER SHARK,Galeocerdo cuvier,Released Alive,Carcharhiniformes,buchans,-16.725916666666667,145.66339166666666
2026-04-09,Capricorn Coast,Mullambin Beach,BULL WHALER,Carcharhinus leucas,Deceased,Carcharhiniformes,mullambinbeach,-23.18919,150.79873
2026-04-09,Capricorn Coast,Emu Park,BULL WHALER,Carcharhinus leucas,Released Alive,Carcharhiniformes,emupark,-23.262438095238092,150.8322357142857
2026-04-09,Mackay,Blacks Beach,CREEK WHALER,Carcharhinus fitzroyensis,Deceased,Carcharhiniformes,blacksbeach,-21.045294444444444,149.19208333333333
2026-04-09,Townsville,Horseshoe Bay,COMMON BLACKTIP WHA,Carcharhinus limbatus,Deceased,Carcharhiniformes,horseshoebay,-19.11187361111111,146.85320555555555
2026-04-10,Cairns,Clifton,GREAT HAMMERHEAD,Sphyrna mokarran,Deceased,Carcharhiniformes,clifton,-16.759525,145.68219583333334
2026-04-10,Cairns,Clifton,LONG NOSE WHALER,Carcharhinus brevipinna,Deceased,Carcharhiniformes,clifton,-16.759525,145.68219583333334
2026-04-10,Capricorn Coast,Farnborough Beach,LONG NOSE WHALER,Carcharhinus brevipinna,Deceased,Carcharhiniformes,farnboroughbeach,-23.116036666666666,150.75383666666667
2026-04-10,Capricorn Coast,Emu Park,PIGEYE WHALER,Carcharhinus amboinensis,Deceased,Carcharhiniformes,emupark,-23.262438095238092,150.8322357142857
2026-04-10,Capricorn Coast,Cooee Bay,TIGER SHARK,Galeocerdo cuvier,Deceased,Carcharhiniformes,cooeebay,-23.139136666666666,150.76271333333335
2026-04-10,Capricorn Coast,Emu Park,BULL WHALER,Carcharhinus leucas,Released Alive,Carcharhiniformes,emupark,-23.262438095238092,150.8322357142857
2026-04-10,Townsville,Picnic Bay,TAWNY SHARK,Nebrius ferrugineus,Released Alive,Orectolobiformes,picnicbay,-19.182850000000002,146.84146666666666
2026-04-10,Townsville,Horseshoe Bay,TIGER SHARK,Galeocerdo cuvier,Euthanised,Carcharhiniformes,horseshoebay,-19.11187361111111,146.85320555555555
2026-04-11,Capricorn Coast,Emu Park,BULL WHALER,Carcharhinus leucas,Deceased,Carcharhiniformes,emupark,-23.262438095238092,150.8322357142857
2026-04-11,Capricorn Coast,Kemp Beach,BULL WHALER,Carcharhinus leucas,Deceased,Carcharhiniformes,kempbeach,-23.1712,150.79471944444444
2026-04-11,Capricorn Coast,Farnborough Beach,PIGEYE WHALER,Carcharhinus amboinensis,Deceased,Carcharhiniformes,farnboroughbeach,-23.116036666666666,150.75383666666667
2026-04-11,Capricorn Coast,Yeppoon Beach,PIGEYE WHALER,Carcharhinus amboinensis,Deceased,Carcharhiniformes,yeppoonbeach,-23.128226666666666,150.75462666666667
2026-04-12,Capricorn Coast,Emu Park,TIGER SHARK,Galeocerdo cuvier,Released Alive,Carcharhiniformes,emupark,-23.262438095238092,150.8322357142857
2026-04-12,Capricorn Coast,Emu Park,PIGEYE WHALER,Carcharhinus amboinensis,Released Alive,Carcharhiniformes,emupark,-23.262438095238092,150.8322357142857
2026-04-12,Mackay,Blacks Beach,LONG NOSE WHALER,Carcharhinus brevipinna,Deceased,Carcharhiniformes,blacksbeach,-21.045294444444444,149.19208333333333
2026-04-12,Mackay,Blacks Beach,LONG NOSE WHALER,Carcharhinus brevipinna,Deceased,Carcharhiniformes,blacksbeach,-21.045294444444444,149.19208333333333
2026-04-13,Capricorn Coast,Farnborough Beach,BULL WHALER,Carcharhinus leucas,Deceased,Carcharhiniformes,farnboroughbeach,-23.116036666666666,150.75383666666667
2026-04-13,Capricorn Coast,Yeppoon Beach,PIGEYE WHALER,Carcharhinus amboinensis,Deceased,Carcharhiniformes,yeppoonbeach,-23.128226666666666,150.75462666666667
2026-04-13,Mackay,Blacks Beach,CREEK WHALER,Carcharhinus fitzroyensis,Deceased,Carcharhiniformes,blacksbeach,-21.045294444444444,149.19208333333333
2026-04-14,Capricorn Coast,Yeppoon Beach,BULL WHALER,Carcharhinus leucas,Released Alive,Carcharhiniformes,yeppoonbeach,-23.128226666666666,150.75462666666667
2026-04-14,Capricorn Coast,Farnborough Beach,PIGEYE WHALER,Carcharhinus amboinensis,Deceased,Carcharhiniformes,farnboroughbeach,-23.116036666666666,150.75383666666667
2026-04-14,Capricorn Coast,Tanby Point,TAWNY SHARK,Nebrius ferrugineus,Released Alive,Orectolobiformes,tanbypoint,-23.22792666666667,150.82419666666667
2026-04-14,Gladstone,Tannum Sands,SPOT-TAIL WHALER,Carcharhinus sorrah,Deceased,Carcharhiniformes,tannumsands,-23.939119444444444,151.3756861111111
2026-04-14,Mackay,Eimeo Beach,CREEK WHALER,Carcharhinus fitzroyensis,Deceased,Carcharhiniformes,eimeobeach,-21.030911111111113,149.18116666666666
2026-04-14,Mackay,Blacks Beach,CREEK WHALER,Carcharhinus fitzroyensis,Deceased,Carcharhiniformes,blacksbeach,-21.045294444444444,149.19208333333333
2026-04-14,Mackay,Blacks Beach,SANDBAR WHALER,Carcharhinus plumbeus,Deceased,Carcharhiniformes,blacksbeach,-21.045294444444444,149.19208333333333
2026-04-15,Cairns,Palm Cove,LONG NOSE WHALER,Carcharhinus brevipinna,Deceased,Carcharhiniformes,palmcove,-16.744905555555555,145.6754
2026-04-15,Mackay,Bucasia Beach,LONG NOSE WHALER,Carcharhinus brevipinna,Deceased,Carcharhiniformes,bucasiabeach,-21.0204,149.16325277777779
2026-04-15,Mackay,Bucasia Beach,SPOT-TAIL WHALER,Carcharhinus sorrah,Deceased,Carcharhiniformes,bucasiabeach,-21.0204,149.16325277777779
2026-04-15,Townsville,Alma Bay,PIGEYE WHALER,Carcharhinus amboinensis,Deceased,Carcharhiniformes,almabay,-19.149697222222223,146.87386944444447
2026-04-16,Mackay,Bucasia Beach,LONG NOSE WHALER,Carcharhinus brevipinna,Deceased,Carcharhiniformes,bucasiabeach,-21.0204,149.16325277777779
2026-04-16,Mackay,Bucasia Beach,LONG NOSE WHALER,Carcharhinus brevipinna,Deceased,Carcharhiniformes,bucasiabeach,-21.0204,149.16325277777779
2026-04-16,Mackay,Eimeo Beach,SPOT-TAIL WHALER,Carcharhinus sorrah,Deceased,Carcharhiniformes,eimeobeach,-21.030911111111113,149.18116666666666
2026-04-16,Mackay,Bucasia Beach,TIGER SHARK,Galeocerdo cuvier,Deceased,Carcharhiniformes,bucasiabeach,-21.0204,149.16325277777779
2026-04-16,Mackay,Eimeo Beach,TIGER SHARK,Galeocerdo cuvier,Released Alive,Carcharhiniformes,eimeobeach,-21.030911111111113,149.18116666666666
2026-04-16,Townsville,Radical Bay,PIGEYE WHALER,Carcharhinus amboinensis,Deceased,Carcharhiniformes,radicalbay,-19.108173333333333,146.87670666666668
2026-04-16,Townsville,Florence Bay,SPOT-TAIL WHALER,Carcharhinus sorrah,Deceased,Carcharhiniformes,florencebay,-19.123693333333332,146.88541
2026-04-16,Townsville,Palarenda Beach,TAWNY SHARK,Nebrius ferrugineus,Released Alive,Orectolobiformes,palarendabeach,-19.198694444444445,146.77763333333334
2026-04-17,Cairns,Palm Cove,PIGEYE WHALER,Carcharhinus amboinensis,Deceased,Carcharhiniformes,palmcove,-16.744905555555555,145.6754
2026-04-17,Cairns,Palm Cove,SPOT-TAIL WHALER,Carcharhinus sorrah,Deceased,Carcharhiniformes,palmcove,-16.744905555555555,145.6754
2026-04-17,Cairns,Buchans,COMMON BLACKTIP WHALER,Carcharhinus limbatus,Released Alive,Carcharhiniformes,buchans,-16.725916666666667,145.66339166666666
2026-04-17,Cairns,Buchans,SPOT-TAIL WHALER,Carcharhinus sorrah,Released Alive,Carcharhiniformes,buchans,-16.725916666666667,145.66339166666666
2026-04-17,Capricorn Coast,Tanby Point,BULL WHALER,Carcharhinus leucas,Deceased,Carcharhiniformes,tanbypoint,-23.22792666666667,150.82419666666667
2026-04-17,Capricorn Coast,Tanby Point,BULL WHALER,Carcharhinus leucas,Released Alive,Carcharhiniformes,tanbypoint,-23.22792666666667,150.82419666666667
2026-04-17,Gladstone,Tannum Sands,TIGER SHARK,Galeocerdo cuvier,Euthanised,Carcharhiniformes,tannumsands,-23.939119444444444,151.3756861111111
2026-04-17,Mackay,Blacks Beach,SPOT-TAIL WHALER,Carcharhinus sorrah,Deceased,Carcharhiniformes,blacksbeach,-21.045294444444444,149.19208333333333
2026-04-17,Mackay,Bucasia Beach,TAWNY SHARK,Nebrius ferrugineus,Released Alive,Orectolobiformes,bucasiabeach,-21.0204,149.16325277777779
2026-04-17,Townsville,Horseshoe Bay,COMMON BLACKTIP WHA,Carcharhinus limbatus,Deceased,Carcharhiniformes,horseshoebay,-19.11187361111111,146.85320555555555
2026-04-17,Townsville,Picnic Bay,COMMON BLACKTIP WHA,Carcharhinus limbatus,Deceased,Carcharhiniformes,picnicbay,-19.182850000000002,146.84146666666666
2026-04-18,Capricorn Coast,Tanby Point,TIGER SHARK,Galeocerdo cuvier,Released Alive,Carcharhiniformes,tanbypoint,-23.22792666666667,150.82419666666667
2026-04-18,Gladstone,Tannum Sands,PIGEYE WHALER,Carcharhinus amboinensis,Deceased,Carcharhiniformes,tannumsands,-23.939119444444444,151.3756861111111
2026-04-18,Mackay,Eimeo Beach,TAWNY SHARK,Nebrius ferrugineus,Released Alive,Orectolobiformes,eimeobeach,-21.030911111111113,149.18116666666666
2026-04-18,Townsville,Horseshoe Bay,BLACKTIP REEF WHALER,Carcharhinus melanopterus,Deceased,Carcharhiniformes,horseshoebay,-19.11187361111111,146.85320555555555
2026-04-18,Townsville,Horseshoe Bay,BULL WHALER,Carcharhinus leucas,Deceased,Carcharhiniformes,horseshoebay,-19.11187361111111,146.85320555555555
2026-04-18,Townsville,Horseshoe Bay,SPOT-TAIL WHALER,Carcharhinus sorrah,Deceased,Carcharhiniformes,horseshoebay,-19.11187361111111,146.85320555555555
2026-04-18,Townsville,Horseshoe Bay,SPOT-TAIL WHALER,Carcharhinus sorrah,Deceased,Carcharhiniformes,horseshoebay,-19.11187361111111,146.85320555555555
2026-04-18,Townsville,Florence Bay,TIGER SHARK,Galeocerdo cuvier,Deceased,Carcharhiniformes,florencebay,-19.123693333333332,146.88541
2026-04-20,Mackay,Eimeo Beach,TAWNY SHARK,Nebrius ferrugineus,Released Alive,Orectolobiformes,eimeobeach,-21.030911111111113,149.18116666666666
2026-04-21,Cairns,Palm Cove,SPOT-TAIL WHALER,Carcharhinus sorrah,Deceased,Carcharhiniformes,palmcove,-16.744905555555555,145.6754
2026-04-21,Cairns,Palm Cove,SPOT-TAIL WHALER,Carcharhinus sorrah,Deceased,Carcharhiniformes,palmcove,-16.744905555555555,145.6754
2026-04-21,Capricorn Coast,Fishermans Beach,SPOT-TAIL WHALER,Carcharhinus sorrah,Released Alive,Carcharhiniformes,fishermansbeach,-23.243136666666665,150.82846999999998
2026-04-21,Capricorn Coast,Fishermans Beach,SPOT-TAIL WHALER,Carcharhinus sorrah,Released Alive,Carcharhiniformes,fishermansbeach,-23.243136666666665,150.82846999999998
2026-04-21,Mackay,Bucasia Beach,LONG NOSE WHALER,Carcharhinus brevipinna,Deceased,Carcharhiniformes,bucasiabeach,-21.0204,149.16325277777779
2026-04-22,Cairns,Palm Cove,TAWNY SHARK,Nebrius ferrugineus,Released Alive,Orectolobiformes,palmcove,-16.744905555555555,145.6754
2026-04-22,Cairns,Palm Cove,COMMON BLACKTIP WHALER,Carcharhinus limbatus,Released Alive,Carcharhiniformes,palmcove,-16.744905555555555,145.6754
2026-04-22,Capricorn Coast,Tanby Point,BLACKTIP REEF WHALER,Carcharhinus melanopterus,Deceased,Carcharhiniformes,tanbypoint,-23.22792666666667,150.82419666666667
2026-04-22,Capricorn Coast,Lammermoor Beach,TAWNY SHARK,Nebrius ferrugineus,Released Alive,Orectolobiformes,lammermoorbeach,-23.155048484848486,150.77348333333333
2026-04-22,Townsville,Florence Bay,PIGEYE WHALER,Carcharhinus amboinensis,Released Alive,Carcharhiniformes,florencebay,-19.123693333333332,146.88541
2026-04-22,Townsville,Horseshoe Bay,SPOT-TAIL WHALER,Carcharhinus sorrah,Deceased,Carcharhiniformes,horseshoebay,-19.11187361111111,146.85320555555555
2026-04-23,Cairns,Palm Cove,COMMON BLACKTIP WHALER,Carcharhinus limbatus,Released Alive,Carcharhiniformes,palmcove,-16.744905555555555,145.6754
2026-04-23,Cairns,Palm Cove,COMMON BLACKTIP WHALER,Carcharhinus limbatus,Released Alive,Carcharhiniformes,palmcove,-16.744905555555555,145.6754
2026-04-23,Capricorn Coast,Kemp Beach,PIGEYE WHALER,Carcharhinus amboinensis,Deceased,Carcharhiniformes,kempbeach,-23.1712,150.79471944444444
2026-04-23,Capricorn Coast,Kemp Beach,PIGEYE WHALER,Carcharhinus amboinensis,Deceased,Carcharhiniformes,kempbeach,-23.1712,150.79471944444444
2026-04-23,Townsville,Alma Bay,COMMON BLACKTIP WHA,Carcharhinus limbatus,Deceased,Carcharhiniformes,almabay,-19.149697222222223,146.87386944444447
2026-04-23,Townsville,Horseshoe Bay,TIGER SHARK,Galeocerdo cuvier,Deceased,Carcharhiniformes,horseshoebay,-19.11187361111111,146.85320555555555
2026-04-24,Cairns,Palm Cove,SPOT-TAIL WHALER,Carcharhinus sorrah,Deceased,Carcharhiniformes,palmcove,-16.744905555555555,145.6754
2026-04-24,Capricorn Coast,Farnborough Beach,BULL WHALER,Carcharhinus leucas,Deceased,Carcharhiniformes,farnboroughbeach,-23.116036666666666,150.75383666666667
2026-04-24,Capricorn Coast,Mullambin Beach,BULL WHALER,Carcharhinus leucas,Deceased,Carcharhiniformes,mullambinbeach,-23.18919,150.79873
2026-04-24,Capricorn Coast,Fishermans Beach,PIGEYE WHALER,Carcharhinus amboinensis,Deceased,Carcharhiniformes,fishermansbeach,-23.243136666666665,150.82846999999998
2026-04-24,Townsville,Florence Bay,COMMON BLACKTIP WHA,Carcharhinus limbatus,Deceased,Carcharhiniformes,florencebay,-19.123693333333332,146.88541
2026-04-24,Townsville,Florence Bay,PIGEYE WHALER,Carcharhinus amboinensis,Deceased,Carcharhiniformes,florencebay,-19.123693333333332,146.88541
2026-04-24,Townsville,Alma Bay,SPOT-TAIL WHALER,Carcharhinus sorrah,Deceased,Carcharhiniformes,almabay,-19.149697222222223,146.87386944444447
2026-04-24,Townsville,Florence Bay,SPOT-TAIL WHALER,Carcharhinus sorrah,Deceased,Carcharhiniformes,florencebay,-19.123693333333332,146.88541
2026-04-25,Cairns,Holloways,LONG NOSE WHALER,Carcharhinus brevipinna,Deceased,Carcharhiniformes,holloways,-16.83081,145.74805666666666
2026-04-25,Cairns,Holloways,PIGEYE WHALER,Carcharhinus amboinensis,Deceased,Carcharhiniformes,holloways,-16.83081,145.74805666666666
2026-04-25,Capricorn Coast,Emu Park,PIGEYE WHALER,Carcharhinus amboinensis,Deceased,Carcharhiniformes,emupark,-23.262438095238092,150.8322357142857
2026-04-25,Capricorn Coast,Cooee Bay,TIGER SHARK,Galeocerdo cuvier,Deceased,Carcharhiniformes,cooeebay,-23.139136666666666,150.76271333333335
2026-04-25,Townsville,Nelly Bay,SPOT-TAIL WHALER,Carcharhinus sorrah,Deceased,Carcharhiniformes,nellybay,-19.17364523809524,146.85039523809525
2026-04-26,Capricorn Coast,Kemp Beach,BULL WHALER,Carcharhinus leucas,Released Alive,Carcharhiniformes,kempbeach,-23.1712,150.79471944444444
2026-04-26,Capricorn Coast,Farnborough Beach,PIGEYE WHALER,Carcharhinus amboinensis,Deceased,Carcharhiniformes,farnboroughbeach,-23.116036666666666,150.75383666666667
2026-04-26,Capricorn Coast,Emu Park,PIGEYE WHALER,Carcharhinus amboinensis,Released Alive,Carcharhiniformes,emupark,-23.262438095238092,150.8322357142857
2026-04-27,Mackay,Eimeo Beach,BULL WHALER,Carcharhinus leucas,Released Alive,Carcharhiniformes,eimeobeach,-21.030911111111113,149.18116666666666
2026-04-28,Cairns,Ellis Beach,COMMON BLACKTIP WHALER,Carcharhinus limbatus,Released Alive,Carcharhiniformes,ellisbeach,-16.72147142857143,145.65029761904762
2026-04-28,Cairns,Buchans,COMMON BLACKTIP WHALER,Carcharhinus limbatus,Deceased,Carcharhiniformes,buchans,-16.725916666666667,145.66339166666666
2026-04-28,Cairns,Palm Cove,GREAT HAMMERHEAD,Sphyrna mokarran,Released Alive,Carcharhiniformes,palmcove,-16.744905555555555,145.6754
2026-04-28,Cairns,Palm Cove,SPOT-TAIL WHALER,Carcharhinus sorrah,Deceased,Carcharhiniformes,palmcove,-16.744905555555555,145.6754
2026-04-28,Capricorn Coast,Cooee Bay,BULL WHALER,Carcharhinus leucas,Deceased,Carcharhiniformes,cooeebay,-23.139136666666666,150.76271333333335
2026-04-28,Capricorn Coast,Farnborough Beach,PIGEYE WHALER,Carcharhinus amboinensis,Deceased,Carcharhiniformes,farnboroughbeach,-23.116036666666666,150.75383666666667
2026-04-28,Mackay,Blacks Beach,TIGER SHARK,Galeocerdo cuvier,Released Alive,Carcharhiniformes,blacksbeach,-21.045294444444444,149.19208333333333
2026-04-29,Cairns,Ellis Beach,PIGEYE WHALER,Carcharhinus amboinensis,Deceased,Carcharhiniformes,ellisbeach,-16.72147142857143,145.65029761904762
2026-04-29,Townsville,Picnic Bay,COMMON BLACKTIP WHA,Carcharhinus limbatus,Deceased,Carcharhiniformes,picnicbay,-19.182850000000002,146.84146666666666
2026-04-29,Townsville,Radical Bay,MILK SHARK,Rhizoprionodon acutus,Deceased,Carcharhiniformes,radicalbay,-19.108173333333333,146.87670666666668
2026-04-30,Cairns,Trinity,TIGER SHARK,Galeocerdo cuvier,Released Alive,Carcharhiniformes,trinity,-16.777091666666667,145.7011611111111
2026-04-30,Mackay,Eimeo Beach,CREEK WHALER,Carcharhinus fitzroyensis,Deceased,Carcharhiniformes,eimeobeach,-21.030911111111113,149.18116666666666
2026-04-30,Townsville,Horseshoe Bay,PIGEYE WHALER,Carcharhinus amboinensis,Released Alive,Carcharhiniformes,horseshoebay,-19.11187361111111,146.85320555555555
2026-04-30,Townsville,Horseshoe Bay,TAWNY SHARK,Nebrius ferrugineus,Released Alive,Orectolobiformes,horseshoebay,-19.11187361111111,146.85320555555555
2024-07-04,Cairns,Clifton,TIGER SHARK,Galeocerdo cuvier,Released Alive,Carcharhiniformes,clifton,-16.759525,145.68219583333334
2024-07-05,Cairns,Clifton,TIGER SHARK,Galeocerdo cuvier,Deceased,Carcharhiniformes,clifton,-16.759525,145.68219583333334
2024-07-05,Townsville,Florence Bay,TIGER SHARK,Galeocerdo cuvier,Deceased,Carcharhiniformes,florencebay,-19.123693333333332,146.88541
2024-07-07,Townsville,Horseshoe Bay,TIGER SHARK,Galeocerdo cuvier,Deceased,Carcharhiniformes,horseshoebay,-19.11187361111111,146.85320555555555
2024-07-07,Townsville,Nelly Bay,BULL WHALER,Carcharhinus leucas,Deceased,Carcharhiniformes,nellybay,-19.17364523809524,146.85039523809525
2024-07-10,Cairns,Buchans,GREAT HAMMERHEAD,Sphyrna mokarran,Released Alive,Carcharhiniformes,buchans,-16.725916666666667,145.66339166666666
2024-07-10,Capricorn Coast,Tanby Point,PIGEYE WHALER,Carcharhinus amboinensis,Released Alive,Carcharhiniformes,tanbypoint,-23.22792666666667,150.82419666666667
2024-07-11,Cairns,Trinity,TIGER SHARK,Galeocerdo cuvier,Released Alive,Carcharhiniformes,trinity,-16.777091666666667,145.7011611111111
2024-07-12,Townsville,Horseshoe Bay,TIGER SHARK,Galeocerdo cuvier,Euthanised,Carcharhiniformes,horseshoebay,-19.11187361111111,146.85320555555555
2024-07-13,Mackay,Bucasia Beach,TAWNY SHARK,Nebrius ferrugineus,Released Alive,Orectolobiformes,bucasiabeach,-21.0204,149.16325277777779
2024-07-15,Mackay,Blacks Beach,TIGER SHARK,Galeocerdo cuvier,Released Alive,Carcharhiniformes,blacksbeach,-21.045294444444444,149.19208333333333
2024-07-15,Capricorn Coast,Mullambin Beach,TIGER SHARK,Galeocerdo cuvier,Released Alive,Carcharhiniformes,mullambinbeach,-23.18919,150.79873
2024-07-16,Mackay,Bucasia Beach,LONG NOSE WHALER,Carcharhinus brevipinna,Deceased,Carcharhiniformes,bucasiabeach,-21.0204,149.16325277777779
2024-07-16,Cairns,Clifton,TIGER SHARK,Galeocerdo cuvier,Released Alive,Carcharhiniformes,clifton,-16.759525,145.68219583333334
2024-07-17,Townsville,Florence Bay,TIGER SHARK,Galeocerdo cuvier,Released Alive,Carcharhiniformes,florencebay,-19.123693333333332,146.88541
2024-07-17,Townsville,Nelly Bay,TIGER SHARK,Galeocerdo cuvier,Deceased,Carcharhiniformes,nellybay,-19.17364523809524,146.85039523809525
2024-07-18,Cairns,Ellis Beach,TIGER SHARK,Galeocerdo cuvier,Released Alive,Carcharhiniformes,ellisbeach,-16.72147142857143,145.65029761904762
2024-07-18,Mackay,Eimeo Beach,TIGER SHARK,Galeocerdo cuvier,Deceased,Carcharhiniformes,eimeobeach,-21.030911111111113,149.18116666666666
2024-07-18,Townsville,Horseshoe Bay,TIGER SHARK,Galeocerdo cuvier,Euthanised,Carcharhiniformes,horseshoebay,-19.11187361111111,146.85320555555555
2024-07-18,Cairns,Palm Cove,GREAT HAMMERHEAD,Sphyrna mokarran,Deceased,Carcharhiniformes,palmcove,-16.744905555555555,145.6754
2024-07-18,Cairns,Palm Cove,LONG NOSE WHALER,Carcharhinus brevipinna,Deceased,Carcharhiniformes,palmcove,-16.744905555555555,145.6754
2024-07-18,Cairns,Trinity,PIGEYE WHALER,Carcharhinus amboinensis,Deceased,Carcharhiniformes,trinity,-16.777091666666667,145.7011611111111
2024-07-20,Townsville,Horseshoe Bay,TIGER SHARK,Galeocerdo cuvier,Euthanised,Carcharhiniformes,horseshoebay,-19.11187361111111,146.85320555555555
2024-07-22,Capricorn Coast,Farnborough Beach,TIGER SHARK,Galeocerdo cuvier,Deceased,Carcharhiniformes,farnboroughbeach,-23.116036666666666,150.75383666666667
2024-07-23,Cairns,Palm Cove,TIGER SHARK,Galeocerdo cuvier,Released Alive,Carcharhiniformes,palmcove,-16.744905555555555,145.6754
2024-07-24,Cairns,Ellis Beach,BULL WHALER,Carcharhinus leucas,Released Alive,Carcharhiniformes,ellisbeach,-16.72147142857143,145.65029761904762
2024-07-24,Cairns,Clifton,HARDNOSE WHALER,Carcharhinus macloti,Deceased,Carcharhiniformes,clifton,-16.759525,145.68219583333334
2024-07-24,Capricorn Coast,Tanby Point,BULL WHALER,Carcharhinus leucas,Deceased,Carcharhiniformes,tanbypoint,-23.22792666666667,150.82419666666667
2024-07-25,Mackay,Eimeo Beach,BULL WHALER,Carcharhinus leucas,Deceased,Carcharhiniformes,eimeobeach,-21.030911111111113,149.18116666666666
2024-07-26,Cairns,Palm Cove,TAWNY SHARK,Nebrius ferrugineus,Released Alive,Orectolobiformes,palmcove,-16.744905555555555,145.6754
2024-07-26,Cairns,Palm Cove,TAWNY SHARK,Nebrius ferrugineus,Released Alive,Orectolobiformes,palmcove,-16.744905555555555,145.6754
2024-07-26,Townsville,Nelly Bay,SPOT-TAIL WHALER,Carcharhinus sorrah,Released Alive,Carcharhiniformes,nellybay,-19.17364523809524,146.85039523809525
2024-07-27,Townsville,Florence Bay,TIGER SHARK,Galeocerdo cuvier,Released Alive,Carcharhiniformes,florencebay,-19.123693333333332,146.88541
2024-07-27,Townsville,Florence Bay,TIGER SHARK,Galeocerdo cuvier,Deceased,Carcharhiniformes,florencebay,-19.123693333333332,146.88541
2024-07-27,Townsville,Radical Bay,TIGER SHARK,Galeocerdo cuvier,Released Alive,Carcharhiniformes,radicalbay,-19.108173333333333,146.87670666666668
2024-07-29,Capricorn Coast,Kemp Beach,TIGER SHARK,Galeocerdo cuvier,Released Alive,Carcharhiniformes,kempbeach,-23.1712,150.79471944444444
2024-07-31,Townsville,Radical Bay,TIGER SHARK,Galeocerdo cuvier,Released Alive,Carcharhiniformes,radicalbay,-19.108173333333333,146.87670666666668
2024-08-01,Townsville,Alma Bay,TIGER SHARK,Galeocerdo cuvier,Deceased,Carcharhiniformes,almabay,-19.149697222222223,146.87386944444447
2024-08-01,Cairns,Ellis Beach,TIGER SHARK,Galeocerdo cuvier,Released Alive,Carcharhiniformes,ellisbeach,-16.72147142857143,145.65029761904762
2024-08-02,Mackay,Eimeo Beach,BULL WHALER,Carcharhinus leucas,Released Alive,Carcharhiniformes,eimeobeach,-21.030911111111113,149.18116666666666
2024-08-04,Capricorn Coast,Farnborough Beach,TIGER SHARK,Galeocerdo cuvier,Released Alive,Carcharhiniformes,farnboroughbeach,-23.116036666666666,150.75383666666667
2024-08-05,Capricorn Coast,Fishermans Beach,TIGER SHARK,Galeocerdo cuvier,Released Alive,Carcharhiniformes,fishermansbeach,-23.243136666666665,150.82846999999998
2024-08-06,Townsville,Horseshoe Bay,BULL WHALER,Carcharhinus leucas,Deceased,Carcharhiniformes,horseshoebay,-19.11187361111111,146.85320555555555
2024-08-06,Cairns,Yorkeys,TIGER SHARK,Galeocerdo cuvier,Deceased,Carcharhiniformes,yorkeys,-16.805583333333335,145.73073
2024-08-08,Cairns,Ellis Beach,TIGER SHARK,Galeocerdo cuvier,Released Alive,Carcharhiniformes,ellisbeach,-16.72147142857143,145.65029761904762
2024-08-08,Capricorn Coast,Lammermoor Beach,TIGER SHARK,Galeocerdo cuvier,Released Alive,Carcharhiniformes,lammermoorbeach,-23.155048484848486,150.77348333333333
2024-08-08,Cairns,Palm Cove,TIGER SHARK,Galeocerdo cuvier,Released Alive,Carcharhiniformes,palmcove,-16.744905555555555,145.6754
2024-08-09,Mackay,Eimeo Beach,GREAT HAMMERHEAD,Sphyrna mokarran,Released Alive,Carcharhiniformes,eimeobeach,-21.030911111111113,149.18116666666666
2024-08-09,Capricorn Coast,Tanby Point,TIGER SHARK,Galeocerdo cuvier,Released Alive,Carcharhiniformes,tanbypoint,-23.22792666666667,150.82419666666667
2024-08-09,Townsville,Radical Bay,TIGER SHARK,Galeocerdo cuvier,Released Alive,Carcharhiniformes,radicalbay,-19.108173333333333,146.87670666666668
2024-08-10,Capricorn Coast,Fishermans Beach,PIGEYE WHALER,Carcharhinus amboinensis,Released Alive,Carcharhiniformes,fishermansbeach,-23.243136666666665,150.82846999999998
2024-08-10,Gladstone,Tannum Sands,WHITE SHARK,Carcharodon carcharias,Deceased,Lamniformes,tannumsands,-23.939119444444444,151.3756861111111
2024-08-14,Townsville,Alma Bay,SPOT-TAIL WHALER,Carcharhinus sorrah,Deceased,Carcharhiniformes,almabay,-19.149697222222223,146.87386944444447
2024-08-14,Cairns,Buchans,TAWNY SHARK,Nebrius ferrugineus,Released Alive,Orectolobiformes,buchans,-16.725916666666667,145.66339166666666
2024-08-14,Townsville,Radical Bay,SPOT-TAIL WHALER,Carcharhinus sorrah,Deceased,Carcharhiniformes,radicalbay,-19.108173333333333,146.87670666666668
2024-08-15,Cairns,Clifton,TAWNY SHARK,Nebrius ferrugineus,Released Alive,Orectolobiformes,clifton,-16.759525,145.68219583333334
2024-08-15,Capricorn Coast,Emu Park,PIGEYE WHALER,Carcharhinus amboinensis,Released Alive,Carcharhiniformes,emupark,-23.262438095238092,150.8322357142857
2024-08-15,Townsville,Florence Bay,SPOT-TAIL WHALER,Carcharhinus sorrah,Deceased,Carcharhiniformes,florencebay,-19.123693333333332,146.88541
2024-08-16,Cairns,Ellis Beach,DUSKY WHALER,Carcharhinus obscurus,Released Alive,Carcharhiniformes,ellisbeach,-16.72147142857143,145.65029761904762
2024-08-16,Cairns,Palm Cove,SPOT-TAIL WHALER,Carcharhinus sorrah,Deceased,Carcharhiniformes,palmcove,-16.744905555555555,145.6754
2024-08-17,Cairns,Palm Cove,BULL WHALER,Carcharhinus leucas,Deceased,Carcharhiniformes,palmcove,-16.744905555555555,145.6754
2024-08-17,Cairns,Palm Cove,SPOT-TAIL WHALER,Carcharhinus sorrah,Deceased,Carcharhiniformes,palmcove,-16.744905555555555,145.6754
2024-08-20,Capricorn Coast,Emu Park,PIGEYE WHALER,Carcharhinus amboinensis,Released Alive,Carcharhiniformes,emupark,-23.262438095238092,150.8322357142857
2024-08-21,Mackay,Bucasia Beach,BLACKTIP REEF WHALER,Carcharhinus melanopterus,Deceased,Carcharhiniformes,bucasiabeach,-21.0204,149.16325277777779
2024-08-21,Townsville,Florence Bay,TIGER SHARK,Galeocerdo cuvier,Released Alive,Carcharhiniformes,florencebay,-19.123693333333332,146.88541
2024-08-21,Townsville,Florence Bay,TIGER SHARK,Galeocerdo cuvier,Released Alive,Carcharhiniformes,florencebay,-19.123693333333332,146.88541
2024-08-22,Gladstone,Tannum Sands,PIGEYE WHALER,Carcharhinus amboinensis,Released Alive,Carcharhiniformes,tannumsands,-23.939119444444444,151.3756861111111
2024-08-23,Mackay,Bucasia Beach,TIGER SHARK,Galeocerdo cuvier,Released Alive,Carcharhiniformes,bucasiabeach,-21.0204,149.16325277777779
2024-08-23,Townsville,Horseshoe Bay,SPOT-TAIL WHALER,Carcharhinus sorrah,Deceased,Carcharhiniformes,horseshoebay,-19.11187361111111,146.85320555555555
2024-08-24,Mackay,Eimeo Beach,BULL WHALER,Carcharhinus leucas,Released Alive,Carcharhiniformes,eimeobeach,-21.030911111111113,149.18116666666666
2024-08-24,Capricorn Coast,Lammermoor Beach,PIGEYE WHALER,Carcharhinus amboinensis,Released Alive,Carcharhiniformes,lammermoorbeach,-23.155048484848486,150.77348333333333
2024-08-26,Capricorn Coast,Cooee Bay,AUSTRALIAN BLACKTIP,Carcharhinus tilstoni,Deceased,Carcharhiniformes,cooeebay,-23.139136666666666,150.76271333333335
2024-08-26,Capricorn Coast,Cooee Bay,PIGEYE WHALER,Carcharhinus amboinensis,Deceased,Carcharhiniformes,cooeebay,-23.139136666666666,150.76271333333335
2024-08-26,Capricorn Coast,Farnborough Beach,PIGEYE WHALER,Carcharhinus amboinensis,Deceased,Carcharhiniformes,farnboroughbeach,-23.116036666666666,150.75383666666667
2024-08-29,Capricorn Coast,Tanby Point,SHARPTOOTH SHARK,Negaprion acutidens,Released Alive,Carcharhiniformes,tanbypoint,-23.22792666666667,150.82419666666667
2024-08-30,Mackay,Blacks Beach,BULL WHALER,Carcharhinus leucas,Deceased,Carcharhiniformes,blacksbeach,-21.045294444444444,149.19208333333333
2024-08-30,Capricorn Coast,Mullambin Beach,TIGER SHARK,Galeocerdo cuvier,Released Alive,Carcharhiniformes,mullambinbeach,-23.18919,150.79873
2024-08-30,Gladstone,Tannum Sands,SPOT-TAIL WHALER,Carcharhinus sorrah,Deceased,Carcharhiniformes,tannumsands,-23.939119444444444,151.3756861111111
2024-08-31,Mackay,Blacks Beach,TIGER SHARK,Galeocerdo cuvier,Released Alive,Carcharhiniformes,blacksbeach,-21.045294444444444,149.19208333333333
2024-08-31,Capricorn Coast,Farnborough Beach,TIGER SHARK,Galeocerdo cuvier,Deceased,Carcharhiniformes,farnboroughbeach,-23.116036666666666,150.75383666666667
2024-08-31,Capricorn Coast,Fishermans Beach,TIGER SHARK,Galeocerdo cuvier,Released Alive,Carcharhiniformes,fishermansbeach,-23.243136666666665,150.82846999999998
2024-08-31,Capricorn Coast,Lammermoor Beach,BULL WHALER,Carcharhinus leucas,Released Alive,Carcharhiniformes,lammermoorbeach,-23.155048484848486,150.77348333333333
2024-09-02,Capricorn Coast,Farnborough Beach,TIGER SHARK,Galeocerdo cuvier,Released Alive,Carcharhiniformes,farnboroughbeach,-23.116036666666666,150.75383666666667
2024-09-04,Cairns,Ellis Beach,PIGEYE WHALER,Carcharhinus amboinensis,Released Alive,Carcharhiniformes,ellisbeach,-16.72147142857143,145.65029761904762
2024-09-05,Gladstone,Tannum Sands,SHARPTOOTH SHARK,Negaprion acutidens,Deceased,Carcharhiniformes,tannumsands,-23.939119444444444,151.3756861111111
2024-09-05,Gladstone,Tannum Sands,SPOT-TAIL WHALER,Carcharhinus sorrah,Deceased,Carcharhiniformes,tannumsands,-23.939119444444444,151.3756861111111
2024-09-06,Capricorn Coast,Emu Park,PIGEYE WHALER,Carcharhinus amboinensis,Released Alive,Carcharhiniformes,emupark,-23.262438095238092,150.8322357142857
2024-09-06,Gladstone,Tannum Sands,PIGEYE WHALER,Carcharhinus amboinensis,Deceased,Carcharhiniformes,tannumsands,-23.939119444444444,151.3756861111111
2024-09-07,Cairns,Ellis Beach,TAWNY SHARK,Nebrius ferrugineus,Released Alive,Orectolobiformes,ellisbeach,-16.72147142857143,145.65029761904762
2024-09-07,Capricorn Coast,Emu Park,BULL WHALER,Carcharhinus leucas,Deceased,Carcharhiniformes,emupark,-23.262438095238092,150.8322357142857
2024-09-07,Capricorn Coast,Fishermans Beach,BULL WHALER,Carcharhinus leucas,Deceased,Carcharhiniformes,fishermansbeach,-23.243136666666665,150.82846999999998
2024-09-07,Capricorn Coast,Mullambin Beach,PIGEYE WHALER,Carcharhinus amboinensis,Released Alive,Carcharhiniformes,mullambinbeach,-23.18919,150.79873
2024-09-07,Capricorn Coast,Tanby Point,BULL WHALER,Carcharhinus leucas,Deceased,Carcharhiniformes,tanbypoint,-23.22792666666667,150.82419666666667
2024-09-09,Capricorn Coast,Cooee Bay,PIGEYE WHALER,Carcharhinus amboinensis,Released Alive,Carcharhiniformes,cooeebay,-23.139136666666666,150.76271333333335
2024-09-09,Capricorn Coast,Tanby Point,PIGEYE WHALER,Carcharhinus amboinensis,Deceased,Carcharhiniformes,tanbypoint,-23.22792666666667,150.82419666666667
2024-09-10,Mackay,Blacks Beach,BULL WHALER,Carcharhinus leucas,Released Alive,Carcharhiniformes,blacksbeach,-21.045294444444444,149.19208333333333
2024-09-10,Cairns,Palm Cove,TIGER SHARK,Galeocerdo cuvier,Released Alive,Carcharhiniformes,palmcove,-16.744905555555555,145.6754
2024-09-10,Capricorn Coast,Emu Park,TIGER SHARK,Galeocerdo cuvier,Released Alive,Carcharhiniformes,emupark,-23.262438095238092,150.8322357142857
2024-09-10,Capricorn Coast,Fishermans Beach,PIGEYE WHALER,Carcharhinus amboinensis,Released Alive,Carcharhiniformes,fishermansbeach,-23.243136666666665,150.82846999999998
2024-09-10,Cairns,Palm Cove,BULL WHALER,Carcharhinus leucas,Released Alive,Carcharhiniformes,palmcove,-16.744905555555555,145.6754
2024-09-11,Cairns,Ellis Beach,BULL WHALER,Carcharhinus leucas,Released Alive,Carcharhiniformes,ellisbeach,-16.72147142857143,145.65029761904762
2024-09-11,Gladstone,Tannum Sands,SPOT-TAIL WHALER,Carcharhinus sorrah,Deceased,Carcharhiniformes,tannumsands,-23.939119444444444,151.3756861111111
2024-09-12,Mackay,Blacks Beach,TIGER SHARK,Galeocerdo cuvier,Released Alive,Carcharhiniformes,blacksbeach,-21.045294444444444,149.19208333333333
2024-09-12,Mackay,Bucasia Beach,TAWNY SHARK,Nebrius ferrugineus,Released Alive,Orectolobiformes,bucasiabeach,-21.0204,149.16325277777779
2024-09-12,Cairns,Clifton,BULL WHALER,Carcharhinus leucas,Released Alive,Carcharhiniformes,clifton,-16.759525,145.68219583333334
2024-09-12,Cairns,Buchans,TAWNY SHARK,Nebrius ferrugineus,Released Alive,Orectolobiformes,buchans,-16.725916666666667,145.66339166666666
2024-09-12,Mackay,Eimeo Beach,BULL WHALER,Carcharhinus leucas,Deceased,Carcharhiniformes,eimeobeach,-21.030911111111113,149.18116666666666
2024-09-13,Townsville,Alma Bay,BULL WHALER,Carcharhinus leucas,Deceased,Carcharhiniformes,almabay,-19.149697222222223,146.87386944444447
2024-09-13,Townsville,Alma Bay,COMMON BLACKTIP WHALER,Carcharhinus limbatus,Deceased,Carcharhiniformes,almabay,-19.149697222222223,146.87386944444447
2024-09-17,Mackay,Eimeo Beach,COMMON BLACKTIP WHALER,Carcharhinus limbatus,Deceased,Carcharhiniformes,eimeobeach,-21.030911111111113,149.18116666666666
2024-09-17,Townsville,Radical Bay,SHARPTOOTH SHARK,Negaprion acutidens,Deceased,Carcharhiniformes,radicalbay,-19.108173333333333,146.87670666666668
2024-09-17,Gladstone,Tannum Sands,BULL WHALER,Carcharhinus leucas,Deceased,Carcharhiniformes,tannumsands,-23.939119444444444,151.3756861111111
2024-09-18,Mackay,Eimeo Beach,COMMON BLACKTIP WHALER,Carcharhinus limbatus,Deceased,Carcharhiniformes,eimeobeach,-21.030911111111113,149.18116666666666
2024-09-19,Mackay,Bucasia Beach,BULL WHALER,Carcharhinus leucas,Deceased,Carcharhiniformes,bucasiabeach,-21.0204,149.16325277777779
2024-09-19,Capricorn Coast,Tanby Point,BULL WHALER,Carcharhinus leucas,Released Alive,Carcharhiniformes,tanbypoint,-23.22792666666667,150.82419666666667
2024-09-19,Cairns,Trinity,SHARPTOOTH SHARK,Negaprion acutidens,Released Alive,Carcharhiniformes,trinity,-16.777091666666667,145.7011611111111
2024-09-20,Mackay,Blacks Beach,TIGER SHARK,Galeocerdo cuvier,Released Alive,Carcharhiniformes,blacksbeach,-21.045294444444444,149.19208333333333
2024-09-20,Cairns,Ellis Beach,SPOT-TAIL WHALER,Carcharhinus sorrah,Deceased,Carcharhiniformes,ellisbeach,-16.72147142857143,145.65029761904762
2024-09-20,Cairns,Palm Cove,BULL WHALER,Carcharhinus leucas,Released Alive,Carcharhiniformes,palmcove,-16.744905555555555,145.6754
2024-09-20,Townsville,Radical Bay,COMMON BLACKTIP WHALER,Carcharhinus limbatus,Deceased,Carcharhiniformes,radicalbay,-19.108173333333333,146.87670666666668
2024-09-21,Townsville,Nelly Bay,SPOT-TAIL WHALER,Carcharhinus sorrah,Deceased,Carcharhiniformes,nellybay,-19.17364523809524,146.85039523809525
2024-09-21,Townsville,Palarenda Beach,SPOT-TAIL WHALER,Carcharhinus sorrah,Deceased,Carcharhiniformes,palarendabeach,-19.198694444444445,146.77763333333334
2024-09-21,Gladstone,Tannum Sands,PIGEYE WHALER,Carcharhinus amboinensis,Deceased,Carcharhiniformes,tannumsands,-23.939119444444444,151.3756861111111
2024-09-22,Capricorn Coast,Farnborough Beach,BULL WHALER,Carcharhinus leucas,Deceased,Carcharhiniformes,farnboroughbeach,-23.116036666666666,150.75383666666667
2024-09-24,Cairns,Palm Cove,GREAT HAMMERHEAD,Sphyrna mokarran,Released Alive,Carcharhiniformes,palmcove,-16.744905555555555,145.6754
2024-09-24,Cairns,Palm Cove,SPOT-TAIL WHALER,Carcharhinus sorrah,Deceased,Carcharhiniformes,palmcove,-16.744905555555555,145.6754
2024-09-25,Capricorn Coast,Farnborough Beach,BULL WHALER,Carcharhinus leucas,Released Alive,Carcharhiniformes,farnboroughbeach,-23.116036666666666,150.75383666666667
2024-09-25,Capricorn Coast,Lammermoor Beach,SPOT-TAIL WHALER,Carcharhinus sorrah,Deceased,Carcharhiniformes,lammermoorbeach,-23.155048484848486,150.77348333333333
2024-09-25,Capricorn Coast,Tanby Point,SANDBAR WHALER,Carcharhinus plumbeus,Released Alive,Carcharhiniformes,tanbypoint,-23.22792666666667,150.82419666666667
2024-09-26,Mackay,Bucasia Beach,LONG NOSE WHALER,Carcharhinus brevipinna,Deceased,Carcharhiniformes,bucasiabeach,-21.0204,149.16325277777779
2024-09-26,Cairns,Buchans,SPOT-TAIL WHALER,Carcharhinus sorrah,Deceased,Carcharhiniformes,buchans,-16.725916666666667,145.66339166666666
2024-09-26,Mackay,Blacks Beach,TIGER SHARK,Galeocerdo cuvier,Released Alive,Carcharhiniformes,blacksbeach,-21.045294444444444,149.19208333333333
2024-09-26,Capricorn Coast,Emu Park,PIGEYE WHALER,Carcharhinus amboinensis,Released Alive,Carcharhiniformes,emupark,-23.262438095238092,150.8322357142857
2024-09-26,Townsville,Palarenda Beach,COMMON BLACKTIP WHALER,Carcharhinus limbatus,Deceased,Carcharhiniformes,palarendabeach,-19.198694444444445,146.77763333333334
2024-09-27,Mackay,Eimeo Beach,SHARPTOOTH SHARK,Negaprion acutidens,Released Alive,Carcharhiniformes,eimeobeach,-21.030911111111113,149.18116666666666
2024-09-27,Townsville,Florence Bay,COMMON BLACKTIP WHALER,Carcharhinus limbatus,Deceased,Carcharhiniformes,florencebay,-19.123693333333332,146.88541
2024-09-27,Townsville,Horseshoe Bay,SPOT-TAIL WHALER,Carcharhinus sorrah,Deceased,Carcharhiniformes,horseshoebay,-19.11187361111111,146.85320555555555
2024-09-27,Townsville,Radical Bay,COMMON BLACKTIP WHALER,Carcharhinus limbatus,Deceased,Carcharhiniformes,radicalbay,-19.108173333333333,146.87670666666668
2024-09-27,Capricorn Coast,Tanby Point,SHARPTOOTH SHARK,Negaprion acutidens,Released Alive,Carcharhiniformes,tanbypoint,-23.22792666666667,150.82419666666667
2024-09-28,Gladstone,Tannum Sands,SPOT-TAIL WHALER,Carcharhinus sorrah,Deceased,Carcharhiniformes,tannumsands,-23.939119444444444,151.3756861111111
2024-10-02,Cairns,Holloways,HARDNOSE WHALER,Carcharhinus macloti,Deceased,Carcharhiniformes,holloways,-16.83081,145.74805666666666
2024-10-03,Cairns,Palm Cove,TAWNY SHARK,Nebrius ferrugineus,Released Alive,Orectolobiformes,palmcove,-16.744905555555555,145.6754
2024-10-04,Capricorn Coast,Mullambin Beach,BULL WHALER,Carcharhinus leucas,Released Alive,Carcharhiniformes,mullambinbeach,-23.18919,150.79873
2024-10-04,Cairns,Ellis Beach,TAWNY SHARK,Nebrius ferrugineus,Released Alive,Orectolobiformes,ellisbeach,-16.72147142857143,145.65029761904762
2024-10-05,Mackay,Blacks Beach,LONG NOSE WHALER,Carcharhinus brevipinna,Deceased,Carcharhiniformes,blacksbeach,-21.045294444444444,149.19208333333333
2024-10-05,Mackay,Bucasia Beach,LONG NOSE WHALER,Carcharhinus brevipinna,Deceased,Carcharhiniformes,bucasiabeach,-21.0204,149.16325277777779
2024-10-05,Capricorn Coast,Cooee Bay,PIGEYE WHALER,Carcharhinus amboinensis,Deceased,Carcharhiniformes,cooeebay,-23.139136666666666,150.76271333333335
2024-10-05,Mackay,Eimeo Beach,LONG NOSE WHALER,Carcharhinus brevipinna,Deceased,Carcharhiniformes,eimeobeach,-21.030911111111113,149.18116666666666
2024-10-05,Townsville,Florence Bay,SPOT-TAIL WHALER,Carcharhinus sorrah,Deceased,Carcharhiniformes,florencebay,-19.123693333333332,146.88541
2024-10-05,Townsville,Florence Bay,TIGER SHARK,Galeocerdo cuvier,Released Alive,Carcharhiniformes,florencebay,-19.123693333333332,146.88541
2024-10-05,Townsville,Picnic Bay,COMMON BLACKTIP WHALER,Carcharhinus limbatus,Deceased,Carcharhiniformes,picnicbay,-19.182850000000002,146.84146666666666
2024-10-05,Capricorn Coast,Tanby Point,BULL WHALER,Carcharhinus leucas,Deceased,Carcharhiniformes,tanbypoint,-23.22792666666667,150.82419666666667
2024-10-05,Capricorn Coast,Tanby Point,PIGEYE WHALER,Carcharhinus amboinensis,Deceased,Carcharhiniformes,tanbypoint,-23.22792666666667,150.82419666666667
2024-10-05,Gladstone,Tannum Sands,PIGEYE WHALER,Carcharhinus amboinensis,Deceased,Carcharhiniformes,tannumsands,-23.939119444444444,151.3756861111111
2024-10-06,Capricorn Coast,Emu Park,PIGEYE WHALER,Carcharhinus amboinensis,Deceased,Carcharhiniformes,emupark,-23.262438095238092,150.8322357142857
2024-10-06,Capricorn Coast,Kemp Beach,BULL WHALER,Carcharhinus leucas,Deceased,Carcharhiniformes,kempbeach,-23.1712,150.79471944444444
2024-10-06,Capricorn Coast,Lammermoor Beach,PIGEYE WHALER,Carcharhinus amboinensis,Deceased,Carcharhiniformes,lammermoorbeach,-23.155048484848486,150.77348333333333
2024-10-06,Capricorn Coast,Mullambin Beach,PIGEYE WHALER,Carcharhinus amboinensis,Deceased,Carcharhiniformes,mullambinbeach,-23.18919,150.79873
2024-10-09,Mackay,Bucasia Beach,SHARPTOOTH SHARK,Negaprion acutidens,Released Alive,Carcharhiniformes,bucasiabeach,-21.0204,149.16325277777779
2024-10-09,Cairns,Palm Cove,TAWNY SHARK,Nebrius ferrugineus,Released Alive,Orectolobiformes,palmcove,-16.744905555555555,145.6754
2024-10-09,Cairns,Palm Cove,SPOT-TAIL WHALER,Carcharhinus sorrah,Deceased,Carcharhiniformes,palmcove,-16.744905555555555,145.6754
2024-10-10,Townsville,Alma Bay,TIGER SHARK,Galeocerdo cuvier,Deceased,Carcharhiniformes,almabay,-19.149697222222223,146.87386944444447
2024-10-10,Capricorn Coast,Lammermoor Beach,TAWNY SHARK,Nebrius ferrugineus,Released Alive,Orectolobiformes,lammermoorbeach,-23.155048484848486,150.77348333333333
2024-10-10,Gladstone,Tannum Sands,SPOT-TAIL WHALER,Carcharhinus sorrah,Deceased,Carcharhiniformes,tannumsands,-23.939119444444444,151.3756861111111
2024-10-10,Gladstone,Tannum Sands,TIGER SHARK,Galeocerdo cuvier,Deceased,Carcharhiniformes,tannumsands,-23.939119444444444,151.3756861111111
2024-10-11,Mackay,Blacks Beach,TIGER SHARK,Galeocerdo cuvier,Released Alive,Carcharhiniformes,blacksbeach,-21.045294444444444,149.19208333333333
2024-10-11,Gladstone,Tannum Sands,COMMON BLACKTIP WHALER,Carcharhinus limbatus,Deceased,Carcharhiniformes,tannumsands,-23.939119444444444,151.3756861111111
2024-10-12,Capricorn Coast,Emu Park,PIGEYE WHALER,Carcharhinus amboinensis,Deceased,Carcharhiniformes,emupark,-23.262438095238092,150.8322357142857
2024-10-12,Capricorn Coast,Fishermans Beach,PIGEYE WHALER,Carcharhinus amboinensis,Deceased,Carcharhiniformes,fishermansbeach,-23.243136666666665,150.82846999999998
2024-10-12,Townsville,Horseshoe Bay,SPOT-TAIL WHALER,Carcharhinus sorrah,Deceased,Carcharhiniformes,horseshoebay,-19.11187361111111,146.85320555555555
2024-10-12,Capricorn Coast,Yeppoon Beach,SHARPTOOTH SHARK,Negaprion acutidens,Deceased,Carcharhiniformes,yeppoonbeach,-23.128226666666666,150.75462666666667
2024-10-16,Mackay,Blacks Beach,BULL WHALER,Carcharhinus leucas,Deceased,Carcharhiniformes,blacksbeach,-21.045294444444444,149.19208333333333
2024-10-16,Mackay,Bucasia Beach,COMMON BLACKTIP WHALER,Carcharhinus limbatus,Deceased,Carcharhiniformes,bucasiabeach,-21.0204,149.16325277777779
2024-10-16,Mackay,Eimeo Beach,SHARPTOOTH SHARK,Negaprion acutidens,Released Alive,Carcharhiniformes,eimeobeach,-21.030911111111113,149.18116666666666
2024-10-16,Capricorn Coast,Emu Park,PIGEYE WHALER,Carcharhinus amboinensis,Released Alive,Carcharhiniformes,emupark,-23.262438095238092,150.8322357142857
2024-10-16,Townsville,Nelly Bay,SPOT-TAIL WHALER,Carcharhinus sorrah,Deceased,Carcharhiniformes,nellybay,-19.17364523809524,146.85039523809525
2024-10-17,Cairns,Palm Cove,TAWNY SHARK,Nebrius ferrugineus,Released Alive,Orectolobiformes,palmcove,-16.744905555555555,145.6754
2024-10-17,Capricorn Coast,Farnborough Beach,PIGEYE WHALER,Carcharhinus amboinensis,Deceased,Carcharhiniformes,farnboroughbeach,-23.116036666666666,150.75383666666667
2024-10-17,Capricorn Coast,Fishermans Beach,SHARPTOOTH SHARK,Negaprion acutidens,Released Alive,Carcharhiniformes,fishermansbeach,-23.243136666666665,150.82846999999998
2024-10-17,Townsville,Florence Bay,SHARPTOOTH SHARK,Negaprion acutidens,Deceased,Carcharhiniformes,florencebay,-19.123693333333332,146.88541
2024-10-17,Capricorn Coast,Mullambin Beach,PIGEYE WHALER,Carcharhinus amboinensis,Deceased,Carcharhiniformes,mullambinbeach,-23.18919,150.79873
2024-10-17,Capricorn Coast,Tanby Point,PIGEYE WHALER,Carcharhinus amboinensis,Deceased,Carcharhiniformes,tanbypoint,-23.22792666666667,150.82419666666667
2024-10-18,Capricorn Coast,Cooee Bay,BULL WHALER,Carcharhinus leucas,Deceased,Carcharhiniformes,cooeebay,-23.139136666666666,150.76271333333335
2024-10-19,Mackay,Blacks Beach,SCALLOPED HAMMERHEAD,Sphyrna lewini,Deceased,Carcharhiniformes,blacksbeach,-21.045294444444444,149.19208333333333
2024-10-19,Mackay,Blacks Beach,TIGER SHARK,Galeocerdo cuvier,Released Alive,Carcharhiniformes,blacksbeach,-21.045294444444444,149.19208333333333
2024-10-19,Capricorn Coast,Emu Park,BULL WHALER,Carcharhinus leucas,Deceased,Carcharhiniformes,emupark,-23.262438095238092,150.8322357142857
2024-10-21,Capricorn Coast,Emu Park,PIGEYE WHALER,Carcharhinus amboinensis,Deceased,Carcharhiniformes,emupark,-23.262438095238092,150.8322357142857
2024-10-21,Capricorn Coast,Emu Park,PIGEYE WHALER,Carcharhinus amboinensis,Deceased,Carcharhiniformes,emupark,-23.262438095238092,150.8322357142857
2024-10-22,Mackay,Blacks Beach,TAWNY SHARK,Nebrius ferrugineus,Released Alive,Orectolobiformes,blacksbeach,-21.045294444444444,149.19208333333333
2024-10-22,Capricorn Coast,Kemp Beach,BULL WHALER,Carcharhinus leucas,Released Alive,Carcharhiniformes,kempbeach,-23.1712,150.79471944444444
2024-10-22,Capricorn Coast,Lammermoor Beach,SHARPTOOTH SHARK,Negaprion acutidens,Released Alive,Carcharhiniformes,lammermoorbeach,-23.155048484848486,150.77348333333333
2024-10-23,Mackay,Blacks Beach,TAWNY SHARK,Nebrius ferrugineus,Released Alive,Orectolobiformes,blacksbeach,-21.045294444444444,149.19208333333333
2024-10-23,Cairns,Palm Cove,SHARPTOOTH SHARK,Negaprion acutidens,Released Alive,Carcharhiniformes,palmcove,-16.744905555555555,145.6754
2024-10-24,Mackay,Bucasia Beach,TAWNY SHARK,Nebrius ferrugineus,Released Alive,Orectolobiformes,bucasiabeach,-21.0204,149.16325277777779
2024-10-24,Cairns,Palm Cove,TIGER SHARK,Galeocerdo cuvier,Released Alive,Carcharhiniformes,palmcove,-16.744905555555555,145.6754
2024-10-24,Capricorn Coast,Kemp Beach,SLIT EYE SHARK,Loxodon macrorhinus,Deceased,Carcharhiniformes,kempbeach,-23.1712,150.79471944444444
2024-10-25,Mackay,Eimeo Beach,SHARPTOOTH SHARK,Negaprion acutidens,Released Alive,Carcharhiniformes,eimeobeach,-21.030911111111113,149.18116666666666
2024-10-25,Mackay,Eimeo Beach,LONG NOSE WHALER,Carcharhinus brevipinna,Deceased,Carcharhiniformes,eimeobeach,-21.030911111111113,149.18116666666666
2024-10-25,Townsville,Horseshoe Bay,BULL WHALER,Carcharhinus leucas,Deceased,Carcharhiniformes,horseshoebay,-19.11187361111111,146.85320555555555
2024-10-25,Townsville,Horseshoe Bay,SPOT-TAIL WHALER,Carcharhinus sorrah,Deceased,Carcharhiniformes,horseshoebay,-19.11187361111111,146.85320555555555
2024-10-25,Gladstone,Tannum Sands,PIGEYE WHALER,Carcharhinus amboinensis,Deceased,Carcharhiniformes,tannumsands,-23.939119444444444,151.3756861111111
2024-10-25,Gladstone,Tannum Sands,TIGER SHARK,Galeocerdo cuvier,Deceased,Carcharhiniformes,tannumsands,-23.939119444444444,151.3756861111111
2024-10-26,Capricorn Coast,Tanby Point,SHARPTOOTH SHARK,Negaprion acutidens,Released Alive,Carcharhiniformes,tanbypoint,-23.22792666666667,150.82419666666667
2024-10-26,Capricorn Coast,Cooee Bay,SLIT EYE SHARK,Loxodon macrorhinus,Deceased,Carcharhiniformes,cooeebay,-23.139136666666666,150.76271333333335
2024-10-26,Townsville,Florence Bay,BULL WHALER,Carcharhinus leucas,Deceased,Carcharhiniformes,florencebay,-19.123693333333332,146.88541
2024-10-26,Capricorn Coast,Lammermoor Beach,SHARPTOOTH SHARK,Negaprion acutidens,Deceased,Carcharhiniformes,lammermoorbeach,-23.155048484848486,150.77348333333333
2024-10-26,Cairns,Yorkeys,SPOT-TAIL WHALER,Carcharhinus sorrah,Deceased,Carcharhiniformes,yorkeys,-16.805583333333335,145.73073
2024-10-27,Capricorn Coast,Emu Park,COMMON BLACKTIP WHALER,Carcharhinus limbatus,Deceased,Carcharhiniformes,emupark,-23.262438095238092,150.8322357142857
2024-10-27,Capricorn Coast,Fishermans Beach,SHARPTOOTH SHARK,Negaprion acutidens,Deceased,Carcharhiniformes,fishermansbeach,-23.243136666666665,150.82846999999998
2024-10-27,Capricorn Coast,Mullambin Beach,SHARPTOOTH SHARK,Negaprion acutidens,Deceased,Carcharhiniformes,mullambinbeach,-23.18919,150.79873
2024-10-28,Capricorn Coast,Farnborough Beach,COMMON BLACKTIP WHALER,Carcharhinus limbatus,Deceased,Carcharhiniformes,farnboroughbeach,-23.116036666666666,150.75383666666667
2024-10-28,Capricorn Coast,Yeppoon Beach,COMMON BLACKTIP WHALER,Carcharhinus limbatus,Deceased,Carcharhiniformes,yeppoonbeach,-23.128226666666666,150.75462666666667
2024-10-29,Capricorn Coast,Emu Park,PIGEYE WHALER,Carcharhinus amboinensis,Deceased,Carcharhiniformes,emupark,-23.262438095238092,150.8322357142857
2024-10-29,Capricorn Coast,Fishermans Beach,SHARPTOOTH SHARK,Negaprion acutidens,Deceased,Carcharhiniformes,fishermansbeach,-23.243136666666665,150.82846999999998
2024-10-30,Mackay,Bucasia Beach,GREAT HAMMERHEAD,Sphyrna mokarran,Released Alive,Carcharhiniformes,bucasiabeach,-21.0204,149.16325277777779
2024-10-30,Mackay,Blacks Beach,WINGHEAD SHARK,Eusphyra blochii,Released Alive,Carcharhiniformes,blacksbeach,-21.045294444444444,149.19208333333333
2024-10-30,Capricorn Coast,Emu Park,SHARPTOOTH SHARK,Negaprion acutidens,Released Alive,Carcharhiniformes,emupark,-23.262438095238092,150.8322357142857
2024-10-30,Townsville,Horseshoe Bay,SPOT-TAIL WHALER,Carcharhinus sorrah,Deceased,Carcharhiniformes,horseshoebay,-19.11187361111111,146.85320555555555
2024-10-30,Cairns,Palm Cove,BULL WHALER,Carcharhinus leucas,Deceased,Carcharhiniformes,palmcove,-16.744905555555555,145.6754
2024-10-30,Cairns,Palm Cove,SPOT-TAIL WHALER,Carcharhinus sorrah,Deceased,Carcharhiniformes,palmcove,-16.744905555555555,145.6754
2024-10-31,Townsville,Alma Bay,SPOT-TAIL WHALER,Carcharhinus sorrah,Deceased,Carcharhiniformes,almabay,-19.149697222222223,146.87386944444447
2024-10-31,Mackay,Eimeo Beach,LONG NOSE WHALER,Carcharhinus brevipinna,Deceased,Carcharhiniformes,eimeobeach,-21.030911111111113,149.18116666666666
2024-10-31,Mackay,Eimeo Beach,LONG NOSE WHALER,Carcharhinus brevipinna,Deceased,Carcharhiniformes,eimeobeach,-21.030911111111113,149.18116666666666
2024-10-31,Townsville,Horseshoe Bay,GREAT HAMMERHEAD,Sphyrna mokarran,Deceased,Carcharhiniformes,horseshoebay,-19.11187361111111,146.85320555555555
2024-11-01,Cairns,Palm Cove,TAWNY SHARK,Nebrius ferrugineus,Released Alive,Orectolobiformes,palmcove,-16.744905555555555,145.6754
2024-11-01,Cairns,Palm Cove,SPOT-TAIL WHALER,Carcharhinus sorrah,Deceased,Carcharhiniformes,palmcove,-16.744905555555555,145.6754
2024-11-01,Cairns,Clifton,LONG NOSE WHALER,Carcharhinus brevipinna,Deceased,Carcharhiniformes,clifton,-16.759525,145.68219583333334
2024-11-01,Cairns,Holloways,LONG NOSE WHALER,Carcharhinus brevipinna,Deceased,Carcharhiniformes,holloways,-16.83081,145.74805666666666
2024-11-02,Mackay,Bucasia Beach,AUSTRALIAN BLACKTIP,Carcharhinus tilstoni,Deceased,Carcharhiniformes,bucasiabeach,-21.0204,149.16325277777779
2024-11-02,Cairns,Trinity,SPOT-TAIL WHALER,Carcharhinus sorrah,Deceased,Carcharhiniformes,trinity,-16.777091666666667,145.7011611111111
2024-11-02,Cairns,Trinity,SPOT-TAIL WHALER,Carcharhinus sorrah,Deceased,Carcharhiniformes,trinity,-16.777091666666667,145.7011611111111
2024-11-05,Mackay,Bucasia Beach,BULL WHALER,Carcharhinus leucas,Released Alive,Carcharhiniformes,bucasiabeach,-21.0204,149.16325277777779
2024-11-05,Cairns,Buchans,TAWNY SHARK,Nebrius ferrugineus,Released Alive,Orectolobiformes,buchans,-16.725916666666667,145.66339166666666
2024-11-05,Mackay,Eimeo Beach,BULL WHALER,Carcharhinus leucas,Deceased,Carcharhiniformes,eimeobeach,-21.030911111111113,149.18116666666666
2024-11-05,Capricorn Coast,Kemp Beach,TIGER SHARK,Galeocerdo cuvier,Deceased,Carcharhiniformes,kempbeach,-23.1712,150.79471944444444
2024-11-06,Cairns,Clifton,SPOT-TAIL WHALER,Carcharhinus sorrah,Deceased,Carcharhiniformes,clifton,-16.759525,145.68219583333334
2024-11-06,Capricorn Coast,Emu Park,TAWNY SHARK,Nebrius ferrugineus,Released Alive,Orectolobiformes,emupark,-23.262438095238092,150.8322357142857
2024-11-06,Capricorn Coast,Yeppoon Beach,SHARPTOOTH SHARK,Negaprion acutidens,Deceased,Carcharhiniformes,yeppoonbeach,-23.128226666666666,150.75462666666667
2024-11-07,Mackay,Eimeo Beach,LONG NOSE WHALER,Carcharhinus brevipinna,Deceased,Carcharhiniformes,eimeobeach,-21.030911111111113,149.18116666666666
2024-11-07,Capricorn Coast,Fishermans Beach,TIGER SHARK,Galeocerdo cuvier,Released Alive,Carcharhiniformes,fishermansbeach,-23.243136666666665,150.82846999999998
2024-11-07,Townsville,Florence Bay,TIGER SHARK,Galeocerdo cuvier,Deceased,Carcharhiniformes,florencebay,-19.123693333333332,146.88541
2024-11-08,Cairns,Ellis Beach,TAWNY SHARK,Nebrius ferrugineus,Released Alive,Orectolobiformes,ellisbeach,-16.72147142857143,145.65029761904762
2024-11-09,Mackay,Bucasia Beach,LONG NOSE WHALER,Carcharhinus brevipinna,Deceased,Carcharhiniformes,bucasiabeach,-21.0204,149.16325277777779
2024-11-09,Capricorn Coast,Emu Park,TAWNY SHARK,Nebrius ferrugineus,Released Alive,Orectolobiformes,emupark,-23.262438095238092,150.8322357142857
2024-11-09,Cairns,Trinity,LONG NOSE WHALER,Carcharhinus brevipinna,Deceased,Carcharhiniformes,trinity,-16.777091666666667,145.7011611111111
2024-11-10,Mackay,Blacks Beach,LONG NOSE WHALER,Carcharhinus brevipinna,Deceased,Carcharhiniformes,blacksbeach,-21.045294444444444,149.19208333333333
2024-11-10,Capricorn Coast,Emu Park,TAWNY SHARK,Nebrius ferrugineus,Released Alive,Orectolobiformes,emupark,-23.262438095238092,150.8322357142857
2024-11-10,Capricorn Coast,Farnborough Beach,BULL WHALER,Carcharhinus leucas,Released Alive,Carcharhiniformes,farnboroughbeach,-23.116036666666666,150.75383666666667
2024-11-10,Capricorn Coast,Kemp Beach,TAWNY SHARK,Nebrius ferrugineus,Released Alive,Orectolobiformes,kempbeach,-23.1712,150.79471944444444
2024-11-11,Mackay,Bucasia Beach,LONG NOSE WHALER,Carcharhinus brevipinna,Deceased,Carcharhiniformes,bucasiabeach,-21.0204,149.16325277777779
2024-11-11,Mackay,Eimeo Beach,SHARPTOOTH SHARK,Negaprion acutidens,Released Alive,Carcharhiniformes,eimeobeach,-21.030911111111113,149.18116666666666
2024-11-11,Mackay,Eimeo Beach,SHARPTOOTH SHARK,Negaprion acutidens,Released Alive,Carcharhiniformes,eimeobeach,-21.030911111111113,149.18116666666666
2024-11-13,Mackay,Blacks Beach,LONG NOSE WHALER,Carcharhinus brevipinna,Deceased,Carcharhiniformes,blacksbeach,-21.045294444444444,149.19208333333333
2024-11-13,Capricorn Coast,Mullambin Beach,TIGER SHARK,Galeocerdo cuvier,Released Alive,Carcharhiniformes,mullambinbeach,-23.18919,150.79873
2024-11-13,Cairns,Palm Cove,LONG NOSE WHALER,Carcharhinus brevipinna,Deceased,Carcharhiniformes,palmcove,-16.744905555555555,145.6754
2024-11-13,Cairns,Palm Cove,TIGER SHARK,Galeocerdo cuvier,Released Alive,Carcharhiniformes,palmcove,-16.744905555555555,145.6754
2024-11-13,Cairns,Yorkeys,TAWNY SHARK,Nebrius ferrugineus,Released Alive,Orectolobiformes,yorkeys,-16.805583333333335,145.73073
2024-11-14,Mackay,Bucasia Beach,TAWNY SHARK,Nebrius ferrugineus,Released Alive,Orectolobiformes,bucasiabeach,-21.0204,149.16325277777779
2024-11-14,Cairns,Clifton,LONG NOSE WHALER,Carcharhinus brevipinna,Deceased,Carcharhiniformes,clifton,-16.759525,145.68219583333334
2024-11-14,Cairns,Clifton,TAWNY SHARK,Nebrius ferrugineus,Released Alive,Orectolobiformes,clifton,-16.759525,145.68219583333334
2024-11-14,Mackay,Eimeo Beach,TIGER SHARK,Galeocerdo cuvier,Released Alive,Carcharhiniformes,eimeobeach,-21.030911111111113,149.18116666666666
2024-11-14,Cairns,Palm Cove,TAWNY SHARK,Nebrius ferrugineus,Released Alive,Orectolobiformes,palmcove,-16.744905555555555,145.6754
2024-11-14,Townsville,Palarenda Beach,SPOT-TAIL WHALER,Carcharhinus sorrah,Deceased,Carcharhiniformes,palarendabeach,-19.198694444444445,146.77763333333334
2024-11-14,Gladstone,Tannum Sands,TIGER SHARK,Galeocerdo cuvier,Euthanised,Carcharhiniformes,tannumsands,-23.939119444444444,151.3756861111111
2024-11-15,Cairns,Clifton,TAWNY SHARK,Nebrius ferrugineus,Released Alive,Orectolobiformes,clifton,-16.759525,145.68219583333334
2024-11-15,Cairns,Palm Cove,TAWNY SHARK,Nebrius ferrugineus,Released Alive,Orectolobiformes,palmcove,-16.744905555555555,145.6754
2024-11-15,Townsville,Horseshoe Bay,BULL WHALER,Carcharhinus leucas,Deceased,Carcharhiniformes,horseshoebay,-19.11187361111111,146.85320555555555
2024-11-15,Townsville,Horseshoe Bay,COMMON BLACKTIP WHALER,Carcharhinus limbatus,Deceased,Carcharhiniformes,horseshoebay,-19.11187361111111,146.85320555555555
2024-11-15,Townsville,Horseshoe Bay,SCALLOPED HAMMERHEAD,Sphyrna lewini,Deceased,Carcharhiniformes,horseshoebay,-19.11187361111111,146.85320555555555
2024-11-16,Mackay,Bucasia Beach,GREAT HAMMERHEAD,Sphyrna mokarran,Deceased,Carcharhiniformes,bucasiabeach,-21.0204,149.16325277777779
2024-11-16,Capricorn Coast,Tanby Point,TAWNY SHARK,Nebrius ferrugineus,Released Alive,Orectolobiformes,tanbypoint,-23.22792666666667,150.82419666666667
2024-11-16,Cairns,Ellis Beach,SPOT-TAIL WHALER,Carcharhinus sorrah,Deceased,Carcharhiniformes,ellisbeach,-16.72147142857143,145.65029761904762
2024-11-16,Townsville,Horseshoe Bay,TAWNY SHARK,Nebrius ferrugineus,Released Alive,Orectolobiformes,horseshoebay,-19.11187361111111,146.85320555555555
2024-11-16,Gladstone,Tannum Sands,PIGEYE WHALER,Carcharhinus amboinensis,Deceased,Carcharhiniformes,tannumsands,-23.939119444444444,151.3756861111111
2024-11-17,Mackay,Bucasia Beach,LONG NOSE WHALER,Carcharhinus brevipinna,Deceased,Carcharhiniformes,bucasiabeach,-21.0204,149.16325277777779
2024-11-17,Cairns,Palm Cove,TAWNY SHARK,Nebrius ferrugineus,Released Alive,Orectolobiformes,palmcove,-16.744905555555555,145.6754
2024-11-17,Cairns,Trinity,SPOT-TAIL WHALER,Carcharhinus sorrah,Deceased,Carcharhiniformes,trinity,-16.777091666666667,145.7011611111111
2024-11-18,Capricorn Coast,Emu Park,PIGEYE WHALER,Carcharhinus amboinensis,Deceased,Carcharhiniformes,emupark,-23.262438095238092,150.8322357142857
2024-11-18,Capricorn Coast,Fishermans Beach,PIGEYE WHALER,Carcharhinus amboinensis,Deceased,Carcharhiniformes,fishermansbeach,-23.243136666666665,150.82846999999998
2024-11-18,Capricorn Coast,Tanby Point,PIGEYE WHALER,Carcharhinus amboinensis,Deceased,Carcharhiniformes,tanbypoint,-23.22792666666667,150.82419666666667
2024-11-19,Capricorn Coast,Fishermans Beach,TAWNY SHARK,Nebrius ferrugineus,Released Alive,Orectolobiformes,fishermansbeach,-23.243136666666665,150.82846999999998
2024-11-20,Capricorn Coast,Emu Park,PIGEYE WHALER,Carcharhinus amboinensis,Released Alive,Carcharhiniformes,emupark,-23.262438095238092,150.8322357142857
2024-11-20,Capricorn Coast,Fishermans Beach,PIGEYE WHALER,Carcharhinus amboinensis,Released Alive,Carcharhiniformes,fishermansbeach,-23.243136666666665,150.82846999999998
2024-11-20,Mackay,Blacks Beach,GREAT HAMMERHEAD,Sphyrna mokarran,Released Alive,Carcharhiniformes,blacksbeach,-21.045294444444444,149.19208333333333
2024-11-20,Capricorn Coast,Farnborough Beach,COMMON BLACKTIP WHALER,Carcharhinus limbatus,Deceased,Carcharhiniformes,farnboroughbeach,-23.116036666666666,150.75383666666667
2024-11-20,Capricorn Coast,Lammermoor Beach,TAWNY SHARK,Nebrius ferrugineus,Released Alive,Orectolobiformes,lammermoorbeach,-23.155048484848486,150.77348333333333
2024-11-20,Capricorn Coast,Tanby Point,TAWNY SHARK,Nebrius ferrugineus,Deceased,Orectolobiformes,tanbypoint,-23.22792666666667,150.82419666666667
2024-11-21,Capricorn Coast,Farnborough Beach,PIGEYE WHALER,Carcharhinus amboinensis,Released Alive,Carcharhiniformes,farnboroughbeach,-23.116036666666666,150.75383666666667
2024-11-21,Capricorn Coast,Kemp Beach,PIGEYE WHALER,Carcharhinus amboinensis,Deceased,Carcharhiniformes,kempbeach,-23.1712,150.79471944444444
2024-11-21,Capricorn Coast,Tanby Point,PIGEYE WHALER,Carcharhinus amboinensis,Deceased,Carcharhiniformes,tanbypoint,-23.22792666666667,150.82419666666667
2024-11-21,Capricorn Coast,Yeppoon Beach,BULL WHALER,Carcharhinus leucas,Deceased,Carcharhiniformes,yeppoonbeach,-23.128226666666666,150.75462666666667
2024-11-22,Cairns,Palm Cove,DUSKY WHALER,Carcharhinus obscurus,Released Alive,Carcharhiniformes,palmcove,-16.744905555555555,145.6754
2024-11-22,Cairns,Palm Cove,TAWNY SHARK,Nebrius ferrugineus,Released Alive,Orectolobiformes,palmcove,-16.744905555555555,145.6754
2024-11-23,Cairns,Ellis Beach,SPOT-TAIL WHALER,Carcharhinus sorrah,Deceased,Carcharhiniformes,ellisbeach,-16.72147142857143,145.65029761904762
2024-11-26,Mackay,Bucasia Beach,TAWNY SHARK,Nebrius ferrugineus,Released Alive,Orectolobiformes,bucasiabeach,-21.0204,149.16325277777779
2024-11-26,Cairns,Clifton,SPOT-TAIL WHALER,Carcharhinus sorrah,Released Alive,Carcharhiniformes,clifton,-16.759525,145.68219583333334
2024-11-26,Mackay,Bucasia Beach,TAWNY SHARK,Nebrius ferrugineus,Released Alive,Orectolobiformes,bucasiabeach,-21.0204,149.16325277777779
2024-11-26,Capricorn Coast,Cooee Bay,TIGER SHARK,Galeocerdo cuvier,Released Alive,Carcharhiniformes,cooeebay,-23.139136666666666,150.76271333333335
2024-11-26,Capricorn Coast,Emu Park,PIGEYE WHALER,Carcharhinus amboinensis,Deceased,Carcharhiniformes,emupark,-23.262438095238092,150.8322357142857
2024-11-26,Capricorn Coast,Emu Park,PIGEYE WHALER,Carcharhinus amboinensis,Deceased,Carcharhiniformes,emupark,-23.262438095238092,150.8322357142857
2024-11-26,Capricorn Coast,Fishermans Beach,BULL WHALER,Carcharhinus leucas,Deceased,Carcharhiniformes,fishermansbeach,-23.243136666666665,150.82846999999998
2024-11-26,Townsville,Horseshoe Bay,PIGEYE WHALER,Carcharhinus amboinensis,Deceased,Carcharhiniformes,horseshoebay,-19.11187361111111,146.85320555555555
2024-11-26,Capricorn Coast,Tanby Point,PIGEYE WHALER,Carcharhinus amboinensis,Deceased,Carcharhiniformes,tanbypoint,-23.22792666666667,150.82419666666667
2024-11-26,Gladstone,Tannum Sands,PIGEYE WHALER,Carcharhinus amboinensis,Deceased,Carcharhiniformes,tannumsands,-23.939119444444444,151.3756861111111
2024-11-26,Gladstone,Tannum Sands,PIGEYE WHALER,Carcharhinus amboinensis,Deceased,Carcharhiniformes,tannumsands,-23.939119444444444,151.3756861111111
2024-11-27,Mackay,Bucasia Beach,COMMON BLACKTIP WHALER,Carcharhinus limbatus,Deceased,Carcharhiniformes,bucasiabeach,-21.0204,149.16325277777779
2024-11-27,Mackay,Bucasia Beach,TAWNY SHARK,Nebrius ferrugineus,Released Alive,Orectolobiformes,bucasiabeach,-21.0204,149.16325277777779
2024-11-27,Capricorn Coast,Emu Park,COMMON BLACKTIP WHALER,Carcharhinus limbatus,Released Alive,Carcharhiniformes,emupark,-23.262438095238092,150.8322357142857
2024-11-27,Capricorn Coast,Fishermans Beach,PIGEYE WHALER,Carcharhinus amboinensis,Released Alive,Carcharhiniformes,fishermansbeach,-23.243136666666665,150.82846999999998
2024-11-27,Capricorn Coast,Cooee Bay,TIGER SHARK,Galeocerdo cuvier,Released Alive,Carcharhiniformes,cooeebay,-23.139136666666666,150.76271333333335
2024-11-27,Cairns,Ellis Beach,BULL WHALER,Carcharhinus leucas,Released Alive,Carcharhiniformes,ellisbeach,-16.72147142857143,145.65029761904762
2024-11-27,Townsville,Florence Bay,COMMON BLACKTIP WHALER,Carcharhinus limbatus,Deceased,Carcharhiniformes,florencebay,-19.123693333333332,146.88541
2024-11-27,Townsville,Florence Bay,COMMON BLACKTIP WHALER,Carcharhinus limbatus,Deceased,Carcharhiniformes,florencebay,-19.123693333333332,146.88541
2024-11-28,Cairns,Palm Cove,TAWNY SHARK,Nebrius ferrugineus,Released Alive,Orectolobiformes,palmcove,-16.744905555555555,145.6754
2024-11-28,Capricorn Coast,Fishermans Beach,PIGEYE WHALER,Carcharhinus amboinensis,Deceased,Carcharhiniformes,fishermansbeach,-23.243136666666665,150.82846999999998
2024-11-28,Townsville,Horseshoe Bay,COMMON BLACKTIP WHALER,Carcharhinus limbatus,Deceased,Carcharhiniformes,horseshoebay,-19.11187361111111,146.85320555555555
2024-11-28,Capricorn Coast,Yeppoon Beach,PIGEYE WHALER,Carcharhinus amboinensis,Deceased,Carcharhiniformes,yeppoonbeach,-23.128226666666666,150.75462666666667
2024-11-29,Mackay,Blacks Beach,AUSTRALIAN BLACKTIP,Carcharhinus tilstoni,Deceased,Carcharhiniformes,blacksbeach,-21.045294444444444,149.19208333333333
2024-11-29,Mackay,Blacks Beach,SHARPTOOTH SHARK,Negaprion acutidens,Deceased,Carcharhiniformes,blacksbeach,-21.045294444444444,149.19208333333333
2024-11-29,Mackay,Bucasia Beach,BULL WHALER,Carcharhinus leucas,Deceased,Carcharhiniformes,bucasiabeach,-21.0204,149.16325277777779
2024-11-29,Mackay,Bucasia Beach,SHARPTOOTH SHARK,Negaprion acutidens,Released Alive,Carcharhiniformes,bucasiabeach,-21.0204,149.16325277777779
2024-11-29,Capricorn Coast,Mullambin Beach,TAWNY SHARK,Nebrius ferrugineus,Released Alive,Orectolobiformes,mullambinbeach,-23.18919,150.79873
2024-11-29,Cairns,Palm Cove,COMMON BLACKTIP WHALER,Carcharhinus limbatus,Released Alive,Carcharhiniformes,palmcove,-16.744905555555555,145.6754
2024-11-29,Townsville,Florence Bay,TIGER SHARK,Galeocerdo cuvier,Released Alive,Carcharhiniformes,florencebay,-19.123693333333332,146.88541
2024-11-29,Townsville,Horseshoe Bay,SHARPTOOTH SHARK,Negaprion acutidens,Released Alive,Carcharhiniformes,horseshoebay,-19.11187361111111,146.85320555555555
2024-11-29,Townsville,Horseshoe Bay,SPOT-TAIL WHALER,Carcharhinus sorrah,Deceased,Carcharhiniformes,horseshoebay,-19.11187361111111,146.85320555555555
2024-11-29,Townsville,Nelly Bay,TAWNY SHARK,Nebrius ferrugineus,Released Alive,Orectolobiformes,nellybay,-19.17364523809524,146.85039523809525
2024-11-29,Cairns,Palm Cove,TAWNY SHARK,Nebrius ferrugineus,Released Alive,Orectolobiformes,palmcove,-16.744905555555555,145.6754
2024-11-30,Mackay,Eimeo Beach,TAWNY SHARK,Nebrius ferrugineus,Released Alive,Orectolobiformes,eimeobeach,-21.030911111111113,149.18116666666666
2024-11-30,Capricorn Coast,Emu Park,AUSTRALIAN BLACKTIP,Carcharhinus tilstoni,Deceased,Carcharhiniformes,emupark,-23.262438095238092,150.8322357142857
2024-11-30,Cairns,Holloways,SPOT-TAIL WHALER,Carcharhinus sorrah,Deceased,Carcharhiniformes,holloways,-16.83081,145.74805666666666
2024-11-30,Cairns,Holloways,SPOT-TAIL WHALER,Carcharhinus sorrah,Deceased,Carcharhiniformes,holloways,-16.83081,145.74805666666666
2024-11-30,Townsville,Horseshoe Bay,BLACKTIP REEF WHALER,Carcharhinus melanopterus,Released Alive,Carcharhiniformes,horseshoebay,-19.11187361111111,146.85320555555555
2024-11-30,Townsville,Picnic Bay,TAWNY SHARK,Nebrius ferrugineus,Released Alive,Orectolobiformes,picnicbay,-19.182850000000002,146.84146666666666
2024-12-01,Capricorn Coast,Farnborough Beach,TIGER SHARK,Galeocerdo cuvier,Released Alive,Carcharhiniformes,farnboroughbeach,-23.116036666666666,150.75383666666667
2024-12-01,Capricorn Coast,Kemp Beach,TAWNY SHARK,Nebrius ferrugineus,Released Alive,Orectolobiformes,kempbeach,-23.1712,150.79471944444444
2024-12-01,Capricorn Coast,Lammermoor Beach,GREY REEF WHALER,Carcharhinus amblyrhynchos,Deceased,Carcharhiniformes,lammermoorbeach,-23.155048484848486,150.77348333333333
2024-12-01,Gladstone,Tannum Sands,SPOT-TAIL WHALER,Carcharhinus sorrah,Deceased,Carcharhiniformes,tannumsands,-23.939119444444444,151.3756861111111
2024-12-01,Gladstone,Tannum Sands,SPOT-TAIL WHALER,Carcharhinus sorrah,Deceased,Carcharhiniformes,tannumsands,-23.939119444444444,151.3756861111111
2024-12-01,Cairns,Yorkeys,SPOT-TAIL WHALER,Carcharhinus sorrah,Deceased,Carcharhiniformes,yorkeys,-16.805583333333335,145.73073
2024-12-01,Cairns,Yorkeys,TIGER SHARK,Galeocerdo cuvier,Released Alive,Carcharhiniformes,yorkeys,-16.805583333333335,145.73073
2024-12-02,Capricorn Coast,Lammermoor Beach,COMMON BLACKTIP WHALER,Carcharhinus limbatus,Deceased,Carcharhiniformes,lammermoorbeach,-23.155048484848486,150.77348333333333
2024-12-03,Mackay,Bucasia Beach,TAWNY SHARK,Nebrius ferrugineus,Released Alive,Orectolobiformes,bucasiabeach,-21.0204,149.16325277777779
2024-12-03,Cairns,Ellis Beach,TIGER SHARK,Galeocerdo cuvier,Released Alive,Carcharhiniformes,ellisbeach,-16.72147142857143,145.65029761904762
2024-12-04,Mackay,Blacks Beach,LONG NOSE WHALER,Carcharhinus brevipinna,Deceased,Carcharhiniformes,blacksbeach,-21.045294444444444,149.19208333333333
2024-12-04,Townsville,Palarenda Beach,SPOT-TAIL WHALER,Carcharhinus sorrah,Deceased,Carcharhiniformes,palarendabeach,-19.198694444444445,146.77763333333334
2024-12-04,Townsville,Radical Bay,BULL WHALER,Carcharhinus leucas,Deceased,Carcharhiniformes,radicalbay,-19.108173333333333,146.87670666666668
2024-12-05,Townsville,Alma Bay,SPOT-TAIL WHALER,Carcharhinus sorrah,Deceased,Carcharhiniformes,almabay,-19.149697222222223,146.87386944444447
2024-12-05,Townsville,Alma Bay,SPOT-TAIL WHALER,Carcharhinus sorrah,Deceased,Carcharhiniformes,almabay,-19.149697222222223,146.87386944444447
2024-12-05,Cairns,Ellis Beach,TAWNY SHARK,Nebrius ferrugineus,Released Alive,Orectolobiformes,ellisbeach,-16.72147142857143,145.65029761904762
2024-12-05,Cairns,Ellis Beach,SPOT-TAIL WHALER,Carcharhinus sorrah,Deceased,Carcharhiniformes,ellisbeach,-16.72147142857143,145.65029761904762
2024-12-05,Townsville,Florence Bay,COMMON BLACKTIP WHALER,Carcharhinus limbatus,Deceased,Carcharhiniformes,florencebay,-19.123693333333332,146.88541
2024-12-05,Townsville,Horseshoe Bay,COMMON BLACKTIP WHALER,Carcharhinus limbatus,Deceased,Carcharhiniformes,horseshoebay,-19.11187361111111,146.85320555555555
2024-12-05,Cairns,Trinity,TAWNY SHARK,Nebrius ferrugineus,Released Alive,Orectolobiformes,trinity,-16.777091666666667,145.7011611111111
2024-12-06,Townsville,Alma Bay,SPOT-TAIL WHALER,Carcharhinus sorrah,Deceased,Carcharhiniformes,almabay,-19.149697222222223,146.87386944444447
2024-12-06,Mackay,Bucasia Beach,LONG NOSE WHALER,Carcharhinus brevipinna,Deceased,Carcharhiniformes,bucasiabeach,-21.0204,149.16325277777779
2024-12-06,Mackay,Bucasia Beach,SPOT-TAIL WHALER,Carcharhinus sorrah,Deceased,Carcharhiniformes,bucasiabeach,-21.0204,149.16325277777779
2024-12-06,Cairns,Ellis Beach,SPOT-TAIL WHALER,Carcharhinus sorrah,Deceased,Carcharhiniformes,ellisbeach,-16.72147142857143,145.65029761904762
2024-12-06,Mackay,Eimeo Beach,LONG NOSE WHALER,Carcharhinus brevipinna,Deceased,Carcharhiniformes,eimeobeach,-21.030911111111113,149.18116666666666
2024-12-06,Cairns,Palm Cove,SPOT-TAIL WHALER,Carcharhinus sorrah,Deceased,Carcharhiniformes,palmcove,-16.744905555555555,145.6754
2024-12-06,Capricorn Coast,Emu Park,COMMON BLACKTIP WHALER,Carcharhinus limbatus,Released Alive,Carcharhiniformes,emupark,-23.262438095238092,150.8322357142857
2024-12-06,Mackay,Blacks Beach,SPOT-TAIL WHALER,Carcharhinus sorrah,Deceased,Carcharhiniformes,blacksbeach,-21.045294444444444,149.19208333333333
2024-12-06,Mackay,Eimeo Beach,SPOT-TAIL WHALER,Carcharhinus sorrah,Deceased,Carcharhiniformes,eimeobeach,-21.030911111111113,149.18116666666666
2024-12-06,Capricorn Coast,Farnborough Beach,LONG NOSE WHALER,Carcharhinus brevipinna,Deceased,Carcharhiniformes,farnboroughbeach,-23.116036666666666,150.75383666666667
2024-12-06,Townsville,Florence Bay,COMMON BLACKTIP WHALER,Carcharhinus limbatus,Deceased,Carcharhiniformes,florencebay,-19.123693333333332,146.88541
2024-12-06,Capricorn Coast,Lammermoor Beach,COMMON BLACKTIP WHALER,Carcharhinus limbatus,Deceased,Carcharhiniformes,lammermoorbeach,-23.155048484848486,150.77348333333333
2024-12-07,Mackay,Bucasia Beach,SPOT-TAIL WHALER,Carcharhinus sorrah,Deceased,Carcharhiniformes,bucasiabeach,-21.0204,149.16325277777779
2024-12-07,Cairns,Ellis Beach,TAWNY SHARK,Nebrius ferrugineus,Deceased,Orectolobiformes,ellisbeach,-16.72147142857143,145.65029761904762
2024-12-07,Townsville,Florence Bay,TAWNY SHARK,Nebrius ferrugineus,Released Alive,Orectolobiformes,florencebay,-19.123693333333332,146.88541
2024-12-07,Townsville,Nelly Bay,SPOT-TAIL WHALER,Carcharhinus sorrah,Deceased,Carcharhiniformes,nellybay,-19.17364523809524,146.85039523809525
2024-12-07,Townsville,Palarenda Beach,COMMON BLACKTIP WHALER,Carcharhinus limbatus,Deceased,Carcharhiniformes,palarendabeach,-19.198694444444445,146.77763333333334
2024-12-08,Capricorn Coast,Emu Park,PIGEYE WHALER,Carcharhinus amboinensis,Deceased,Carcharhiniformes,emupark,-23.262438095238092,150.8322357142857
2024-12-08,Capricorn Coast,Kemp Beach,TIGER SHARK,Galeocerdo cuvier,Deceased,Carcharhiniformes,kempbeach,-23.1712,150.79471944444444
2024-12-08,Capricorn Coast,Tanby Point,COMMON BLACKTIP WHALER,Carcharhinus limbatus,Deceased,Carcharhiniformes,tanbypoint,-23.22792666666667,150.82419666666667
2024-12-09,Capricorn Coast,Tanby Point,SPOT-TAIL WHALER,Carcharhinus sorrah,Released Alive,Carcharhiniformes,tanbypoint,-23.22792666666667,150.82419666666667
2024-12-09,Townsville,Horseshoe Bay,SPOT-TAIL WHALER,Carcharhinus sorrah,Deceased,Carcharhiniformes,horseshoebay,-19.11187361111111,146.85320555555555
2024-12-10,Mackay,Bucasia Beach,TAWNY SHARK,Nebrius ferrugineus,Released Alive,Orectolobiformes,bucasiabeach,-21.0204,149.16325277777779
2024-12-10,Capricorn Coast,Emu Park,LONG NOSE WHALER,Carcharhinus brevipinna,Released Alive,Carcharhiniformes,emupark,-23.262438095238092,150.8322357142857
2024-12-10,Cairns,Palm Cove,TAWNY SHARK,Nebrius ferrugineus,Released Alive,Orectolobiformes,palmcove,-16.744905555555555,145.6754
2024-12-10,Mackay,Eimeo Beach,TAWNY SHARK,Nebrius ferrugineus,Released Alive,Orectolobiformes,eimeobeach,-21.030911111111113,149.18116666666666
2024-12-10,Capricorn Coast,Emu Park,LONG NOSE WHALER,Carcharhinus brevipinna,Deceased,Carcharhiniformes,emupark,-23.262438095238092,150.8322357142857
2024-12-10,Townsville,Florence Bay,PIGEYE WHALER,Carcharhinus amboinensis,Deceased,Carcharhiniformes,florencebay,-19.123693333333332,146.88541
2024-12-10,Townsville,Horseshoe Bay,COMMON BLACKTIP WHALER,Carcharhinus limbatus,Deceased,Carcharhiniformes,horseshoebay,-19.11187361111111,146.85320555555555
2024-12-10,Townsville,Horseshoe Bay,SPOT-TAIL WHALER,Carcharhinus sorrah,Deceased,Carcharhiniformes,horseshoebay,-19.11187361111111,146.85320555555555
2024-12-10,Townsville,Radical Bay,BULL WHALER,Carcharhinus leucas,Released Alive,Carcharhiniformes,radicalbay,-19.108173333333333,146.87670666666668
2024-12-11,Townsville,Alma Bay,BULL WHALER,Carcharhinus leucas,Deceased,Carcharhiniformes,almabay,-19.149697222222223,146.87386944444447
2024-12-11,Townsville,Alma Bay,SPOT-TAIL WHALER,Carcharhinus sorrah,Deceased,Carcharhiniformes,almabay,-19.149697222222223,146.87386944444447
2024-12-11,Cairns,Clifton,TAWNY SHARK,Nebrius ferrugineus,Released Alive,Orectolobiformes,clifton,-16.759525,145.68219583333334
2024-12-11,Cairns,Ellis Beach,TAWNY SHARK,Nebrius ferrugineus,Released Alive,Orectolobiformes,ellisbeach,-16.72147142857143,145.65029761904762
2024-12-11,Cairns,Palm Cove,TAWNY SHARK,Nebrius ferrugineus,Released Alive,Orectolobiformes,palmcove,-16.744905555555555,145.6754
2024-12-11,Townsville,Florence Bay,SPOT-TAIL WHALER,Carcharhinus sorrah,Deceased,Carcharhiniformes,florencebay,-19.123693333333332,146.88541
2024-12-11,Townsville,Florence Bay,SPOT-TAIL WHALER,Carcharhinus sorrah,Deceased,Carcharhiniformes,florencebay,-19.123693333333332,146.88541
2024-12-11,Townsville,Horseshoe Bay,SPOT-TAIL WHALER,Carcharhinus sorrah,Deceased,Carcharhiniformes,horseshoebay,-19.11187361111111,146.85320555555555
2024-12-11,Townsville,Radical Bay,COMMON BLACKTIP WHALER,Carcharhinus limbatus,Deceased,Carcharhiniformes,radicalbay,-19.108173333333333,146.87670666666668
2024-12-11,Townsville,Radical Bay,COMMON BLACKTIP WHALER,Carcharhinus limbatus,Deceased,Carcharhiniformes,radicalbay,-19.108173333333333,146.87670666666668
2024-12-12,Townsville,Alma Bay,SPOT-TAIL WHALER,Carcharhinus sorrah,Deceased,Carcharhiniformes,almabay,-19.149697222222223,146.87386944444447
2024-12-12,Capricorn Coast,Emu Park,LONG NOSE WHALER,Carcharhinus brevipinna,Released Alive,Carcharhiniformes,emupark,-23.262438095238092,150.8322357142857
2024-12-12,Cairns,Clifton,SPOT-TAIL WHALER,Carcharhinus sorrah,Deceased,Carcharhiniformes,clifton,-16.759525,145.68219583333334
2024-12-12,Cairns,Clifton,SPOT-TAIL WHALER,Carcharhinus sorrah,Deceased,Carcharhiniformes,clifton,-16.759525,145.68219583333334
2024-12-12,Mackay,Eimeo Beach,GREAT HAMMERHEAD,Sphyrna mokarran,Deceased,Carcharhiniformes,eimeobeach,-21.030911111111113,149.18116666666666
2024-12-12,Capricorn Coast,Emu Park,LONG NOSE WHALER,Carcharhinus brevipinna,Deceased,Carcharhiniformes,emupark,-23.262438095238092,150.8322357142857
2024-12-12,Townsville,Florence Bay,SPOT-TAIL WHALER,Carcharhinus sorrah,Deceased,Carcharhiniformes,florencebay,-19.123693333333332,146.88541
2024-12-12,Townsville,Horseshoe Bay,TIGER SHARK,Galeocerdo cuvier,Released Alive,Carcharhiniformes,horseshoebay,-19.11187361111111,146.85320555555555
2024-12-12,Townsville,Palarenda Beach,TAWNY SHARK,Nebrius ferrugineus,Released Alive,Orectolobiformes,palarendabeach,-19.198694444444445,146.77763333333334
2024-12-12,Gladstone,Tannum Sands,SPOT-TAIL WHALER,Carcharhinus sorrah,Deceased,Carcharhiniformes,tannumsands,-23.939119444444444,151.3756861111111
2024-12-12,Gladstone,Tannum Sands,TIGER SHARK,Galeocerdo cuvier,Deceased,Carcharhiniformes,tannumsands,-23.939119444444444,151.3756861111111
2024-12-13,Capricorn Coast,Emu Park,LONG NOSE WHALER,Carcharhinus brevipinna,Released Alive,Carcharhiniformes,emupark,-23.262438095238092,150.8322357142857
2024-12-13,Capricorn Coast,Tanby Point,TAWNY SHARK,Nebrius ferrugineus,Released Alive,Orectolobiformes,tanbypoint,-23.22792666666667,150.82419666666667
2024-12-13,Cairns,Palm Cove,TAWNY SHARK,Nebrius ferrugineus,Released Alive,Orectolobiformes,palmcove,-16.744905555555555,145.6754
2024-12-13,Cairns,Palm Cove,TAWNY SHARK,Nebrius ferrugineus,Released Alive,Orectolobiformes,palmcove,-16.744905555555555,145.6754
2024-12-13,Capricorn Coast,Emu Park,LONG NOSE WHALER,Carcharhinus brevipinna,Deceased,Carcharhiniformes,emupark,-23.262438095238092,150.8322357142857
2024-12-13,Capricorn Coast,Farnborough Beach,TIGER SHARK,Galeocerdo cuvier,Released Alive,Carcharhiniformes,farnboroughbeach,-23.116036666666666,150.75383666666667
2024-12-13,Townsville,Florence Bay,SPOT-TAIL WHALER,Carcharhinus sorrah,Deceased,Carcharhiniformes,florencebay,-19.123693333333332,146.88541
2024-12-13,Cairns,Holloways,BULL WHALER,Carcharhinus leucas,Deceased,Carcharhiniformes,holloways,-16.83081,145.74805666666666
2024-12-13,Cairns,Holloways,SPOT-TAIL WHALER,Carcharhinus sorrah,Deceased,Carcharhiniformes,holloways,-16.83081,145.74805666666666
2024-12-13,Townsville,Horseshoe Bay,COMMON BLACKTIP WHALER,Carcharhinus limbatus,Deceased,Carcharhiniformes,horseshoebay,-19.11187361111111,146.85320555555555
2024-12-13,Townsville,Horseshoe Bay,TAWNY SHARK,Nebrius ferrugineus,Released Alive,Orectolobiformes,horseshoebay,-19.11187361111111,146.85320555555555
2024-12-13,Townsville,Nelly Bay,SPOT-TAIL WHALER,Carcharhinus sorrah,Deceased,Carcharhiniformes,nellybay,-19.17364523809524,146.85039523809525
2024-12-13,Townsville,Palarenda Beach,SPOT-TAIL WHALER,Carcharhinus sorrah,Deceased,Carcharhiniformes,palarendabeach,-19.198694444444445,146.77763333333334
2024-12-14,Townsville,Alma Bay,TIGER SHARK,Galeocerdo cuvier,Released Alive,Carcharhiniformes,almabay,-19.149697222222223,146.87386944444447
2024-12-14,Cairns,Clifton,COMMON BLACKTIP WHALER,Carcharhinus limbatus,Deceased,Carcharhiniformes,clifton,-16.759525,145.68219583333334
2024-12-14,Cairns,Clifton,SPOT-TAIL WHALER,Carcharhinus sorrah,Deceased,Carcharhiniformes,clifton,-16.759525,145.68219583333334
2024-12-14,Cairns,Ellis Beach,TIGER SHARK,Galeocerdo cuvier,Released Alive,Carcharhiniformes,ellisbeach,-16.72147142857143,145.65029761904762
2024-12-14,Capricorn Coast,Fishermans Beach,COMMON BLACKTIP WHALER,Carcharhinus limbatus,Deceased,Carcharhiniformes,fishermansbeach,-23.243136666666665,150.82846999999998
2024-12-14,Cairns,Holloways,SPOT-TAIL WHALER,Carcharhinus sorrah,Deceased,Carcharhiniformes,holloways,-16.83081,145.74805666666666
2024-12-14,Townsville,Horseshoe Bay,TAWNY SHARK,Nebrius ferrugineus,Released Alive,Orectolobiformes,horseshoebay,-19.11187361111111,146.85320555555555
2024-12-14,Townsville,Picnic Bay,COMMON BLACKTIP WHALER,Carcharhinus limbatus,Deceased,Carcharhiniformes,picnicbay,-19.182850000000002,146.84146666666666
2024-12-14,Gladstone,Tannum Sands,BULL WHALER,Carcharhinus leucas,Deceased,Carcharhiniformes,tannumsands,-23.939119444444444,151.3756861111111
2024-12-14,Gladstone,Tannum Sands,SPOT-TAIL WHALER,Carcharhinus sorrah,Deceased,Carcharhiniformes,tannumsands,-23.939119444444444,151.3756861111111
2024-12-16,Mackay,Eimeo Beach,TAWNY SHARK,Nebrius ferrugineus,Released Alive,Orectolobiformes,eimeobeach,-21.030911111111113,149.18116666666666
2024-12-17,Mackay,Bucasia Beach,TAWNY SHARK,Nebrius ferrugineus,Released Alive,Orectolobiformes,bucasiabeach,-21.0204,149.16325277777779
2024-12-17,Mackay,Bucasia Beach,TAWNY SHARK,Nebrius ferrugineus,Released Alive,Orectolobiformes,bucasiabeach,-21.0204,149.16325277777779
2024-12-17,Mackay,Bucasia Beach,SPOT-TAIL WHALER,Carcharhinus sorrah,Deceased,Carcharhiniformes,bucasiabeach,-21.0204,149.16325277777779
2024-12-18,Townsville,Alma Bay,TAWNY SHARK,Nebrius ferrugineus,Deceased,Orectolobiformes,almabay,-19.149697222222223,146.87386944444447
2024-12-18,Mackay,Blacks Beach,TIGER SHARK,Galeocerdo cuvier,Deceased,Carcharhiniformes,blacksbeach,-21.045294444444444,149.19208333333333
2024-12-18,Mackay,Bucasia Beach,SPOT-TAIL WHALER,Carcharhinus sorrah,Released Alive,Carcharhiniformes,bucasiabeach,-21.0204,149.16325277777779
2024-12-18,Capricorn Coast,Tanby Point,LONG NOSE WHALER,Carcharhinus brevipinna,Released Alive,Carcharhiniformes,tanbypoint,-23.22792666666667,150.82419666666667
2024-12-18,Cairns,Palm Cove,WINGHEAD SHARK,Eusphyra blochii,Released Alive,Carcharhiniformes,palmcove,-16.744905555555555,145.6754
2024-12-18,Townsville,Florence Bay,TIGER SHARK,Galeocerdo cuvier,Released Alive,Carcharhiniformes,florencebay,-19.123693333333332,146.88541
2024-12-18,Capricorn Coast,Mullambin Beach,TIGER SHARK,Galeocerdo cuvier,Released Alive,Carcharhiniformes,mullambinbeach,-23.18919,150.79873
2024-12-18,Townsville,Picnic Bay,TAWNY SHARK,Nebrius ferrugineus,Released Alive,Orectolobiformes,picnicbay,-19.182850000000002,146.84146666666666
2024-12-18,Townsville,Radical Bay,BLACKTIP REEF WHALER,Carcharhinus melanopterus,Deceased,Carcharhiniformes,radicalbay,-19.108173333333333,146.87670666666668
2024-12-18,Gladstone,Tannum Sands,COMMON BLACKTIP WHALER,Carcharhinus limbatus,Deceased,Carcharhiniformes,tannumsands,-23.939119444444444,151.3756861111111
2024-12-18,Gladstone,Tannum Sands,LONG NOSE WHALER,Carcharhinus brevipinna,Deceased,Carcharhiniformes,tannumsands,-23.939119444444444,151.3756861111111
2024-12-19,Townsville,Alma Bay,BLACKTIP REEF WHALER,Carcharhinus melanopterus,Deceased,Carcharhiniformes,almabay,-19.149697222222223,146.87386944444447
2024-12-19,Mackay,Bucasia Beach,TAWNY SHARK,Nebrius ferrugineus,Released Alive,Orectolobiformes,bucasiabeach,-21.0204,149.16325277777779
2024-12-19,Mackay,Eimeo Beach,SPOT-TAIL WHALER,Carcharhinus sorrah,Released Alive,Carcharhiniformes,eimeobeach,-21.030911111111113,149.18116666666666
2024-12-19,Cairns,Palm Cove,TAWNY SHARK,Nebrius ferrugineus,Released Alive,Orectolobiformes,palmcove,-16.744905555555555,145.6754
2024-12-19,Townsville,Florence Bay,BULL WHALER,Carcharhinus leucas,Deceased,Carcharhiniformes,florencebay,-19.123693333333332,146.88541
2024-12-19,Townsville,Palarenda Beach,COMMON BLACKTIP WHALER,Carcharhinus limbatus,Deceased,Carcharhiniformes,palarendabeach,-19.198694444444445,146.77763333333334
2024-12-19,Townsville,Palarenda Beach,COMMON BLACKTIP WHALER,Carcharhinus limbatus,Deceased,Carcharhiniformes,palarendabeach,-19.198694444444445,146.77763333333334
2024-12-19,Cairns,Trinity,TIGER SHARK,Galeocerdo cuvier,Released Alive,Carcharhiniformes,trinity,-16.777091666666667,145.7011611111111
2024-12-20,Mackay,Blacks Beach,BULL WHALER,Carcharhinus leucas,Deceased,Carcharhiniformes,blacksbeach,-21.045294444444444,149.19208333333333
2024-12-20,Cairns,Clifton,TAWNY SHARK,Nebrius ferrugineus,Released Alive,Orectolobiformes,clifton,-16.759525,145.68219583333334
2024-12-20,Cairns,Ellis Beach,SPOT-TAIL WHALER,Carcharhinus sorrah,Deceased,Carcharhiniformes,ellisbeach,-16.72147142857143,145.65029761904762
2024-12-20,Townsville,Florence Bay,PIGEYE WHALER,Carcharhinus amboinensis,Deceased,Carcharhiniformes,florencebay,-19.123693333333332,146.88541
2024-12-20,Townsville,Nelly Bay,SPOT-TAIL WHALER,Carcharhinus sorrah,Deceased,Carcharhiniformes,nellybay,-19.17364523809524,146.85039523809525
2024-12-20,Cairns,Palm Cove,BULL WHALER,Carcharhinus leucas,Deceased,Carcharhiniformes,palmcove,-16.744905555555555,145.6754
2024-12-20,Cairns,Palm Cove,DUSKY WHALER,Carcharhinus obscurus,Released Alive,Carcharhiniformes,palmcove,-16.744905555555555,145.6754
2024-12-21,Townsville,Alma Bay,BLACKTIP REEF WHALER,Carcharhinus melanopterus,Deceased,Carcharhiniformes,almabay,-19.149697222222223,146.87386944444447
2024-12-21,Townsville,Alma Bay,SPOT-TAIL WHALER,Carcharhinus sorrah,Deceased,Carcharhiniformes,almabay,-19.149697222222223,146.87386944444447
2024-12-21,Townsville,Alma Bay,TAWNY SHARK,Nebrius ferrugineus,Deceased,Orectolobiformes,almabay,-19.149697222222223,146.87386944444447
2024-12-21,Townsville,Florence Bay,COMMON BLACKTIP WHALER,Carcharhinus limbatus,Deceased,Carcharhiniformes,florencebay,-19.123693333333332,146.88541
2024-12-21,Townsville,Horseshoe Bay,COMMON BLACKTIP WHALER,Carcharhinus limbatus,Deceased,Carcharhiniformes,horseshoebay,-19.11187361111111,146.85320555555555
2024-12-21,Townsville,Radical Bay,SPOT-TAIL WHALER,Carcharhinus sorrah,Deceased,Carcharhiniformes,radicalbay,-19.108173333333333,146.87670666666668
2024-12-23,Capricorn Coast,Mullambin Beach,TIGER SHARK,Galeocerdo cuvier,Released Alive,Carcharhiniformes,mullambinbeach,-23.18919,150.79873
2024-12-23,Capricorn Coast,Fishermans Beach,COMMON BLACKTIP WHALER,Carcharhinus limbatus,Released Alive,Carcharhiniformes,fishermansbeach,-23.243136666666665,150.82846999999998
2024-12-23,Capricorn Coast,Emu Park,AUSTRALIAN BLACKTIP,Carcharhinus tilstoni,Released Alive,Carcharhiniformes,emupark,-23.262438095238092,150.8322357142857
2024-12-23,Townsville,Horseshoe Bay,COMMON BLACKTIP WHALER,Carcharhinus limbatus,Deceased,Carcharhiniformes,horseshoebay,-19.11187361111111,146.85320555555555
2024-12-23,Townsville,Horseshoe Bay,SHARPTOOTH SHARK,Negaprion acutidens,Released Alive,Carcharhiniformes,horseshoebay,-19.11187361111111,146.85320555555555
2024-12-23,Capricorn Coast,Kemp Beach,PIGEYE WHALER,Carcharhinus amboinensis,Deceased,Carcharhiniformes,kempbeach,-23.1712,150.79471944444444
2024-12-23,Capricorn Coast,Tanby Point,PIGEYE WHALER,Carcharhinus amboinensis,Deceased,Carcharhiniformes,tanbypoint,-23.22792666666667,150.82419666666667
2024-12-23,Gladstone,Tannum Sands,PIGEYE WHALER,Carcharhinus amboinensis,Deceased,Carcharhiniformes,tannumsands,-23.939119444444444,151.3756861111111
2024-12-24,Mackay,Bucasia Beach,SPOT-TAIL WHALER,Carcharhinus sorrah,Deceased,Carcharhiniformes,bucasiabeach,-21.0204,149.16325277777779
2024-12-24,Cairns,Ellis Beach,TAWNY SHARK,Nebrius ferrugineus,Released Alive,Orectolobiformes,ellisbeach,-16.72147142857143,145.65029761904762
2024-12-24,Mackay,Eimeo Beach,SPOT-TAIL WHALER,Carcharhinus sorrah,Deceased,Carcharhiniformes,eimeobeach,-21.030911111111113,149.18116666666666
2024-12-24,Cairns,Palm Cove,TAWNY SHARK,Nebrius ferrugineus,Released Alive,Orectolobiformes,palmcove,-16.744905555555555,145.6754
2024-12-24,Capricorn Coast,Cooee Bay,PIGEYE WHALER,Carcharhinus amboinensis,Deceased,Carcharhiniformes,cooeebay,-23.139136666666666,150.76271333333335
2024-12-24,Capricorn Coast,Emu Park,LONG NOSE WHALER,Carcharhinus brevipinna,Deceased,Carcharhiniformes,emupark,-23.262438095238092,150.8322357142857
2024-12-24,Townsville,Horseshoe Bay,COMMON BLACKTIP WHALER,Carcharhinus limbatus,Deceased,Carcharhiniformes,horseshoebay,-19.11187361111111,146.85320555555555
2024-12-26,Capricorn Coast,Emu Park,BULL WHALER,Carcharhinus leucas,Released Alive,Carcharhiniformes,emupark,-23.262438095238092,150.8322357142857
2024-12-26,Capricorn Coast,Emu Park,PIGEYE WHALER,Carcharhinus amboinensis,Released Alive,Carcharhiniformes,emupark,-23.262438095238092,150.8322357142857
2024-12-26,Cairns,Ellis Beach,TAWNY SHARK,Nebrius ferrugineus,Released Alive,Orectolobiformes,ellisbeach,-16.72147142857143,145.65029761904762
2024-12-26,Townsville,Horseshoe Bay,TIGER SHARK,Galeocerdo cuvier,Released Alive,Carcharhiniformes,horseshoebay,-19.11187361111111,146.85320555555555
2024-12-27,Mackay,Bucasia Beach,LONG NOSE WHALER,Carcharhinus brevipinna,Deceased,Carcharhiniformes,bucasiabeach,-21.0204,149.16325277777779
2024-12-27,Cairns,Palm Cove,SPOT-TAIL WHALER,Carcharhinus sorrah,Deceased,Carcharhiniformes,palmcove,-16.744905555555555,145.6754
2024-12-27,Capricorn Coast,Cooee Bay,BLACKTIP REEF WHALER,Carcharhinus melanopterus,Deceased,Carcharhiniformes,cooeebay,-23.139136666666666,150.76271333333335
2024-12-27,Townsville,Horseshoe Bay,MILK SHARK,Rhizoprionodon acutus,Deceased,Carcharhiniformes,horseshoebay,-19.11187361111111,146.85320555555555
2024-12-27,Townsville,Horseshoe Bay,SPOT-TAIL WHALER,Carcharhinus sorrah,Deceased,Carcharhiniformes,horseshoebay,-19.11187361111111,146.85320555555555
2024-12-27,Capricorn Coast,Kemp Beach,BULL WHALER,Carcharhinus leucas,Deceased,Carcharhiniformes,kempbeach,-23.1712,150.79471944444444
2024-12-27,Capricorn Coast,Mullambin Beach,BULL WHALER,Carcharhinus leucas,Deceased,Carcharhiniformes,mullambinbeach,-23.18919,150.79873
2024-12-27,Townsville,Nelly Bay,SPOT-TAIL WHALER,Carcharhinus sorrah,Deceased,Carcharhiniformes,nellybay,-19.17364523809524,146.85039523809525
2024-12-27,Townsville,Picnic Bay,COMMON BLACKTIP WHALER,Carcharhinus limbatus,Deceased,Carcharhiniformes,picnicbay,-19.182850000000002,146.84146666666666
2024-12-27,Capricorn Coast,Yeppoon Beach,BULL WHALER,Carcharhinus leucas,Deceased,Carcharhiniformes,yeppoonbeach,-23.128226666666666,150.75462666666667
2024-12-28,Mackay,Blacks Beach,LONG NOSE WHALER,Carcharhinus brevipinna,Deceased,Carcharhiniformes,blacksbeach,-21.045294444444444,149.19208333333333
2024-12-28,Mackay,Blacks Beach,SPOT-TAIL WHALER,Carcharhinus sorrah,Deceased,Carcharhiniformes,blacksbeach,-21.045294444444444,149.19208333333333
2024-12-28,Mackay,Bucasia Beach,SPOT-TAIL WHALER,Carcharhinus sorrah,Deceased,Carcharhiniformes,bucasiabeach,-21.0204,149.16325277777779
2024-12-28,Capricorn Coast,Emu Park,COMMON BLACKTIP WHALER,Carcharhinus limbatus,Released Alive,Carcharhiniformes,emupark,-23.262438095238092,150.8322357142857
2024-12-28,Mackay,Eimeo Beach,SPOT-TAIL WHALER,Carcharhinus sorrah,Deceased,Carcharhiniformes,eimeobeach,-21.030911111111113,149.18116666666666
2024-12-28,Capricorn Coast,Farnborough Beach,COMMON BLACKTIP WHALER,Carcharhinus limbatus,Deceased,Carcharhiniformes,farnboroughbeach,-23.116036666666666,150.75383666666667
2024-12-28,Townsville,Florence Bay,COMMON BLACKTIP WHALER,Carcharhinus limbatus,Deceased,Carcharhiniformes,florencebay,-19.123693333333332,146.88541
2024-12-28,Townsville,Horseshoe Bay,TAWNY SHARK,Nebrius ferrugineus,Released Alive,Orectolobiformes,horseshoebay,-19.11187361111111,146.85320555555555
2024-12-28,Cairns,Palm Cove,DUSKY WHALER,Carcharhinus obscurus,Deceased,Carcharhiniformes,palmcove,-16.744905555555555,145.6754
2024-12-28,Gladstone,Tannum Sands,LONG NOSE WHALER,Carcharhinus brevipinna,Deceased,Carcharhiniformes,tannumsands,-23.939119444444444,151.3756861111111
2024-12-29,Capricorn Coast,Emu Park,BULL WHALER,Carcharhinus leucas,Released Alive,Carcharhiniformes,emupark,-23.262438095238092,150.8322357142857
2024-12-29,Capricorn Coast,Emu Park,COMMON BLACKTIP WHALER,Carcharhinus limbatus,Released Alive,Carcharhiniformes,emupark,-23.262438095238092,150.8322357142857
2024-12-29,Capricorn Coast,Emu Park,COMMON BLACKTIP WHALER,Carcharhinus limbatus,Released Alive,Carcharhiniformes,emupark,-23.262438095238092,150.8322357142857
2024-12-29,Capricorn Coast,Emu Park,COMMON BLACKTIP WHALER,Carcharhinus limbatus,Deceased,Carcharhiniformes,emupark,-23.262438095238092,150.8322357142857
2024-12-30,Cairns,Ellis Beach,TAWNY SHARK,Nebrius ferrugineus,Released Alive,Orectolobiformes,ellisbeach,-16.72147142857143,145.65029761904762
2024-12-30,Cairns,Buchans,TIGER SHARK,Galeocerdo cuvier,Released Alive,Carcharhiniformes,buchans,-16.725916666666667,145.66339166666666
2024-12-30,Capricorn Coast,Fishermans Beach,COMMON BLACKTIP WHALER,Carcharhinus limbatus,Released Alive,Carcharhiniformes,fishermansbeach,-23.243136666666665,150.82846999999998
2024-12-30,Capricorn Coast,Emu Park,COMMON BLACKTIP WHALER,Carcharhinus limbatus,Released Alive,Carcharhiniformes,emupark,-23.262438095238092,150.8322357142857
2024-12-31,Capricorn Coast,Emu Park,COMMON BLACKTIP WHALER,Carcharhinus limbatus,Released Alive,Carcharhiniformes,emupark,-23.262438095238092,150.8322357142857
2024-12-31,Cairns,Ellis Beach,SPOT-TAIL WHALER,Carcharhinus sorrah,Deceased,Carcharhiniformes,ellisbeach,-16.72147142857143,145.65029761904762
2024-12-31,Capricorn Coast,Emu Park,COMMON BLACKTIP WHALER,Carcharhinus limbatus,Deceased,Carcharhiniformes,emupark,-23.262438095238092,150.8322357142857
2024-12-31,Capricorn Coast,Emu Park,TIGER SHARK,Galeocerdo cuvier,Released Alive,Carcharhiniformes,emupark,-23.262438095238092,150.8322357142857
2024-12-31,Capricorn Coast,Farnborough Beach,TIGER SHARK,Galeocerdo cuvier,Released Alive,Carcharhiniformes,farnboroughbeach,-23.116036666666666,150.75383666666667
2024-12-31,Cairns,Palm Cove,TIGER SHARK,Galeocerdo cuvier,Deceased,Carcharhiniformes,palmcove,-16.744905555555555,145.6754
2025-01-01,Mackay,Blacks Beach,SPOT-TAIL WHALER,Carcharhinus sorrah,Released Alive,Carcharhiniformes,blacksbeach,-21.045294444444444,149.19208333333333
2025-01-01,Mackay,Blacks Beach,TAWNY SHARK,Nebrius ferrugineus,Released Alive,Orectolobiformes,blacksbeach,-21.045294444444444,149.19208333333333
2025-01-01,Mackay,Blacks Beach,TAWNY SHARK,Nebrius ferrugineus,Released Alive,Orectolobiformes,blacksbeach,-21.045294444444444,149.19208333333333
2025-01-01,Capricorn Coast,Fishermans Beach,COMMON BLACKTIP WHALER,Carcharhinus limbatus,Released Alive,Carcharhiniformes,fishermansbeach,-23.243136666666665,150.82846999999998
2025-01-01,Cairns,Ellis Beach,SPOT-TAIL WHALER,Carcharhinus sorrah,Deceased,Carcharhiniformes,ellisbeach,-16.72147142857143,145.65029761904762
2025-01-01,Townsville,Florence Bay,TIGER SHARK,Galeocerdo cuvier,Released Alive,Carcharhiniformes,florencebay,-19.123693333333332,146.88541
2025-01-01,Gladstone,Tannum Sands,SPOT-TAIL WHALER,Carcharhinus sorrah,Deceased,Carcharhiniformes,tannumsands,-23.939119444444444,151.3756861111111
2025-01-02,Mackay,Blacks Beach,LONG NOSE WHALER,Carcharhinus brevipinna,Released Alive,Carcharhiniformes,blacksbeach,-21.045294444444444,149.19208333333333
2025-01-02,Capricorn Coast,Cooee Bay,SPOT-TAIL WHALER,Carcharhinus sorrah,Deceased,Carcharhiniformes,cooeebay,-23.139136666666666,150.76271333333335
2025-01-02,Capricorn Coast,Cooee Bay,TIGER SHARK,Galeocerdo cuvier,Released Alive,Carcharhiniformes,cooeebay,-23.139136666666666,150.76271333333335
2025-01-02,Capricorn Coast,Emu Park,COMMON BLACKTIP WHALER,Carcharhinus limbatus,Deceased,Carcharhiniformes,emupark,-23.262438095238092,150.8322357142857
2025-01-02,Capricorn Coast,Emu Park,LONG NOSE WHALER,Carcharhinus brevipinna,Deceased,Carcharhiniformes,emupark,-23.262438095238092,150.8322357142857
2025-01-02,Capricorn Coast,Fishermans Beach,COMMON BLACKTIP WHALER,Carcharhinus limbatus,Deceased,Carcharhiniformes,fishermansbeach,-23.243136666666665,150.82846999999998
2025-01-02,Townsville,Horseshoe Bay,GREAT HAMMERHEAD,Sphyrna mokarran,Deceased,Carcharhiniformes,horseshoebay,-19.11187361111111,146.85320555555555
2025-01-02,Townsville,Horseshoe Bay,TAWNY SHARK,Nebrius ferrugineus,Released Alive,Orectolobiformes,horseshoebay,-19.11187361111111,146.85320555555555
2025-01-03,Mackay,Blacks Beach,TIGER SHARK,Galeocerdo cuvier,Deceased,Carcharhiniformes,blacksbeach,-21.045294444444444,149.19208333333333
2025-01-03,Mackay,Bucasia Beach,LONG NOSE WHALER,Carcharhinus brevipinna,Deceased,Carcharhiniformes,bucasiabeach,-21.0204,149.16325277777779
2025-01-03,Cairns,Clifton,TIGER SHARK,Galeocerdo cuvier,Released Alive,Carcharhiniformes,clifton,-16.759525,145.68219583333334
2025-01-03,Cairns,Ellis Beach,TIGER SHARK,Galeocerdo cuvier,Released Alive,Carcharhiniformes,ellisbeach,-16.72147142857143,145.65029761904762
2025-01-03,Cairns,Ellis Beach,TIGER SHARK,Galeocerdo cuvier,Released Alive,Carcharhiniformes,ellisbeach,-16.72147142857143,145.65029761904762
2025-01-03,Townsville,Florence Bay,MILK SHARK,Rhizoprionodon acutus,Deceased,Carcharhiniformes,florencebay,-19.123693333333332,146.88541
2025-01-03,Townsville,Horseshoe Bay,TIGER SHARK,Galeocerdo cuvier,Deceased,Carcharhiniformes,horseshoebay,-19.11187361111111,146.85320555555555
2025-01-03,Cairns,Trinity,TIGER SHARK,Galeocerdo cuvier,Deceased,Carcharhiniformes,trinity,-16.777091666666667,145.7011611111111
2025-01-04,Townsville,Florence Bay,SPOT-TAIL WHALER,Carcharhinus sorrah,Deceased,Carcharhiniformes,florencebay,-19.123693333333332,146.88541
2025-01-04,Townsville,Horseshoe Bay,TIGER SHARK,Galeocerdo cuvier,Euthanised,Carcharhiniformes,horseshoebay,-19.11187361111111,146.85320555555555
2025-01-04,Cairns,Yorkeys,SPOT-TAIL WHALER,Carcharhinus sorrah,Deceased,Carcharhiniformes,yorkeys,-16.805583333333335,145.73073
2025-01-04,Cairns,Yorkeys,SPOT-TAIL WHALER,Carcharhinus sorrah,Deceased,Carcharhiniformes,yorkeys,-16.805583333333335,145.73073
2025-01-05,Gladstone,Tannum Sands,SPOT-TAIL WHALER,Carcharhinus sorrah,Deceased,Carcharhiniformes,tannumsands,-23.939119444444444,151.3756861111111
2025-01-07,Mackay,Eimeo Beach,SPOT-TAIL WHALER,Carcharhinus sorrah,Deceased,Carcharhiniformes,eimeobeach,-21.030911111111113,149.18116666666666
2025-01-07,Mackay,Blacks Beach,SPOT-TAIL WHALER,Carcharhinus sorrah,Deceased,Carcharhiniformes,blacksbeach,-21.045294444444444,149.19208333333333
2025-01-07,Capricorn Coast,Fishermans Beach,PIGEYE WHALER,Carcharhinus amboinensis,Deceased,Carcharhiniformes,fishermansbeach,-23.243136666666665,150.82846999999998
2025-01-07,Cairns,Palm Cove,SPOT-TAIL WHALER,Carcharhinus sorrah,Deceased,Carcharhiniformes,palmcove,-16.744905555555555,145.6754
2025-01-07,Gladstone,Tannum Sands,TIGER SHARK,Galeocerdo cuvier,Deceased,Carcharhiniformes,tannumsands,-23.939119444444444,151.3756861111111
2025-01-08,Mackay,Blacks Beach,SPOT-TAIL WHALER,Carcharhinus sorrah,Deceased,Carcharhiniformes,blacksbeach,-21.045294444444444,149.19208333333333
2025-01-08,Cairns,Buchans,SPOT-TAIL WHALER,Carcharhinus sorrah,Deceased,Carcharhiniformes,buchans,-16.725916666666667,145.66339166666666
2025-01-08,Capricorn Coast,Fishermans Beach,PIGEYE WHALER,Carcharhinus amboinensis,Released Alive,Carcharhiniformes,fishermansbeach,-23.243136666666665,150.82846999999998
2025-01-08,Townsville,Palarenda Beach,PIGEYE WHALER,Carcharhinus amboinensis,Deceased,Carcharhiniformes,palarendabeach,-19.198694444444445,146.77763333333334
2025-01-08,Townsville,Palarenda Beach,PIGEYE WHALER,Carcharhinus amboinensis,Deceased,Carcharhiniformes,palarendabeach,-19.198694444444445,146.77763333333334
2025-01-08,Capricorn Coast,Tanby Point,PIGEYE WHALER,Carcharhinus amboinensis,Deceased,Carcharhiniformes,tanbypoint,-23.22792666666667,150.82419666666667
2025-01-09,Mackay,Bucasia Beach,LONG NOSE WHALER,Carcharhinus brevipinna,Deceased,Carcharhiniformes,bucasiabeach,-21.0204,149.16325277777779
2025-01-09,Cairns,Ellis Beach,SPOT-TAIL WHALER,Carcharhinus sorrah,Deceased,Carcharhiniformes,ellisbeach,-16.72147142857143,145.65029761904762
2025-01-09,Cairns,Ellis Beach,SPOT-TAIL WHALER,Carcharhinus sorrah,Deceased,Carcharhiniformes,ellisbeach,-16.72147142857143,145.65029761904762
2025-01-09,Mackay,Bucasia Beach,TAWNY SHARK,Nebrius ferrugineus,Released Alive,Orectolobiformes,bucasiabeach,-21.0204,149.16325277777779
2025-01-09,Mackay,Blacks Beach,BULL WHALER,Carcharhinus leucas,Released Alive,Carcharhiniformes,blacksbeach,-21.045294444444444,149.19208333333333
2025-01-09,Mackay,Blacks Beach,SPOT-TAIL WHALER,Carcharhinus sorrah,Deceased,Carcharhiniformes,blacksbeach,-21.045294444444444,149.19208333333333
2025-01-09,Capricorn Coast,Cooee Bay,PIGEYE WHALER,Carcharhinus amboinensis,Deceased,Carcharhiniformes,cooeebay,-23.139136666666666,150.76271333333335
2025-01-09,Capricorn Coast,Farnborough Beach,LONG NOSE WHALER,Carcharhinus brevipinna,Deceased,Carcharhiniformes,farnboroughbeach,-23.116036666666666,150.75383666666667
2025-01-09,Capricorn Coast,Farnborough Beach,PIGEYE WHALER,Carcharhinus amboinensis,Deceased,Carcharhiniformes,farnboroughbeach,-23.116036666666666,150.75383666666667
2025-01-09,Capricorn Coast,Fishermans Beach,BULL WHALER,Carcharhinus leucas,Deceased,Carcharhiniformes,fishermansbeach,-23.243136666666665,150.82846999999998
2025-01-09,Capricorn Coast,Lammermoor Beach,LONG NOSE WHALER,Carcharhinus brevipinna,Deceased,Carcharhiniformes,lammermoorbeach,-23.155048484848486,150.77348333333333
2025-01-09,Townsville,Nelly Bay,TAWNY SHARK,Nebrius ferrugineus,Released Alive,Orectolobiformes,nellybay,-19.17364523809524,146.85039523809525
2025-01-09,Townsville,Picnic Bay,COMMON BLACKTIP WHALER,Carcharhinus limbatus,Deceased,Carcharhiniformes,picnicbay,-19.182850000000002,146.84146666666666
2025-01-09,Capricorn Coast,Tanby Point,TAWNY SHARK,Nebrius ferrugineus,Released Alive,Orectolobiformes,tanbypoint,-23.22792666666667,150.82419666666667
2025-01-09,Capricorn Coast,Tanby Point,TIGER SHARK,Galeocerdo cuvier,Released Alive,Carcharhiniformes,tanbypoint,-23.22792666666667,150.82419666666667
2025-01-10,Mackay,Blacks Beach,CREEK WHALER,Carcharhinus fitzroyensis,Deceased,Carcharhiniformes,blacksbeach,-21.045294444444444,149.19208333333333
2025-01-10,Capricorn Coast,Kemp Beach,TIGER SHARK,Galeocerdo cuvier,Deceased,Carcharhiniformes,kempbeach,-23.1712,150.79471944444444
2025-01-10,Capricorn Coast,Lammermoor Beach,COMMON BLACKTIP WHALER,Carcharhinus limbatus,Deceased,Carcharhiniformes,lammermoorbeach,-23.155048484848486,150.77348333333333
2025-01-10,Capricorn Coast,Yeppoon Beach,LONG NOSE WHALER,Carcharhinus brevipinna,Deceased,Carcharhiniformes,yeppoonbeach,-23.128226666666666,150.75462666666667
2025-01-11,Mackay,Bucasia Beach,TAWNY SHARK,Nebrius ferrugineus,Released Alive,Orectolobiformes,bucasiabeach,-21.0204,149.16325277777779
2025-01-11,Townsville,Horseshoe Bay,TAWNY SHARK,Nebrius ferrugineus,Deceased,Orectolobiformes,horseshoebay,-19.11187361111111,146.85320555555555
2025-01-12,Mackay,Bucasia Beach,TAWNY SHARK,Nebrius ferrugineus,Released Alive,Orectolobiformes,bucasiabeach,-21.0204,149.16325277777779
2025-01-12,Mackay,Bucasia Beach,TAWNY SHARK,Nebrius ferrugineus,Released Alive,Orectolobiformes,bucasiabeach,-21.0204,149.16325277777779
2025-01-12,Capricorn Coast,Emu Park,LONG NOSE WHALER,Carcharhinus brevipinna,Deceased,Carcharhiniformes,emupark,-23.262438095238092,150.8322357142857
2025-01-12,Capricorn Coast,Fishermans Beach,LONG NOSE WHALER,Carcharhinus brevipinna,Deceased,Carcharhiniformes,fishermansbeach,-23.243136666666665,150.82846999999998
2025-01-13,Mackay,Blacks Beach,BULL WHALER,Carcharhinus leucas,Deceased,Carcharhiniformes,blacksbeach,-21.045294444444444,149.19208333333333
2025-01-13,Mackay,Blacks Beach,SPOT-TAIL WHALER,Carcharhinus sorrah,Deceased,Carcharhiniformes,blacksbeach,-21.045294444444444,149.19208333333333
2025-01-13,Mackay,Eimeo Beach,SANDBAR WHALER,Carcharhinus plumbeus,Deceased,Carcharhiniformes,eimeobeach,-21.030911111111113,149.18116666666666
2025-01-13,Mackay,Blacks Beach,SPOT-TAIL WHALER,Carcharhinus sorrah,Deceased,Carcharhiniformes,blacksbeach,-21.045294444444444,149.19208333333333
2025-01-13,Mackay,Eimeo Beach,LONG NOSE WHALER,Carcharhinus brevipinna,Deceased,Carcharhiniformes,eimeobeach,-21.030911111111113,149.18116666666666
2025-01-13,Gladstone,Tannum Sands,PIGEYE WHALER,Carcharhinus amboinensis,Deceased,Carcharhiniformes,tannumsands,-23.939119444444444,151.3756861111111
2025-01-14,Mackay,Bucasia Beach,LONG NOSE WHALER,Carcharhinus brevipinna,Deceased,Carcharhiniformes,bucasiabeach,-21.0204,149.16325277777779
2025-01-14,Mackay,Bucasia Beach,LONG NOSE WHALER,Carcharhinus brevipinna,Deceased,Carcharhiniformes,bucasiabeach,-21.0204,149.16325277777779
2025-01-14,Mackay,Bucasia Beach,LONG NOSE WHALER,Carcharhinus brevipinna,Released Alive,Carcharhiniformes,bucasiabeach,-21.0204,149.16325277777779
2025-01-14,Cairns,Ellis Beach,SPOT-TAIL WHALER,Carcharhinus sorrah,Deceased,Carcharhiniformes,ellisbeach,-16.72147142857143,145.65029761904762
2025-01-14,Cairns,Palm Cove,TAWNY SHARK,Nebrius ferrugineus,Released Alive,Orectolobiformes,palmcove,-16.744905555555555,145.6754
2025-01-14,Townsville,Horseshoe Bay,TIGER SHARK,Galeocerdo cuvier,Deceased,Carcharhiniformes,horseshoebay,-19.11187361111111,146.85320555555555
2025-01-14,Gladstone,Tannum Sands,SPOT-TAIL WHALER,Carcharhinus sorrah,Deceased,Carcharhiniformes,tannumsands,-23.939119444444444,151.3756861111111
2025-01-15,Mackay,Bucasia Beach,SPOT-TAIL WHALER,Carcharhinus sorrah,Deceased,Carcharhiniformes,bucasiabeach,-21.0204,149.16325277777779
2025-01-15,Mackay,Bucasia Beach,SPOT-TAIL WHALER,Carcharhinus sorrah,Released Alive,Carcharhiniformes,bucasiabeach,-21.0204,149.16325277777779
2025-01-15,Cairns,Buchans,SPOT-TAIL WHALER,Carcharhinus sorrah,Released Alive,Carcharhiniformes,buchans,-16.725916666666667,145.66339166666666
2025-01-15,Capricorn Coast,Emu Park,TIGER SHARK,Galeocerdo cuvier,Released Alive,Carcharhiniformes,emupark,-23.262438095238092,150.8322357142857
2025-01-15,Cairns,Palm Cove,TAWNY SHARK,Nebrius ferrugineus,Released Alive,Orectolobiformes,palmcove,-16.744905555555555,145.6754
2025-01-15,Cairns,Ellis Beach,SPOT-TAIL WHALER,Carcharhinus sorrah,Deceased,Carcharhiniformes,ellisbeach,-16.72147142857143,145.65029761904762
2025-01-15,Cairns,Ellis Beach,TIGER SHARK,Galeocerdo cuvier,Released Alive,Carcharhiniformes,ellisbeach,-16.72147142857143,145.65029761904762
2025-01-15,Townsville,Horseshoe Bay,TAWNY SHARK,Nebrius ferrugineus,Released Alive,Orectolobiformes,horseshoebay,-19.11187361111111,146.85320555555555
2025-01-16,Mackay,Blacks Beach,SPOT-TAIL WHALER,Carcharhinus sorrah,Deceased,Carcharhiniformes,blacksbeach,-21.045294444444444,149.19208333333333
2025-01-16,Mackay,Blacks Beach,TAWNY SHARK,Nebrius ferrugineus,Released Alive,Orectolobiformes,blacksbeach,-21.045294444444444,149.19208333333333
2025-01-16,Cairns,Ellis Beach,TAWNY SHARK,Nebrius ferrugineus,Released Alive,Orectolobiformes,ellisbeach,-16.72147142857143,145.65029761904762
2025-01-16,Mackay,Eimeo Beach,TAWNY SHARK,Nebrius ferrugineus,Released Alive,Orectolobiformes,eimeobeach,-21.030911111111113,149.18116666666666
2025-01-16,Cairns,Palm Cove,TAWNY SHARK,Nebrius ferrugineus,Released Alive,Orectolobiformes,palmcove,-16.744905555555555,145.6754
2025-01-16,Mackay,Eimeo Beach,SPOT-TAIL WHALER,Carcharhinus sorrah,Deceased,Carcharhiniformes,eimeobeach,-21.030911111111113,149.18116666666666
2025-01-16,Townsville,Florence Bay,SPOT-TAIL WHALER,Carcharhinus sorrah,Deceased,Carcharhiniformes,florencebay,-19.123693333333332,146.88541
2025-01-16,Townsville,Horseshoe Bay,COMMON BLACKTIP WHALER,Carcharhinus limbatus,Deceased,Carcharhiniformes,horseshoebay,-19.11187361111111,146.85320555555555
2025-01-16,Townsville,Horseshoe Bay,COMMON BLACKTIP WHALER,Carcharhinus limbatus,Deceased,Carcharhiniformes,horseshoebay,-19.11187361111111,146.85320555555555
2025-01-16,Townsville,Horseshoe Bay,PIGEYE WHALER,Carcharhinus amboinensis,Deceased,Carcharhiniformes,horseshoebay,-19.11187361111111,146.85320555555555
2025-01-16,Townsville,Palarenda Beach,PIGEYE WHALER,Carcharhinus amboinensis,Deceased,Carcharhiniformes,palarendabeach,-19.198694444444445,146.77763333333334
2025-01-16,Townsville,Palarenda Beach,TIGER SHARK,Galeocerdo cuvier,Deceased,Carcharhiniformes,palarendabeach,-19.198694444444445,146.77763333333334
2025-01-16,Townsville,Radical Bay,COMMON BLACKTIP WHALER,Carcharhinus limbatus,Deceased,Carcharhiniformes,radicalbay,-19.108173333333333,146.87670666666668
2025-01-16,Townsville,Radical Bay,TAWNY SHARK,Nebrius ferrugineus,Released Alive,Orectolobiformes,radicalbay,-19.108173333333333,146.87670666666668
2025-01-17,Townsville,Alma Bay,BULL WHALER,Carcharhinus leucas,Deceased,Carcharhiniformes,almabay,-19.149697222222223,146.87386944444447
2025-01-17,Cairns,Buchans,TIGER SHARK,Galeocerdo cuvier,Released Alive,Carcharhiniformes,buchans,-16.725916666666667,145.66339166666666
2025-01-17,Mackay,Eimeo Beach,CREEK WHALER,Carcharhinus fitzroyensis,Released Alive,Carcharhiniformes,eimeobeach,-21.030911111111113,149.18116666666666
2025-01-17,Cairns,Palm Cove,GREAT HAMMERHEAD,Sphyrna mokarran,Released Alive,Carcharhiniformes,palmcove,-16.744905555555555,145.6754
2025-01-17,Mackay,Eimeo Beach,TAWNY SHARK,Nebrius ferrugineus,Released Alive,Orectolobiformes,eimeobeach,-21.030911111111113,149.18116666666666
2025-01-17,Capricorn Coast,Farnborough Beach,TIGER SHARK,Galeocerdo cuvier,Released Alive,Carcharhiniformes,farnboroughbeach,-23.116036666666666,150.75383666666667
2025-01-17,Townsville,Florence Bay,SPOT-TAIL WHALER,Carcharhinus sorrah,Deceased,Carcharhiniformes,florencebay,-19.123693333333332,146.88541
2025-01-17,Townsville,Horseshoe Bay,BULL WHALER,Carcharhinus leucas,Deceased,Carcharhiniformes,horseshoebay,-19.11187361111111,146.85320555555555
2025-01-17,Townsville,Horseshoe Bay,COMMON BLACKTIP WHALER,Carcharhinus limbatus,Deceased,Carcharhiniformes,horseshoebay,-19.11187361111111,146.85320555555555
2025-01-17,Townsville,Palarenda Beach,COMMON BLACKTIP WHALER,Carcharhinus limbatus,Deceased,Carcharhiniformes,palarendabeach,-19.198694444444445,146.77763333333334
2025-01-17,Gladstone,Tannum Sands,COMMON BLACKTIP WHALER,Carcharhinus limbatus,Deceased,Carcharhiniformes,tannumsands,-23.939119444444444,151.3756861111111
2025-01-17,Capricorn Coast,Yeppoon Beach,BULL WHALER,Carcharhinus leucas,Released Alive,Carcharhiniformes,yeppoonbeach,-23.128226666666666,150.75462666666667
2025-01-18,Mackay,Blacks Beach,TAWNY SHARK,Nebrius ferrugineus,Released Alive,Orectolobiformes,blacksbeach,-21.045294444444444,149.19208333333333
2025-01-18,Mackay,Blacks Beach,TIGER SHARK,Galeocerdo cuvier,Released Alive,Carcharhiniformes,blacksbeach,-21.045294444444444,149.19208333333333
2025-01-18,Capricorn Coast,Emu Park,COMMON BLACKTIP WHALER,Carcharhinus limbatus,Deceased,Carcharhiniformes,emupark,-23.262438095238092,150.8322357142857
2025-01-18,Capricorn Coast,Fishermans Beach,LONG NOSE WHALER,Carcharhinus brevipinna,Deceased,Carcharhiniformes,fishermansbeach,-23.243136666666665,150.82846999999998
2025-01-18,Townsville,Horseshoe Bay,GREAT HAMMERHEAD,Sphyrna mokarran,Deceased,Carcharhiniformes,horseshoebay,-19.11187361111111,146.85320555555555
2025-01-18,Townsville,Horseshoe Bay,MILK SHARK,Rhizoprionodon acutus,Deceased,Carcharhiniformes,horseshoebay,-19.11187361111111,146.85320555555555
2025-01-21,Cairns,Ellis Beach,SPOT-TAIL WHALER,Carcharhinus sorrah,Released Alive,Carcharhiniformes,ellisbeach,-16.72147142857143,145.65029761904762
2025-01-21,Cairns,Ellis Beach,TAWNY SHARK,Nebrius ferrugineus,Released Alive,Orectolobiformes,ellisbeach,-16.72147142857143,145.65029761904762
2025-01-22,Mackay,Blacks Beach,SPOT-TAIL WHALER,Carcharhinus sorrah,Deceased,Carcharhiniformes,blacksbeach,-21.045294444444444,149.19208333333333
2025-01-22,Mackay,Blacks Beach,TAWNY SHARK,Nebrius ferrugineus,Released Alive,Orectolobiformes,blacksbeach,-21.045294444444444,149.19208333333333
2025-01-22,Mackay,Bucasia Beach,SPOT-TAIL WHALER,Carcharhinus sorrah,Deceased,Carcharhiniformes,bucasiabeach,-21.0204,149.16325277777779
2025-01-22,Townsville,Florence Bay,MILK SHARK,Rhizoprionodon acutus,Deceased,Carcharhiniformes,florencebay,-19.123693333333332,146.88541
2025-01-22,Townsville,Florence Bay,PIGEYE WHALER,Carcharhinus amboinensis,Deceased,Carcharhiniformes,florencebay,-19.123693333333332,146.88541
2025-01-22,Townsville,Nelly Bay,TAWNY SHARK,Nebrius ferrugineus,Deceased,Orectolobiformes,nellybay,-19.17364523809524,146.85039523809525
2025-01-22,Gladstone,Tannum Sands,SPOT-TAIL WHALER,Carcharhinus sorrah,Deceased,Carcharhiniformes,tannumsands,-23.939119444444444,151.3756861111111
2025-01-22,Cairns,Trinity,TAWNY SHARK,Nebrius ferrugineus,Released Alive,Orectolobiformes,trinity,-16.777091666666667,145.7011611111111
2025-01-22,Capricorn Coast,Yeppoon Beach,PIGEYE WHALER,Carcharhinus amboinensis,Deceased,Carcharhiniformes,yeppoonbeach,-23.128226666666666,150.75462666666667
2025-01-23,Mackay,Eimeo Beach,TAWNY SHARK,Nebrius ferrugineus,Released Alive,Orectolobiformes,eimeobeach,-21.030911111111113,149.18116666666666
2025-01-23,Mackay,Eimeo Beach,SHARPTOOTH SHARK,Negaprion acutidens,Deceased,Carcharhiniformes,eimeobeach,-21.030911111111113,149.18116666666666
2025-01-23,Cairns,Ellis Beach,SPOT-TAIL WHALER,Carcharhinus sorrah,Deceased,Carcharhiniformes,ellisbeach,-16.72147142857143,145.65029761904762
2025-01-23,Capricorn Coast,Farnborough Beach,PIGEYE WHALER,Carcharhinus amboinensis,Deceased,Carcharhiniformes,farnboroughbeach,-23.116036666666666,150.75383666666667
2025-01-23,Townsville,Horseshoe Bay,PIGEYE WHALER,Carcharhinus amboinensis,Deceased,Carcharhiniformes,horseshoebay,-19.11187361111111,146.85320555555555
2025-01-23,Townsville,Horseshoe Bay,TAWNY SHARK,Nebrius ferrugineus,Released Alive,Orectolobiformes,horseshoebay,-19.11187361111111,146.85320555555555
2025-01-23,Townsville,Radical Bay,SPOT-TAIL WHALER,Carcharhinus sorrah,Deceased,Carcharhiniformes,radicalbay,-19.108173333333333,146.87670666666668
2025-01-24,Mackay,Blacks Beach,BULL WHALER,Carcharhinus leucas,Released Alive,Carcharhiniformes,blacksbeach,-21.045294444444444,149.19208333333333
2025-01-24,Mackay,Blacks Beach,TAWNY SHARK,Nebrius ferrugineus,Released Alive,Orectolobiformes,blacksbeach,-21.045294444444444,149.19208333333333
2025-01-24,Mackay,Eimeo Beach,LONG NOSE WHALER,Carcharhinus brevipinna,Released Alive,Carcharhiniformes,eimeobeach,-21.030911111111113,149.18116666666666
2025-01-24,Townsville,Horseshoe Bay,COMMON BLACKTIP WHALER,Carcharhinus limbatus,Deceased,Carcharhiniformes,horseshoebay,-19.11187361111111,146.85320555555555
2025-01-24,Cairns,Palm Cove,TAWNY SHARK,Nebrius ferrugineus,Released Alive,Orectolobiformes,palmcove,-16.744905555555555,145.6754
2025-01-25,Capricorn Coast,Tanby Point,AUSTRALIAN BLACKTIP,Carcharhinus tilstoni,Released Alive,Carcharhiniformes,tanbypoint,-23.22792666666667,150.82419666666667
2025-01-25,Capricorn Coast,Emu Park,PIGEYE WHALER,Carcharhinus amboinensis,Deceased,Carcharhiniformes,emupark,-23.262438095238092,150.8322357142857
2025-01-25,Cairns,Palm Cove,SCALLOPED HAMMERHEAD,Sphyrna lewini,Deceased,Carcharhiniformes,palmcove,-16.744905555555555,145.6754
2025-01-26,Mackay,Bucasia Beach,SPOT-TAIL WHALER,Carcharhinus sorrah,Deceased,Carcharhiniformes,bucasiabeach,-21.0204,149.16325277777779
2025-01-27,Mackay,Bucasia Beach,TAWNY SHARK,Nebrius ferrugineus,Released Alive,Orectolobiformes,bucasiabeach,-21.0204,149.16325277777779
2025-01-27,Capricorn Coast,Cooee Bay,TIGER SHARK,Galeocerdo cuvier,Deceased,Carcharhiniformes,cooeebay,-23.139136666666666,150.76271333333335
2025-01-27,Capricorn Coast,Farnborough Beach,TIGER SHARK,Galeocerdo cuvier,Released Alive,Carcharhiniformes,farnboroughbeach,-23.116036666666666,150.75383666666667
2025-01-27,Capricorn Coast,Farnborough Beach,TIGER SHARK,Galeocerdo cuvier,Released Alive,Carcharhiniformes,farnboroughbeach,-23.116036666666666,150.75383666666667
2025-01-27,Capricorn Coast,Fishermans Beach,PIGEYE WHALER,Carcharhinus amboinensis,Deceased,Carcharhiniformes,fishermansbeach,-23.243136666666665,150.82846999999998
2025-01-27,Capricorn Coast,Tanby Point,TAWNY SHARK,Nebrius ferrugineus,Released Alive,Orectolobiformes,tanbypoint,-23.22792666666667,150.82419666666667
2025-01-28,Townsville,Alma Bay,BLACKTIP REEF WHALER,Carcharhinus melanopterus,Deceased,Carcharhiniformes,almabay,-19.149697222222223,146.87386944444447
2025-01-28,Cairns,Ellis Beach,SPOT-TAIL WHALER,Carcharhinus sorrah,Deceased,Carcharhiniformes,ellisbeach,-16.72147142857143,145.65029761904762
2025-01-28,Cairns,Ellis Beach,TIGER SHARK,Galeocerdo cuvier,Released Alive,Carcharhiniformes,ellisbeach,-16.72147142857143,145.65029761904762
2025-01-28,Townsville,Florence Bay,COMMON BLACKTIP WHALER,Carcharhinus limbatus,Deceased,Carcharhiniformes,florencebay,-19.123693333333332,146.88541
2025-01-28,Townsville,Nelly Bay,PIGEYE WHALER,Carcharhinus amboinensis,Deceased,Carcharhiniformes,nellybay,-19.17364523809524,146.85039523809525
2025-01-29,Townsville,Alma Bay,PIGEYE WHALER,Carcharhinus amboinensis,Deceased,Carcharhiniformes,almabay,-19.149697222222223,146.87386944444447
2025-01-29,Mackay,Eimeo Beach,LONG NOSE WHALER,Carcharhinus brevipinna,Deceased,Carcharhiniformes,eimeobeach,-21.030911111111113,149.18116666666666
2025-01-29,Mackay,Eimeo Beach,SPOT-TAIL WHALER,Carcharhinus sorrah,Deceased,Carcharhiniformes,eimeobeach,-21.030911111111113,149.18116666666666
2025-01-29,Townsville,Florence Bay,BULL WHALER,Carcharhinus leucas,Deceased,Carcharhiniformes,florencebay,-19.123693333333332,146.88541
2025-01-29,Townsville,Horseshoe Bay,BLACKTIP REEF WHALER,Carcharhinus melanopterus,Deceased,Carcharhiniformes,horseshoebay,-19.11187361111111,146.85320555555555
2025-01-29,Townsville,Horseshoe Bay,SHARPTOOTH SHARK,Negaprion acutidens,Deceased,Carcharhiniformes,horseshoebay,-19.11187361111111,146.85320555555555
2025-01-29,Townsville,Nelly Bay,COMMON BLACKTIP WHALER,Carcharhinus limbatus,Deceased,Carcharhiniformes,nellybay,-19.17364523809524,146.85039523809525
2025-01-29,Gladstone,Tannum Sands,PIGEYE WHALER,Carcharhinus amboinensis,Deceased,Carcharhiniformes,tannumsands,-23.939119444444444,151.3756861111111
2025-01-30,Townsville,Alma Bay,TAWNY SHARK,Nebrius ferrugineus,Released Alive,Orectolobiformes,almabay,-19.149697222222223,146.87386944444447
2025-01-30,Capricorn Coast,Mullambin Beach,PIGEYE WHALER,Carcharhinus amboinensis,Released Alive,Carcharhiniformes,mullambinbeach,-23.18919,150.79873
2025-01-30,Cairns,Clifton,GREAT HAMMERHEAD,Sphyrna mokarran,Released Alive,Carcharhiniformes,clifton,-16.759525,145.68219583333334
2025-01-30,Cairns,Clifton,SPOT-TAIL WHALER,Carcharhinus sorrah,Deceased,Carcharhiniformes,clifton,-16.759525,145.68219583333334
2025-01-30,Mackay,Bucasia Beach,CREEK WHALER,Carcharhinus fitzroyensis,Deceased,Carcharhiniformes,bucasiabeach,-21.0204,149.16325277777779
2025-01-30,Capricorn Coast,Cooee Bay,PIGEYE WHALER,Carcharhinus amboinensis,Deceased,Carcharhiniformes,cooeebay,-23.139136666666666,150.76271333333335
2025-01-30,Mackay,Eimeo Beach,CREEK WHALER,Carcharhinus fitzroyensis,Deceased,Carcharhiniformes,eimeobeach,-21.030911111111113,149.18116666666666
2025-01-30,Townsville,Florence Bay,BULL WHALER,Carcharhinus leucas,Deceased,Carcharhiniformes,florencebay,-19.123693333333332,146.88541
2025-01-30,Townsville,Florence Bay,SPOT-TAIL WHALER,Carcharhinus sorrah,Deceased,Carcharhiniformes,florencebay,-19.123693333333332,146.88541
2025-01-30,Townsville,Nelly Bay,TAWNY SHARK,Nebrius ferrugineus,Released Alive,Orectolobiformes,nellybay,-19.17364523809524,146.85039523809525
2025-01-30,Townsville,Radical Bay,MILK SHARK,Rhizoprionodon acutus,Deceased,Carcharhiniformes,radicalbay,-19.108173333333333,146.87670666666668
2025-01-30,Townsville,Radical Bay,SPOT-TAIL WHALER,Carcharhinus sorrah,Deceased,Carcharhiniformes,radicalbay,-19.108173333333333,146.87670666666668
2025-01-30,Townsville,Radical Bay,SPOT-TAIL WHALER,Carcharhinus sorrah,Deceased,Carcharhiniformes,radicalbay,-19.108173333333333,146.87670666666668
2025-01-31,Mackay,Blacks Beach,LONG NOSE WHALER,Carcharhinus brevipinna,Deceased,Carcharhiniformes,blacksbeach,-21.045294444444444,149.19208333333333
2025-01-31,Mackay,Bucasia Beach,SPOT-TAIL WHALER,Carcharhinus sorrah,Released Alive,Carcharhiniformes,bucasiabeach,-21.0204,149.16325277777779
2025-01-31,Mackay,Eimeo Beach,SANDBAR WHALER,Carcharhinus plumbeus,Released Alive,Carcharhiniformes,eimeobeach,-21.030911111111113,149.18116666666666
2025-01-31,Mackay,Eimeo Beach,SANDBAR WHALER,Carcharhinus plumbeus,Deceased,Carcharhiniformes,eimeobeach,-21.030911111111113,149.18116666666666
2025-01-31,Mackay,Blacks Beach,BULL WHALER,Carcharhinus leucas,Released Alive,Carcharhiniformes,blacksbeach,-21.045294444444444,149.19208333333333
2025-01-31,Cairns,Palm Cove,TAWNY SHARK,Nebrius ferrugineus,Released Alive,Orectolobiformes,palmcove,-16.744905555555555,145.6754
2025-01-31,Mackay,Eimeo Beach,BULL WHALER,Carcharhinus leucas,Deceased,Carcharhiniformes,eimeobeach,-21.030911111111113,149.18116666666666
2025-01-31,Mackay,Eimeo Beach,SHARPTOOTH SHARK,Negaprion acutidens,Released Alive,Carcharhiniformes,eimeobeach,-21.030911111111113,149.18116666666666
2025-01-31,Cairns,Palm Cove,SPOT-TAIL WHALER,Carcharhinus sorrah,Deceased,Carcharhiniformes,palmcove,-16.744905555555555,145.6754
2025-01-31,Cairns,Palm Cove,TAWNY SHARK,Nebrius ferrugineus,Released Alive,Orectolobiformes,palmcove,-16.744905555555555,145.6754
2025-02-01,Mackay,Blacks Beach,BULL WHALER,Carcharhinus leucas,Released Alive,Carcharhiniformes,blacksbeach,-21.045294444444444,149.19208333333333
2025-02-01,Mackay,Eimeo Beach,CREEK WHALER,Carcharhinus fitzroyensis,Deceased,Carcharhiniformes,eimeobeach,-21.030911111111113,149.18116666666666
2025-02-04,Mackay,Bucasia Beach,CREEK WHALER,Carcharhinus fitzroyensis,Released Alive,Carcharhiniformes,bucasiabeach,-21.0204,149.16325277777779
2025-02-04,Mackay,Bucasia Beach,CREEK WHALER,Carcharhinus fitzroyensis,Released Alive,Carcharhiniformes,bucasiabeach,-21.0204,149.16325277777779
2025-02-04,Mackay,Bucasia Beach,SPOT-TAIL WHALER,Carcharhinus sorrah,Released Alive,Carcharhiniformes,bucasiabeach,-21.0204,149.16325277777779
2025-02-04,Mackay,Blacks Beach,CREEK WHALER,Carcharhinus fitzroyensis,Deceased,Carcharhiniformes,blacksbeach,-21.045294444444444,149.19208333333333
2025-02-04,Cairns,Palm Cove,BULL WHALER,Carcharhinus leucas,Released Alive,Carcharhiniformes,palmcove,-16.744905555555555,145.6754
2025-02-05,Townsville,Alma Bay,SPOT-TAIL WHALER,Carcharhinus sorrah,Deceased,Carcharhiniformes,almabay,-19.149697222222223,146.87386944444447
2025-02-05,Townsville,Alma Bay,SPOT-TAIL WHALER,Carcharhinus sorrah,Deceased,Carcharhiniformes,almabay,-19.149697222222223,146.87386944444447
2025-02-05,Capricorn Coast,Emu Park,BULL WHALER,Carcharhinus leucas,Released Alive,Carcharhiniformes,emupark,-23.262438095238092,150.8322357142857
2025-02-05,Mackay,Eimeo Beach,CREEK WHALER,Carcharhinus fitzroyensis,Deceased,Carcharhiniformes,eimeobeach,-21.030911111111113,149.18116666666666
2025-02-05,Mackay,Eimeo Beach,SHARPTOOTH SHARK,Negaprion acutidens,Deceased,Carcharhiniformes,eimeobeach,-21.030911111111113,149.18116666666666
2025-02-05,Townsville,Horseshoe Bay,BULL WHALER,Carcharhinus leucas,Deceased,Carcharhiniformes,horseshoebay,-19.11187361111111,146.85320555555555
2025-02-05,Townsville,Horseshoe Bay,PIGEYE WHALER,Carcharhinus amboinensis,Deceased,Carcharhiniformes,horseshoebay,-19.11187361111111,146.85320555555555
2025-02-05,Townsville,Horseshoe Bay,PIGEYE WHALER,Carcharhinus amboinensis,Deceased,Carcharhiniformes,horseshoebay,-19.11187361111111,146.85320555555555
2025-02-05,Cairns,Palm Cove,BULL WHALER,Carcharhinus leucas,Deceased,Carcharhiniformes,palmcove,-16.744905555555555,145.6754
2025-02-05,Cairns,Palm Cove,BULL WHALER,Carcharhinus leucas,Deceased,Carcharhiniformes,palmcove,-16.744905555555555,145.6754
2025-02-06,Mackay,Blacks Beach,CREEK WHALER,Carcharhinus fitzroyensis,Deceased,Carcharhiniformes,blacksbeach,-21.045294444444444,149.19208333333333
2025-02-06,Capricorn Coast,Mullambin Beach,PIGEYE WHALER,Carcharhinus amboinensis,Released Alive,Carcharhiniformes,mullambinbeach,-23.18919,150.79873
2025-02-06,Capricorn Coast,Emu Park,PIGEYE WHALER,Carcharhinus amboinensis,Deceased,Carcharhiniformes,emupark,-23.262438095238092,150.8322357142857
2025-02-06,Mackay,Bucasia Beach,CREEK WHALER,Carcharhinus fitzroyensis,Released Alive,Carcharhiniformes,bucasiabeach,-21.0204,149.16325277777779
2025-02-06,Townsville,Florence Bay,BLACKTIP REEF WHALER,Carcharhinus melanopterus,Deceased,Carcharhiniformes,florencebay,-19.123693333333332,146.88541
2025-02-06,Townsville,Florence Bay,BULL WHALER,Carcharhinus leucas,Deceased,Carcharhiniformes,florencebay,-19.123693333333332,146.88541
2025-02-06,Townsville,Florence Bay,COMMON BLACKTIP WHALER,Carcharhinus limbatus,Deceased,Carcharhiniformes,florencebay,-19.123693333333332,146.88541
2025-02-06,Townsville,Horseshoe Bay,COMMON BLACKTIP WHALER,Carcharhinus limbatus,Deceased,Carcharhiniformes,horseshoebay,-19.11187361111111,146.85320555555555
2025-02-06,Cairns,Palm Cove,SPOT-TAIL WHALER,Carcharhinus sorrah,Deceased,Carcharhiniformes,palmcove,-16.744905555555555,145.6754
2025-02-06,Townsville,Radical Bay,PIGEYE WHALER,Carcharhinus amboinensis,Deceased,Carcharhiniformes,radicalbay,-19.108173333333333,146.87670666666668
2025-02-06,Townsville,Radical Bay,SHARPTOOTH SHARK,Negaprion acutidens,Deceased,Carcharhiniformes,radicalbay,-19.108173333333333,146.87670666666668
2025-02-06,Capricorn Coast,Yeppoon Beach,PIGEYE WHALER,Carcharhinus amboinensis,Deceased,Carcharhiniformes,yeppoonbeach,-23.128226666666666,150.75462666666667
2025-02-07,Townsville,Alma Bay,COMMON BLACKTIP WHALER,Carcharhinus limbatus,Deceased,Carcharhiniformes,almabay,-19.149697222222223,146.87386944444447
2025-02-07,Townsville,Alma Bay,TIGER SHARK,Galeocerdo cuvier,Deceased,Carcharhiniformes,almabay,-19.149697222222223,146.87386944444447
2025-02-07,Capricorn Coast,Emu Park,PIGEYE WHALER,Carcharhinus amboinensis,Released Alive,Carcharhiniformes,emupark,-23.262438095238092,150.8322357142857
2025-02-07,Mackay,Bucasia Beach,SPOT-TAIL WHALER,Carcharhinus sorrah,Deceased,Carcharhiniformes,bucasiabeach,-21.0204,149.16325277777779
2025-02-07,Capricorn Coast,Fishermans Beach,PIGEYE WHALER,Carcharhinus amboinensis,Released Alive,Carcharhiniformes,fishermansbeach,-23.243136666666665,150.82846999999998
2025-02-07,Capricorn Coast,Emu Park,BULL WHALER,Carcharhinus leucas,Released Alive,Carcharhiniformes,emupark,-23.262438095238092,150.8322357142857
2025-02-07,Townsville,Florence Bay,PIGEYE WHALER,Carcharhinus amboinensis,Deceased,Carcharhiniformes,florencebay,-19.123693333333332,146.88541
2025-02-07,Townsville,Horseshoe Bay,SPOT-TAIL WHALER,Carcharhinus sorrah,Deceased,Carcharhiniformes,horseshoebay,-19.11187361111111,146.85320555555555
2025-02-07,Townsville,Palarenda Beach,BULL WHALER,Carcharhinus leucas,Deceased,Carcharhiniformes,palarendabeach,-19.198694444444445,146.77763333333334
2025-02-07,Townsville,Radical Bay,COMMON BLACKTIP WHALER,Carcharhinus limbatus,Deceased,Carcharhiniformes,radicalbay,-19.108173333333333,146.87670666666668
2025-02-07,Capricorn Coast,Tanby Point,PIGEYE WHALER,Carcharhinus amboinensis,Deceased,Carcharhiniformes,tanbypoint,-23.22792666666667,150.82419666666667
2025-02-07,Cairns,Trinity,LONG NOSE WHALER,Carcharhinus brevipinna,Deceased,Carcharhiniformes,trinity,-16.777091666666667,145.7011611111111
2025-02-08,Mackay,Bucasia Beach,CREEK WHALER,Carcharhinus fitzroyensis,Released Alive,Carcharhiniformes,bucasiabeach,-21.0204,149.16325277777779
2025-02-08,Mackay,Bucasia Beach,LONG NOSE WHALER,Carcharhinus brevipinna,Released Alive,Carcharhiniformes,bucasiabeach,-21.0204,149.16325277777779
2025-02-08,Mackay,Blacks Beach,CREEK WHALER,Carcharhinus fitzroyensis,Released Alive,Carcharhiniformes,blacksbeach,-21.045294444444444,149.19208333333333
2025-02-08,Mackay,Eimeo Beach,BULL WHALER,Carcharhinus leucas,Released Alive,Carcharhiniformes,eimeobeach,-21.030911111111113,149.18116666666666
2025-02-08,Mackay,Eimeo Beach,LONG NOSE WHALER,Carcharhinus brevipinna,Deceased,Carcharhiniformes,eimeobeach,-21.030911111111113,149.18116666666666
2025-02-08,Mackay,Eimeo Beach,SHARPTOOTH SHARK,Negaprion acutidens,Released Alive,Carcharhiniformes,eimeobeach,-21.030911111111113,149.18116666666666
2025-02-08,Townsville,Florence Bay,TIGER SHARK,Galeocerdo cuvier,Deceased,Carcharhiniformes,florencebay,-19.123693333333332,146.88541
2025-02-08,Townsville,Florence Bay,TIGER SHARK,Galeocerdo cuvier,Deceased,Carcharhiniformes,florencebay,-19.123693333333332,146.88541
2025-02-08,Cairns,Holloways,SPOT-TAIL WHALER,Carcharhinus sorrah,Deceased,Carcharhiniformes,holloways,-16.83081,145.74805666666666
2025-02-08,Townsville,Horseshoe Bay,PIGEYE WHALER,Carcharhinus amboinensis,Deceased,Carcharhiniformes,horseshoebay,-19.11187361111111,146.85320555555555
2025-02-08,Capricorn Coast,Mullambin Beach,PIGEYE WHALER,Carcharhinus amboinensis,Deceased,Carcharhiniformes,mullambinbeach,-23.18919,150.79873
2025-02-08,Townsville,Nelly Bay,COMMON BLACKTIP WHALER,Carcharhinus limbatus,Deceased,Carcharhiniformes,nellybay,-19.17364523809524,146.85039523809525
2025-02-08,Townsville,Palarenda Beach,PIGEYE WHALER,Carcharhinus amboinensis,Deceased,Carcharhiniformes,palarendabeach,-19.198694444444445,146.77763333333334
2025-02-08,Townsville,Radical Bay,PIGEYE WHALER,Carcharhinus amboinensis,Deceased,Carcharhiniformes,radicalbay,-19.108173333333333,146.87670666666668
2025-02-08,Townsville,Radical Bay,SPOT-TAIL WHALER,Carcharhinus sorrah,Deceased,Carcharhiniformes,radicalbay,-19.108173333333333,146.87670666666668
2025-02-08,Gladstone,Tannum Sands,PIGEYE WHALER,Carcharhinus amboinensis,Deceased,Carcharhiniformes,tannumsands,-23.939119444444444,151.3756861111111
2025-02-09,Capricorn Coast,Emu Park,PIGEYE WHALER,Carcharhinus amboinensis,Deceased,Carcharhiniformes,emupark,-23.262438095238092,150.8322357142857
2025-02-09,Capricorn Coast,Fishermans Beach,PIGEYE WHALER,Carcharhinus amboinensis,Deceased,Carcharhiniformes,fishermansbeach,-23.243136666666665,150.82846999999998
2025-02-10,Gladstone,Tannum Sands,PIGEYE WHALER,Carcharhinus amboinensis,Deceased,Carcharhiniformes,tannumsands,-23.939119444444444,151.3756861111111
2025-02-11,Mackay,Bucasia Beach,SHARPTOOTH SHARK,Negaprion acutidens,Released Alive,Carcharhiniformes,bucasiabeach,-21.0204,149.16325277777779
2025-02-11,Mackay,Eimeo Beach,SPOT-TAIL WHALER,Carcharhinus sorrah,Deceased,Carcharhiniformes,eimeobeach,-21.030911111111113,149.18116666666666
2025-02-11,Mackay,Blacks Beach,LONG NOSE WHALER,Carcharhinus brevipinna,Deceased,Carcharhiniformes,blacksbeach,-21.045294444444444,149.19208333333333
2025-02-11,Mackay,Eimeo Beach,SHARPTOOTH SHARK,Negaprion acutidens,Released Alive,Carcharhiniformes,eimeobeach,-21.030911111111113,149.18116666666666
2025-02-12,Mackay,Blacks Beach,CREEK WHALER,Carcharhinus fitzroyensis,Deceased,Carcharhiniformes,blacksbeach,-21.045294444444444,149.19208333333333
2025-02-12,Mackay,Blacks Beach,LONG NOSE WHALER,Carcharhinus brevipinna,Released Alive,Carcharhiniformes,blacksbeach,-21.045294444444444,149.19208333333333
2025-02-12,Townsville,Horseshoe Bay,COMMON BLACKTIP WHALER,Carcharhinus limbatus,Deceased,Carcharhiniformes,horseshoebay,-19.11187361111111,146.85320555555555
2025-02-12,Gladstone,Tannum Sands,PIGEYE WHALER,Carcharhinus amboinensis,Deceased,Carcharhiniformes,tannumsands,-23.939119444444444,151.3756861111111
2025-02-12,Gladstone,Tannum Sands,TIGER SHARK,Galeocerdo cuvier,Deceased,Carcharhiniformes,tannumsands,-23.939119444444444,151.3756861111111
2025-02-13,Townsville,Alma Bay,TAWNY SHARK,Nebrius ferrugineus,Released Alive,Orectolobiformes,almabay,-19.149697222222223,146.87386944444447
2025-02-13,Mackay,Blacks Beach,SPOT-TAIL WHALER,Carcharhinus sorrah,Deceased,Carcharhiniformes,blacksbeach,-21.045294444444444,149.19208333333333
2025-02-13,Mackay,Bucasia Beach,LONG NOSE WHALER,Carcharhinus brevipinna,Deceased,Carcharhiniformes,bucasiabeach,-21.0204,149.16325277777779
2025-02-13,Mackay,Eimeo Beach,BULL WHALER,Carcharhinus leucas,Released Alive,Carcharhiniformes,eimeobeach,-21.030911111111113,149.18116666666666
2025-02-13,Townsville,Palarenda Beach,COMMON BLACKTIP WHALER,Carcharhinus limbatus,Deceased,Carcharhiniformes,palarendabeach,-19.198694444444445,146.77763333333334
2025-02-13,Cairns,Trinity,SPOT-TAIL WHALER,Carcharhinus sorrah,Deceased,Carcharhiniformes,trinity,-16.777091666666667,145.7011611111111
2025-02-14,Mackay,Blacks Beach,SPOT-TAIL WHALER,Carcharhinus sorrah,Deceased,Carcharhiniformes,blacksbeach,-21.045294444444444,149.19208333333333
2025-02-14,Capricorn Coast,Tanby Point,TIGER SHARK,Galeocerdo cuvier,Released Alive,Carcharhiniformes,tanbypoint,-23.22792666666667,150.82419666666667
2025-02-14,Mackay,Blacks Beach,TAWNY SHARK,Nebrius ferrugineus,Released Alive,Orectolobiformes,blacksbeach,-21.045294444444444,149.19208333333333
2025-02-14,Townsville,Florence Bay,TIGER SHARK,Galeocerdo cuvier,Deceased,Carcharhiniformes,florencebay,-19.123693333333332,146.88541
2025-02-14,Townsville,Horseshoe Bay,TIGER SHARK,Galeocerdo cuvier,Deceased,Carcharhiniformes,horseshoebay,-19.11187361111111,146.85320555555555
2025-02-15,Townsville,Alma Bay,TAWNY SHARK,Nebrius ferrugineus,Released Alive,Orectolobiformes,almabay,-19.149697222222223,146.87386944444447
2025-02-15,Mackay,Bucasia Beach,LONG NOSE WHALER,Carcharhinus brevipinna,Deceased,Carcharhiniformes,bucasiabeach,-21.0204,149.16325277777779
2025-02-15,Mackay,Eimeo Beach,TAWNY SHARK,Nebrius ferrugineus,Released Alive,Orectolobiformes,eimeobeach,-21.030911111111113,149.18116666666666
2025-02-15,Mackay,Blacks Beach,LONG NOSE WHALER,Carcharhinus brevipinna,Deceased,Carcharhiniformes,blacksbeach,-21.045294444444444,149.19208333333333
2025-02-15,Cairns,Palm Cove,BULL WHALER,Carcharhinus leucas,Released Alive,Carcharhiniformes,palmcove,-16.744905555555555,145.6754
2025-02-15,Capricorn Coast,Emu Park,BULL WHALER,Carcharhinus leucas,Deceased,Carcharhiniformes,emupark,-23.262438095238092,150.8322357142857
2025-02-15,Capricorn Coast,Emu Park,PIGEYE WHALER,Carcharhinus amboinensis,Deceased,Carcharhiniformes,emupark,-23.262438095238092,150.8322357142857
2025-02-15,Capricorn Coast,Fishermans Beach,PIGEYE WHALER,Carcharhinus amboinensis,Deceased,Carcharhiniformes,fishermansbeach,-23.243136666666665,150.82846999999998
2025-02-15,Capricorn Coast,Fishermans Beach,TIGER SHARK,Galeocerdo cuvier,Deceased,Carcharhiniformes,fishermansbeach,-23.243136666666665,150.82846999999998
2025-02-15,Townsville,Nelly Bay,SPOT-TAIL WHALER,Carcharhinus sorrah,Deceased,Carcharhiniformes,nellybay,-19.17364523809524,146.85039523809525
2025-02-15,Gladstone,Tannum Sands,PIGEYE WHALER,Carcharhinus amboinensis,Deceased,Carcharhiniformes,tannumsands,-23.939119444444444,151.3756861111111
2025-02-15,Gladstone,Tannum Sands,PIGEYE WHALER,Carcharhinus amboinensis,Deceased,Carcharhiniformes,tannumsands,-23.939119444444444,151.3756861111111
2025-02-17,Mackay,Bucasia Beach,BULL WHALER,Carcharhinus leucas,Released Alive,Carcharhiniformes,bucasiabeach,-21.0204,149.16325277777779
2025-02-17,Mackay,Blacks Beach,LONG NOSE WHALER,Carcharhinus brevipinna,Deceased,Carcharhiniformes,blacksbeach,-21.045294444444444,149.19208333333333
2025-02-18,Mackay,Blacks Beach,CREEK WHALER,Carcharhinus fitzroyensis,Deceased,Carcharhiniformes,blacksbeach,-21.045294444444444,149.19208333333333
2025-02-18,Cairns,Ellis Beach,SPOT-TAIL WHALER,Carcharhinus sorrah,Deceased,Carcharhiniformes,ellisbeach,-16.72147142857143,145.65029761904762
2025-02-18,Mackay,Eimeo Beach,SPOT-TAIL WHALER,Carcharhinus sorrah,Released Alive,Carcharhiniformes,eimeobeach,-21.030911111111113,149.18116666666666
2025-02-19,Mackay,Bucasia Beach,LONG NOSE WHALER,Carcharhinus brevipinna,Deceased,Carcharhiniformes,bucasiabeach,-21.0204,149.16325277777779
2025-02-19,Mackay,Bucasia Beach,LONG NOSE WHALER,Carcharhinus brevipinna,Deceased,Carcharhiniformes,bucasiabeach,-21.0204,149.16325277777779
2025-02-19,Mackay,Eimeo Beach,BULL WHALER,Carcharhinus leucas,Released Alive,Carcharhiniformes,eimeobeach,-21.030911111111113,149.18116666666666
2025-02-19,Mackay,Eimeo Beach,BULL WHALER,Carcharhinus leucas,Released Alive,Carcharhiniformes,eimeobeach,-21.030911111111113,149.18116666666666
2025-02-19,Cairns,Palm Cove,SHARPTOOTH SHARK,Negaprion acutidens,Released Alive,Carcharhiniformes,palmcove,-16.744905555555555,145.6754
2025-02-19,Mackay,Eimeo Beach,BULL WHALER,Carcharhinus leucas,Deceased,Carcharhiniformes,eimeobeach,-21.030911111111113,149.18116666666666
2025-02-19,Mackay,Eimeo Beach,TAWNY SHARK,Nebrius ferrugineus,Released Alive,Orectolobiformes,eimeobeach,-21.030911111111113,149.18116666666666
2025-02-19,Cairns,Trinity,LONG NOSE WHALER,Carcharhinus brevipinna,Deceased,Carcharhiniformes,trinity,-16.777091666666667,145.7011611111111
2025-02-20,Cairns,Clifton,BLACKTIP REEF WHALER,Carcharhinus melanopterus,Released Alive,Carcharhiniformes,clifton,-16.759525,145.68219583333334
2025-02-20,Mackay,Bucasia Beach,SPOT-TAIL WHALER,Carcharhinus sorrah,Deceased,Carcharhiniformes,bucasiabeach,-21.0204,149.16325277777779
2025-02-20,Mackay,Eimeo Beach,SPOT-TAIL WHALER,Carcharhinus sorrah,Deceased,Carcharhiniformes,eimeobeach,-21.030911111111113,149.18116666666666
2025-02-20,Townsville,Florence Bay,BLACKTIP REEF WHALER,Carcharhinus melanopterus,Deceased,Carcharhiniformes,florencebay,-19.123693333333332,146.88541
2025-02-20,Townsville,Florence Bay,TIGER SHARK,Galeocerdo cuvier,Deceased,Carcharhiniformes,florencebay,-19.123693333333332,146.88541
2025-02-20,Townsville,Horseshoe Bay,SPOT-TAIL WHALER,Carcharhinus sorrah,Deceased,Carcharhiniformes,horseshoebay,-19.11187361111111,146.85320555555555
2025-02-21,Mackay,Bucasia Beach,SPOT-TAIL WHALER,Carcharhinus sorrah,Deceased,Carcharhiniformes,bucasiabeach,-21.0204,149.16325277777779
2025-02-21,Cairns,Buchans,SPOT-TAIL WHALER,Carcharhinus sorrah,Deceased,Carcharhiniformes,buchans,-16.725916666666667,145.66339166666666
2025-02-21,Mackay,Eimeo Beach,CREEK WHALER,Carcharhinus fitzroyensis,Deceased,Carcharhiniformes,eimeobeach,-21.030911111111113,149.18116666666666
2025-02-22,Townsville,Alma Bay,PIGEYE WHALER,Carcharhinus amboinensis,Deceased,Carcharhiniformes,almabay,-19.149697222222223,146.87386944444447
2025-02-22,Mackay,Blacks Beach,CREEK WHALER,Carcharhinus fitzroyensis,Deceased,Carcharhiniformes,blacksbeach,-21.045294444444444,149.19208333333333
2025-02-22,Mackay,Eimeo Beach,LONG NOSE WHALER,Carcharhinus brevipinna,Released Alive,Carcharhiniformes,eimeobeach,-21.030911111111113,149.18116666666666
2025-02-22,Townsville,Palarenda Beach,SPOT-TAIL WHALER,Carcharhinus sorrah,Deceased,Carcharhiniformes,palarendabeach,-19.198694444444445,146.77763333333334
2025-02-24,Mackay,Blacks Beach,BULL WHALER,Carcharhinus leucas,Released Alive,Carcharhiniformes,blacksbeach,-21.045294444444444,149.19208333333333
2025-02-24,Mackay,Blacks Beach,TIGER SHARK,Galeocerdo cuvier,Released Alive,Carcharhiniformes,blacksbeach,-21.045294444444444,149.19208333333333
2025-02-24,Mackay,Blacks Beach,CREEK WHALER,Carcharhinus fitzroyensis,Deceased,Carcharhiniformes,blacksbeach,-21.045294444444444,149.19208333333333
2025-02-25,Mackay,Bucasia Beach,SHARPTOOTH SHARK,Negaprion acutidens,Deceased,Carcharhiniformes,bucasiabeach,-21.0204,149.16325277777779
2025-02-25,Cairns,Ellis Beach,PIGEYE WHALER,Carcharhinus amboinensis,Released Alive,Carcharhiniformes,ellisbeach,-16.72147142857143,145.65029761904762
2025-02-25,Mackay,Eimeo Beach,TIGER SHARK,Galeocerdo cuvier,Released Alive,Carcharhiniformes,eimeobeach,-21.030911111111113,149.18116666666666
2025-02-25,Mackay,Eimeo Beach,SHARPTOOTH SHARK,Negaprion acutidens,Released Alive,Carcharhiniformes,eimeobeach,-21.030911111111113,149.18116666666666
2025-02-26,Townsville,Alma Bay,BLACKTIP REEF WHALER,Carcharhinus melanopterus,Deceased,Carcharhiniformes,almabay,-19.149697222222223,146.87386944444447
2025-02-26,Townsville,Alma Bay,SHARPTOOTH SHARK,Negaprion acutidens,Deceased,Carcharhiniformes,almabay,-19.149697222222223,146.87386944444447
2025-02-26,Mackay,Bucasia Beach,LONG NOSE WHALER,Carcharhinus brevipinna,Deceased,Carcharhiniformes,bucasiabeach,-21.0204,149.16325277777779
2025-02-26,Cairns,Palm Cove,LONG NOSE WHALER,Carcharhinus brevipinna,Deceased,Carcharhiniformes,palmcove,-16.744905555555555,145.6754
2025-02-26,Mackay,Eimeo Beach,SHARPTOOTH SHARK,Negaprion acutidens,Deceased,Carcharhiniformes,eimeobeach,-21.030911111111113,149.18116666666666
2025-02-26,Mackay,Eimeo Beach,SHARPTOOTH SHARK,Negaprion acutidens,Released Alive,Carcharhiniformes,eimeobeach,-21.030911111111113,149.18116666666666
2025-02-26,Townsville,Palarenda Beach,SPOT-TAIL WHALER,Carcharhinus sorrah,Deceased,Carcharhiniformes,palarendabeach,-19.198694444444445,146.77763333333334
2025-02-26,Townsville,Picnic Bay,COMMON BLACKTIP WHALER,Carcharhinus limbatus,Deceased,Carcharhiniformes,picnicbay,-19.182850000000002,146.84146666666666
2025-02-26,Townsville,Radical Bay,SPOT-TAIL WHALER,Carcharhinus sorrah,Deceased,Carcharhiniformes,radicalbay,-19.108173333333333,146.87670666666668
2025-02-27,Townsville,Alma Bay,COMMON BLACKTIP WHALER,Carcharhinus limbatus,Deceased,Carcharhiniformes,almabay,-19.149697222222223,146.87386944444447
2025-02-27,Townsville,Alma Bay,PIGEYE WHALER,Carcharhinus amboinensis,Deceased,Carcharhiniformes,almabay,-19.149697222222223,146.87386944444447
2025-02-27,Mackay,Eimeo Beach,BULL WHALER,Carcharhinus leucas,Released Alive,Carcharhiniformes,eimeobeach,-21.030911111111113,149.18116666666666
2025-02-27,Mackay,Blacks Beach,LONG NOSE WHALER,Carcharhinus brevipinna,Released Alive,Carcharhiniformes,blacksbeach,-21.045294444444444,149.19208333333333
2025-02-27,Mackay,Eimeo Beach,CREEK WHALER,Carcharhinus fitzroyensis,Deceased,Carcharhiniformes,eimeobeach,-21.030911111111113,149.18116666666666
2025-02-27,Townsville,Horseshoe Bay,PIGEYE WHALER,Carcharhinus amboinensis,Deceased,Carcharhiniformes,horseshoebay,-19.11187361111111,146.85320555555555
2025-02-27,Townsville,Nelly Bay,TAWNY SHARK,Nebrius ferrugineus,Released Alive,Orectolobiformes,nellybay,-19.17364523809524,146.85039523809525
2025-02-27,Townsville,Palarenda Beach,COMMON BLACKTIP WHALER,Carcharhinus limbatus,Deceased,Carcharhiniformes,palarendabeach,-19.198694444444445,146.77763333333334
2025-02-27,Townsville,Palarenda Beach,GREAT HAMMERHEAD,Sphyrna mokarran,Deceased,Carcharhiniformes,palarendabeach,-19.198694444444445,146.77763333333334
2025-02-27,Townsville,Radical Bay,PIGEYE WHALER,Carcharhinus amboinensis,Deceased,Carcharhiniformes,radicalbay,-19.108173333333333,146.87670666666668
2025-02-27,Gladstone,Tannum Sands,PIGEYE WHALER,Carcharhinus amboinensis,Deceased,Carcharhiniformes,tannumsands,-23.939119444444444,151.3756861111111
2025-02-28,Mackay,Blacks Beach,CREEK WHALER,Carcharhinus fitzroyensis,Deceased,Carcharhiniformes,blacksbeach,-21.045294444444444,149.19208333333333
2025-02-28,Mackay,Eimeo Beach,BULL WHALER,Carcharhinus leucas,Released Alive,Carcharhiniformes,eimeobeach,-21.030911111111113,149.18116666666666
2025-02-28,Mackay,Eimeo Beach,CREEK WHALER,Carcharhinus fitzroyensis,Deceased,Carcharhiniformes,eimeobeach,-21.030911111111113,149.18116666666666
2025-02-28,Townsville,Horseshoe Bay,TIGER SHARK,Galeocerdo cuvier,Deceased,Carcharhiniformes,horseshoebay,-19.11187361111111,146.85320555555555
2025-02-28,Townsville,Radical Bay,SPOT-TAIL WHALER,Carcharhinus sorrah,Deceased,Carcharhiniformes,radicalbay,-19.108173333333333,146.87670666666668
2025-03-01,Mackay,Bucasia Beach,TAWNY SHARK,Nebrius ferrugineus,Released Alive,Orectolobiformes,bucasiabeach,-21.0204,149.16325277777779
2025-03-01,Mackay,Eimeo Beach,CREEK WHALER,Carcharhinus fitzroyensis,Deceased,Carcharhiniformes,eimeobeach,-21.030911111111113,149.18116666666666
2025-03-01,Mackay,Eimeo Beach,TIGER SHARK,Galeocerdo cuvier,Released Alive,Carcharhiniformes,eimeobeach,-21.030911111111113,149.18116666666666
2025-03-01,Townsville,Horseshoe Bay,SPOT-TAIL WHALER,Carcharhinus sorrah,Deceased,Carcharhiniformes,horseshoebay,-19.11187361111111,146.85320555555555
2025-03-01,Townsville,Radical Bay,COMMON BLACKTIP WHALER,Carcharhinus limbatus,Deceased,Carcharhiniformes,radicalbay,-19.108173333333333,146.87670666666668
2025-03-01,Townsville,Radical Bay,SPOT-TAIL WHALER,Carcharhinus sorrah,Deceased,Carcharhiniformes,radicalbay,-19.108173333333333,146.87670666666668
2025-03-02,Mackay,Blacks Beach,BULL WHALER,Carcharhinus leucas,Deceased,Carcharhiniformes,blacksbeach,-21.045294444444444,149.19208333333333
2025-03-02,Mackay,Blacks Beach,TIGER SHARK,Galeocerdo cuvier,Released Alive,Carcharhiniformes,blacksbeach,-21.045294444444444,149.19208333333333
2025-03-04,Mackay,Bucasia Beach,CREEK WHALER,Carcharhinus fitzroyensis,Deceased,Carcharhiniformes,bucasiabeach,-21.0204,149.16325277777779
2025-03-04,Capricorn Coast,Kemp Beach,TIGER SHARK,Galeocerdo cuvier,Released Alive,Carcharhiniformes,kempbeach,-23.1712,150.79471944444444
2025-03-04,Capricorn Coast,Lammermoor Beach,BULL WHALER,Carcharhinus leucas,Deceased,Carcharhiniformes,lammermoorbeach,-23.155048484848486,150.77348333333333
2025-03-04,Capricorn Coast,Mullambin Beach,BULL WHALER,Carcharhinus leucas,Deceased,Carcharhiniformes,mullambinbeach,-23.18919,150.79873
2025-03-04,Capricorn Coast,Tanby Point,PIGEYE WHALER,Carcharhinus amboinensis,Deceased,Carcharhiniformes,tanbypoint,-23.22792666666667,150.82419666666667
2025-03-05,Cairns,Buchans,SHARPTOOTH SHARK,Negaprion acutidens,Deceased,Carcharhiniformes,buchans,-16.725916666666667,145.66339166666666
2025-03-05,Cairns,Buchans,SPOT-TAIL WHALER,Carcharhinus sorrah,Deceased,Carcharhiniformes,buchans,-16.725916666666667,145.66339166666666
2025-03-05,Capricorn Coast,Farnborough Beach,PIGEYE WHALER,Carcharhinus amboinensis,Deceased,Carcharhiniformes,farnboroughbeach,-23.116036666666666,150.75383666666667
2025-03-05,Townsville,Horseshoe Bay,COMMON BLACKTIP WHALER,Carcharhinus limbatus,Deceased,Carcharhiniformes,horseshoebay,-19.11187361111111,146.85320555555555
2025-03-05,Townsville,Horseshoe Bay,SPOT-TAIL WHALER,Carcharhinus sorrah,Deceased,Carcharhiniformes,horseshoebay,-19.11187361111111,146.85320555555555
2025-03-05,Townsville,Horseshoe Bay,TIGER SHARK,Galeocerdo cuvier,Deceased,Carcharhiniformes,horseshoebay,-19.11187361111111,146.85320555555555
2025-03-05,Capricorn Coast,Lammermoor Beach,PIGEYE WHALER,Carcharhinus amboinensis,Deceased,Carcharhiniformes,lammermoorbeach,-23.155048484848486,150.77348333333333
2025-03-05,Capricorn Coast,Mullambin Beach,SANDBAR WHALER,Carcharhinus plumbeus,Deceased,Carcharhiniformes,mullambinbeach,-23.18919,150.79873
2025-03-05,Townsville,Palarenda Beach,SPOT-TAIL WHALER,Carcharhinus sorrah,Deceased,Carcharhiniformes,palarendabeach,-19.198694444444445,146.77763333333334
2025-03-05,Townsville,Radical Bay,PIGEYE WHALER,Carcharhinus amboinensis,Deceased,Carcharhiniformes,radicalbay,-19.108173333333333,146.87670666666668
2025-03-05,Capricorn Coast,Tanby Point,BULL WHALER,Carcharhinus leucas,Released Alive,Carcharhiniformes,tanbypoint,-23.22792666666667,150.82419666666667
2025-03-05,Gladstone,Tannum Sands,PIGEYE WHALER,Carcharhinus amboinensis,Deceased,Carcharhiniformes,tannumsands,-23.939119444444444,151.3756861111111
2025-03-06,Mackay,Bucasia Beach,TAWNY SHARK,Nebrius ferrugineus,Released Alive,Orectolobiformes,bucasiabeach,-21.0204,149.16325277777779
2025-03-06,Cairns,Ellis Beach,TAWNY SHARK,Nebrius ferrugineus,Released Alive,Orectolobiformes,ellisbeach,-16.72147142857143,145.65029761904762
2025-03-06,Mackay,Blacks Beach,GREAT HAMMERHEAD,Sphyrna mokarran,Released Alive,Carcharhiniformes,blacksbeach,-21.045294444444444,149.19208333333333
2025-03-06,Mackay,Blacks Beach,LONG NOSE WHALER,Carcharhinus brevipinna,Deceased,Carcharhiniformes,blacksbeach,-21.045294444444444,149.19208333333333
2025-03-06,Capricorn Coast,Cooee Bay,PIGEYE WHALER,Carcharhinus amboinensis,Released Alive,Carcharhiniformes,cooeebay,-23.139136666666666,150.76271333333335
2025-03-06,Mackay,Eimeo Beach,CREEK WHALER,Carcharhinus fitzroyensis,Deceased,Carcharhiniformes,eimeobeach,-21.030911111111113,149.18116666666666
2025-03-06,Capricorn Coast,Farnborough Beach,BULL WHALER,Carcharhinus leucas,Released Alive,Carcharhiniformes,farnboroughbeach,-23.116036666666666,150.75383666666667
2025-03-06,Capricorn Coast,Farnborough Beach,PIGEYE WHALER,Carcharhinus amboinensis,Deceased,Carcharhiniformes,farnboroughbeach,-23.116036666666666,150.75383666666667
2025-03-06,Capricorn Coast,Kemp Beach,TIGER SHARK,Galeocerdo cuvier,Released Alive,Carcharhiniformes,kempbeach,-23.1712,150.79471944444444
2025-03-06,Townsville,Nelly Bay,BLACKTIP REEF WHALER,Carcharhinus melanopterus,Deceased,Carcharhiniformes,nellybay,-19.17364523809524,146.85039523809525
2025-03-06,Capricorn Coast,Yeppoon Beach,PIGEYE WHALER,Carcharhinus amboinensis,Deceased,Carcharhiniformes,yeppoonbeach,-23.128226666666666,150.75462666666667
2025-03-07,Cairns,Palm Cove,SPOT-TAIL WHALER,Carcharhinus sorrah,Released Alive,Carcharhiniformes,palmcove,-16.744905555555555,145.6754
2025-03-07,Mackay,Eimeo Beach,CREEK WHALER,Carcharhinus fitzroyensis,Deceased,Carcharhiniformes,eimeobeach,-21.030911111111113,149.18116666666666
2025-03-07,Townsville,Horseshoe Bay,SPOT-TAIL WHALER,Carcharhinus sorrah,Deceased,Carcharhiniformes,horseshoebay,-19.11187361111111,146.85320555555555
2025-03-07,Capricorn Coast,Lammermoor Beach,BULL WHALER,Carcharhinus leucas,Released Alive,Carcharhiniformes,lammermoorbeach,-23.155048484848486,150.77348333333333
2025-03-07,Townsville,Palarenda Beach,SPOT-TAIL WHALER,Carcharhinus sorrah,Deceased,Carcharhiniformes,palarendabeach,-19.198694444444445,146.77763333333334
2025-03-07,Capricorn Coast,Tanby Point,PIGEYE WHALER,Carcharhinus amboinensis,Deceased,Carcharhiniformes,tanbypoint,-23.22792666666667,150.82419666666667
2025-03-08,Mackay,Blacks Beach,CREEK WHALER,Carcharhinus fitzroyensis,Deceased,Carcharhiniformes,blacksbeach,-21.045294444444444,149.19208333333333
2025-03-08,Mackay,Bucasia Beach,SPOT-TAIL WHALER,Carcharhinus sorrah,Deceased,Carcharhiniformes,bucasiabeach,-21.0204,149.16325277777779
2025-03-08,Mackay,Eimeo Beach,SPOT-TAIL WHALER,Carcharhinus sorrah,Deceased,Carcharhiniformes,eimeobeach,-21.030911111111113,149.18116666666666
2025-03-08,Cairns,Ellis Beach,SPOT-TAIL WHALER,Carcharhinus sorrah,Deceased,Carcharhiniformes,ellisbeach,-16.72147142857143,145.65029761904762
2025-03-08,Cairns,Ellis Beach,TAWNY SHARK,Nebrius ferrugineus,Released Alive,Orectolobiformes,ellisbeach,-16.72147142857143,145.65029761904762
2025-03-08,Capricorn Coast,Farnborough Beach,PIGEYE WHALER,Carcharhinus amboinensis,Deceased,Carcharhiniformes,farnboroughbeach,-23.116036666666666,150.75383666666667
2025-03-08,Townsville,Nelly Bay,TAWNY SHARK,Nebrius ferrugineus,Released Alive,Orectolobiformes,nellybay,-19.17364523809524,146.85039523809525
2025-03-08,Townsville,Radical Bay,TIGER SHARK,Galeocerdo cuvier,Deceased,Carcharhiniformes,radicalbay,-19.108173333333333,146.87670666666668
2025-03-08,Cairns,Trinity,SPOT-TAIL WHALER,Carcharhinus sorrah,Deceased,Carcharhiniformes,trinity,-16.777091666666667,145.7011611111111
2025-03-09,Capricorn Coast,Yeppoon Beach,BULL WHALER,Carcharhinus leucas,Released Alive,Carcharhiniformes,yeppoonbeach,-23.128226666666666,150.75462666666667
2025-03-10,Mackay,Eimeo Beach,TAWNY SHARK,Nebrius ferrugineus,Released Alive,Orectolobiformes,eimeobeach,-21.030911111111113,149.18116666666666
2025-03-10,Mackay,Eimeo Beach,TAWNY SHARK,Nebrius ferrugineus,Released Alive,Orectolobiformes,eimeobeach,-21.030911111111113,149.18116666666666
2025-03-10,Capricorn Coast,Lammermoor Beach,PIGEYE WHALER,Carcharhinus amboinensis,Deceased,Carcharhiniformes,lammermoorbeach,-23.155048484848486,150.77348333333333
2025-03-11,Mackay,Blacks Beach,CREEK WHALER,Carcharhinus fitzroyensis,Deceased,Carcharhiniformes,blacksbeach,-21.045294444444444,149.19208333333333
2025-03-11,Capricorn Coast,Fishermans Beach,TIGER SHARK,Galeocerdo cuvier,Deceased,Carcharhiniformes,fishermansbeach,-23.243136666666665,150.82846999999998
2025-03-11,Capricorn Coast,Tanby Point,PIGEYE WHALER,Carcharhinus amboinensis,Deceased,Carcharhiniformes,tanbypoint,-23.22792666666667,150.82419666666667
2025-03-11,Gladstone,Tannum Sands,BULL WHALER,Carcharhinus leucas,Deceased,Carcharhiniformes,tannumsands,-23.939119444444444,151.3756861111111
2025-03-12,Mackay,Bucasia Beach,LONG NOSE WHALER,Carcharhinus brevipinna,Deceased,Carcharhiniformes,bucasiabeach,-21.0204,149.16325277777779
2025-03-12,Mackay,Bucasia Beach,LONG NOSE WHALER,Carcharhinus brevipinna,Deceased,Carcharhiniformes,bucasiabeach,-21.0204,149.16325277777779
2025-03-12,Cairns,Ellis Beach,TAWNY SHARK,Nebrius ferrugineus,Released Alive,Orectolobiformes,ellisbeach,-16.72147142857143,145.65029761904762
2025-03-12,Capricorn Coast,Emu Park,PIGEYE WHALER,Carcharhinus amboinensis,Deceased,Carcharhiniformes,emupark,-23.262438095238092,150.8322357142857
2025-03-12,Capricorn Coast,Fishermans Beach,PIGEYE WHALER,Carcharhinus amboinensis,Deceased,Carcharhiniformes,fishermansbeach,-23.243136666666665,150.82846999999998
2025-03-12,Townsville,Horseshoe Bay,BULL WHALER,Carcharhinus leucas,Deceased,Carcharhiniformes,horseshoebay,-19.11187361111111,146.85320555555555
2025-03-13,Mackay,Bucasia Beach,LONG NOSE WHALER,Carcharhinus brevipinna,Deceased,Carcharhiniformes,bucasiabeach,-21.0204,149.16325277777779
2025-03-13,Cairns,Ellis Beach,PIGEYE WHALER,Carcharhinus amboinensis,Released Alive,Carcharhiniformes,ellisbeach,-16.72147142857143,145.65029761904762
2025-03-13,Mackay,Eimeo Beach,TAWNY SHARK,Nebrius ferrugineus,Released Alive,Orectolobiformes,eimeobeach,-21.030911111111113,149.18116666666666
2025-03-13,Capricorn Coast,Fishermans Beach,PIGEYE WHALER,Carcharhinus amboinensis,Released Alive,Carcharhiniformes,fishermansbeach,-23.243136666666665,150.82846999999998
2025-03-13,Cairns,Clifton,SPOT-TAIL WHALER,Carcharhinus sorrah,Deceased,Carcharhiniformes,clifton,-16.759525,145.68219583333334
2025-03-13,Capricorn Coast,Emu Park,BULL WHALER,Carcharhinus leucas,Deceased,Carcharhiniformes,emupark,-23.262438095238092,150.8322357142857
2025-03-13,Capricorn Coast,Emu Park,PIGEYE WHALER,Carcharhinus amboinensis,Deceased,Carcharhiniformes,emupark,-23.262438095238092,150.8322357142857
2025-03-13,Capricorn Coast,Farnborough Beach,PIGEYE WHALER,Carcharhinus amboinensis,Deceased,Carcharhiniformes,farnboroughbeach,-23.116036666666666,150.75383666666667
2025-03-13,Townsville,Horseshoe Bay,BLACKTIP REEF WHALER,Carcharhinus melanopterus,Deceased,Carcharhiniformes,horseshoebay,-19.11187361111111,146.85320555555555
2025-03-13,Townsville,Horseshoe Bay,BLACKTIP REEF WHALER,Carcharhinus melanopterus,Deceased,Carcharhiniformes,horseshoebay,-19.11187361111111,146.85320555555555
2025-03-13,Townsville,Horseshoe Bay,TAWNY SHARK,Nebrius ferrugineus,Released Alive,Orectolobiformes,horseshoebay,-19.11187361111111,146.85320555555555
2025-03-13,Capricorn Coast,Kemp Beach,PIGEYE WHALER,Carcharhinus amboinensis,Deceased,Carcharhiniformes,kempbeach,-23.1712,150.79471944444444
2025-03-13,Capricorn Coast,Mullambin Beach,PIGEYE WHALER,Carcharhinus amboinensis,Deceased,Carcharhiniformes,mullambinbeach,-23.18919,150.79873
2025-03-14,Mackay,Bucasia Beach,CREEK WHALER,Carcharhinus fitzroyensis,Deceased,Carcharhiniformes,bucasiabeach,-21.0204,149.16325277777779
2025-03-14,Mackay,Bucasia Beach,LONG NOSE WHALER,Carcharhinus brevipinna,Deceased,Carcharhiniformes,bucasiabeach,-21.0204,149.16325277777779
2025-03-14,Townsville,Nelly Bay,PIGEYE WHALER,Carcharhinus amboinensis,Deceased,Carcharhiniformes,nellybay,-19.17364523809524,146.85039523809525
2025-03-14,Townsville,Picnic Bay,TAWNY SHARK,Nebrius ferrugineus,Released Alive,Orectolobiformes,picnicbay,-19.182850000000002,146.84146666666666
2025-03-14,Cairns,Trinity,SPOT-TAIL WHALER,Carcharhinus sorrah,Deceased,Carcharhiniformes,trinity,-16.777091666666667,145.7011611111111
2025-03-15,Townsville,Alma Bay,BLACKTIP REEF WHALER,Carcharhinus melanopterus,Deceased,Carcharhiniformes,almabay,-19.149697222222223,146.87386944444447
2025-03-15,Mackay,Blacks Beach,LONG NOSE WHALER,Carcharhinus brevipinna,Deceased,Carcharhiniformes,blacksbeach,-21.045294444444444,149.19208333333333
2025-03-15,Mackay,Blacks Beach,LONG NOSE WHALER,Carcharhinus brevipinna,Deceased,Carcharhiniformes,blacksbeach,-21.045294444444444,149.19208333333333
2025-03-15,Mackay,Eimeo Beach,LONG NOSE WHALER,Carcharhinus brevipinna,Deceased,Carcharhiniformes,eimeobeach,-21.030911111111113,149.18116666666666
2025-03-15,Cairns,Ellis Beach,TIGER SHARK,Galeocerdo cuvier,Deceased,Carcharhiniformes,ellisbeach,-16.72147142857143,145.65029761904762
2025-03-15,Townsville,Florence Bay,PIGEYE WHALER,Carcharhinus amboinensis,Deceased,Carcharhiniformes,florencebay,-19.123693333333332,146.88541
2025-03-15,Townsville,Nelly Bay,TAWNY SHARK,Nebrius ferrugineus,Released Alive,Orectolobiformes,nellybay,-19.17364523809524,146.85039523809525
2025-03-15,Townsville,Palarenda Beach,COMMON BLACKTIP WHALER,Carcharhinus limbatus,Deceased,Carcharhiniformes,palarendabeach,-19.198694444444445,146.77763333333334
2025-03-15,Townsville,Radical Bay,COMMON BLACKTIP WHALER,Carcharhinus limbatus,Deceased,Carcharhiniformes,radicalbay,-19.108173333333333,146.87670666666668
2025-03-15,Townsville,Radical Bay,PIGEYE WHALER,Carcharhinus amboinensis,Deceased,Carcharhiniformes,radicalbay,-19.108173333333333,146.87670666666668
2025-03-15,Townsville,Radical Bay,TIGER SHARK,Galeocerdo cuvier,Released Alive,Carcharhiniformes,radicalbay,-19.108173333333333,146.87670666666668
2025-03-16,Gladstone,Tannum Sands,PIGEYE WHALER,Carcharhinus amboinensis,Deceased,Carcharhiniformes,tannumsands,-23.939119444444444,151.3756861111111
2025-03-17,Mackay,Blacks Beach,TAWNY SHARK,Nebrius ferrugineus,Released Alive,Orectolobiformes,blacksbeach,-21.045294444444444,149.19208333333333
2025-03-17,Mackay,Eimeo Beach,TIGER SHARK,Galeocerdo cuvier,Released Alive,Carcharhiniformes,eimeobeach,-21.030911111111113,149.18116666666666
2025-03-17,Capricorn Coast,Lammermoor Beach,TIGER SHARK,Galeocerdo cuvier,Released Alive,Carcharhiniformes,lammermoorbeach,-23.155048484848486,150.77348333333333
2025-03-17,Capricorn Coast,Mullambin Beach,TIGER SHARK,Galeocerdo cuvier,Released Alive,Carcharhiniformes,mullambinbeach,-23.18919,150.79873
2025-03-17,Capricorn Coast,Tanby Point,BULL WHALER,Carcharhinus leucas,Deceased,Carcharhiniformes,tanbypoint,-23.22792666666667,150.82419666666667
2025-03-18,Mackay,Blacks Beach,SPOT-TAIL WHALER,Carcharhinus sorrah,Deceased,Carcharhiniformes,blacksbeach,-21.045294444444444,149.19208333333333
2025-03-18,Gladstone,Tannum Sands,PIGEYE WHALER,Carcharhinus amboinensis,Deceased,Carcharhiniformes,tannumsands,-23.939119444444444,151.3756861111111
2025-03-19,Townsville,Alma Bay,COMMON BLACKTIP WHALER,Carcharhinus limbatus,Deceased,Carcharhiniformes,almabay,-19.149697222222223,146.87386944444447
2025-03-19,Mackay,Bucasia Beach,TIGER SHARK,Galeocerdo cuvier,Released Alive,Carcharhiniformes,bucasiabeach,-21.0204,149.16325277777779
2025-03-19,Mackay,Eimeo Beach,SHARPTOOTH SHARK,Negaprion acutidens,Deceased,Carcharhiniformes,eimeobeach,-21.030911111111113,149.18116666666666
2025-03-19,Townsville,Radical Bay,PIGEYE WHALER,Carcharhinus amboinensis,Deceased,Carcharhiniformes,radicalbay,-19.108173333333333,146.87670666666668
2025-03-20,Cairns,Buchans,PIGEYE WHALER,Carcharhinus amboinensis,Deceased,Carcharhiniformes,buchans,-16.725916666666667,145.66339166666666
2025-03-20,Capricorn Coast,Mullambin Beach,PIGEYE WHALER,Carcharhinus amboinensis,Deceased,Carcharhiniformes,mullambinbeach,-23.18919,150.79873
2025-03-20,Cairns,Clifton,LONG NOSE WHALER,Carcharhinus brevipinna,Deceased,Carcharhiniformes,clifton,-16.759525,145.68219583333334
2025-03-20,Mackay,Eimeo Beach,LONG NOSE WHALER,Carcharhinus brevipinna,Deceased,Carcharhiniformes,eimeobeach,-21.030911111111113,149.18116666666666
2025-03-20,Townsville,Nelly Bay,COMMON BLACKTIP WHALER,Carcharhinus limbatus,Deceased,Carcharhiniformes,nellybay,-19.17364523809524,146.85039523809525
2025-03-20,Townsville,Nelly Bay,PIGEYE WHALER,Carcharhinus amboinensis,Deceased,Carcharhiniformes,nellybay,-19.17364523809524,146.85039523809525
2025-03-20,Townsville,Picnic Bay,BLACKTIP REEF WHALER,Carcharhinus melanopterus,Deceased,Carcharhiniformes,picnicbay,-19.182850000000002,146.84146666666666
2025-03-21,Townsville,Alma Bay,BLACKTIP REEF WHALER,Carcharhinus melanopterus,Deceased,Carcharhiniformes,almabay,-19.149697222222223,146.87386944444447
2025-03-21,Townsville,Alma Bay,TIGER SHARK,Galeocerdo cuvier,Released Alive,Carcharhiniformes,almabay,-19.149697222222223,146.87386944444447
2025-03-21,Mackay,Blacks Beach,SPOT-TAIL WHALER,Carcharhinus sorrah,Deceased,Carcharhiniformes,blacksbeach,-21.045294444444444,149.19208333333333
2025-03-21,Mackay,Eimeo Beach,CREEK WHALER,Carcharhinus fitzroyensis,Deceased,Carcharhiniformes,eimeobeach,-21.030911111111113,149.18116666666666
2025-03-21,Capricorn Coast,Emu Park,BULL WHALER,Carcharhinus leucas,Released Alive,Carcharhiniformes,emupark,-23.262438095238092,150.8322357142857
2025-03-21,Capricorn Coast,Farnborough Beach,PIGEYE WHALER,Carcharhinus amboinensis,Deceased,Carcharhiniformes,farnboroughbeach,-23.116036666666666,150.75383666666667
2025-03-21,Capricorn Coast,Fishermans Beach,PIGEYE WHALER,Carcharhinus amboinensis,Deceased,Carcharhiniformes,fishermansbeach,-23.243136666666665,150.82846999999998
2025-03-21,Townsville,Horseshoe Bay,TIGER SHARK,Galeocerdo cuvier,Euthanised,Carcharhiniformes,horseshoebay,-19.11187361111111,146.85320555555555
2025-03-21,Capricorn Coast,Kemp Beach,PIGEYE WHALER,Carcharhinus amboinensis,Deceased,Carcharhiniformes,kempbeach,-23.1712,150.79471944444444
2025-03-22,Capricorn Coast,Tanby Point,PIGEYE WHALER,Carcharhinus amboinensis,Released Alive,Carcharhiniformes,tanbypoint,-23.22792666666667,150.82419666666667
2025-03-22,Mackay,Eimeo Beach,CREEK WHALER,Carcharhinus fitzroyensis,Deceased,Carcharhiniformes,eimeobeach,-21.030911111111113,149.18116666666666
2025-03-22,Gladstone,Tannum Sands,PIGEYE WHALER,Carcharhinus amboinensis,Deceased,Carcharhiniformes,tannumsands,-23.939119444444444,151.3756861111111
2025-03-23,Capricorn Coast,Fishermans Beach,PIGEYE WHALER,Carcharhinus amboinensis,Released Alive,Carcharhiniformes,fishermansbeach,-23.243136666666665,150.82846999999998
2025-03-23,Capricorn Coast,Emu Park,PIGEYE WHALER,Carcharhinus amboinensis,Deceased,Carcharhiniformes,emupark,-23.262438095238092,150.8322357142857
2025-03-23,Capricorn Coast,Fishermans Beach,PIGEYE WHALER,Carcharhinus amboinensis,Deceased,Carcharhiniformes,fishermansbeach,-23.243136666666665,150.82846999999998
2025-03-24,Mackay,Blacks Beach,BULL WHALER,Carcharhinus leucas,Released Alive,Carcharhiniformes,blacksbeach,-21.045294444444444,149.19208333333333
2025-03-24,Mackay,Blacks Beach,SPOT-TAIL WHALER,Carcharhinus sorrah,Deceased,Carcharhiniformes,blacksbeach,-21.045294444444444,149.19208333333333
2025-03-24,Mackay,Bucasia Beach,GREAT HAMMERHEAD,Sphyrna mokarran,Deceased,Carcharhiniformes,bucasiabeach,-21.0204,149.16325277777779
2025-03-24,Capricorn Coast,Emu Park,PIGEYE WHALER,Carcharhinus amboinensis,Deceased,Carcharhiniformes,emupark,-23.262438095238092,150.8322357142857
2025-03-24,Capricorn Coast,Emu Park,TIGER SHARK,Galeocerdo cuvier,Released Alive,Carcharhiniformes,emupark,-23.262438095238092,150.8322357142857
2025-03-24,Capricorn Coast,Fishermans Beach,PIGEYE WHALER,Carcharhinus amboinensis,Deceased,Carcharhiniformes,fishermansbeach,-23.243136666666665,150.82846999999998
2025-03-25,Capricorn Coast,Cooee Bay,BULL WHALER,Carcharhinus leucas,Deceased,Carcharhiniformes,cooeebay,-23.139136666666666,150.76271333333335
2025-03-25,Capricorn Coast,Cooee Bay,PIGEYE WHALER,Carcharhinus amboinensis,Deceased,Carcharhiniformes,cooeebay,-23.139136666666666,150.76271333333335
2025-03-25,Mackay,Eimeo Beach,TIGER SHARK,Galeocerdo cuvier,Deceased,Carcharhiniformes,eimeobeach,-21.030911111111113,149.18116666666666
2025-03-25,Townsville,Horseshoe Bay,PIGEYE WHALER,Carcharhinus amboinensis,Deceased,Carcharhiniformes,horseshoebay,-19.11187361111111,146.85320555555555
2025-03-25,Gladstone,Tannum Sands,SPOT-TAIL WHALER,Carcharhinus sorrah,Deceased,Carcharhiniformes,tannumsands,-23.939119444444444,151.3756861111111
2025-03-26,Mackay,Eimeo Beach,SPOT-TAIL WHALER,Carcharhinus sorrah,Deceased,Carcharhiniformes,eimeobeach,-21.030911111111113,149.18116666666666
2025-03-26,Mackay,Eimeo Beach,WINGHEAD SHARK,Eusphyra blochii,Deceased,Carcharhiniformes,eimeobeach,-21.030911111111113,149.18116666666666
2025-03-26,Cairns,Ellis Beach,SPOT-TAIL WHALER,Carcharhinus sorrah,Deceased,Carcharhiniformes,ellisbeach,-16.72147142857143,145.65029761904762
2025-03-26,Cairns,Ellis Beach,TIGER SHARK,Galeocerdo cuvier,Released Alive,Carcharhiniformes,ellisbeach,-16.72147142857143,145.65029761904762
2025-03-26,Townsville,Florence Bay,PIGEYE WHALER,Carcharhinus amboinensis,Deceased,Carcharhiniformes,florencebay,-19.123693333333332,146.88541
2025-03-26,Townsville,Florence Bay,PIGEYE WHALER,Carcharhinus amboinensis,Deceased,Carcharhiniformes,florencebay,-19.123693333333332,146.88541
2025-03-26,Townsville,Horseshoe Bay,PIGEYE WHALER,Carcharhinus amboinensis,Deceased,Carcharhiniformes,horseshoebay,-19.11187361111111,146.85320555555555
2025-03-26,Townsville,Horseshoe Bay,SHARPTOOTH SHARK,Negaprion acutidens,Released Alive,Carcharhiniformes,horseshoebay,-19.11187361111111,146.85320555555555
2025-03-26,Townsville,Nelly Bay,TIGER SHARK,Galeocerdo cuvier,Released Alive,Carcharhiniformes,nellybay,-19.17364523809524,146.85039523809525
2025-03-26,Townsville,Picnic Bay,BLACKTIP REEF WHALER,Carcharhinus melanopterus,Deceased,Carcharhiniformes,picnicbay,-19.182850000000002,146.84146666666666
2025-03-27,Mackay,Blacks Beach,SPOT-TAIL WHALER,Carcharhinus sorrah,Deceased,Carcharhiniformes,blacksbeach,-21.045294444444444,149.19208333333333
2025-03-27,Mackay,Eimeo Beach,SHARPTOOTH SHARK,Negaprion acutidens,Released Alive,Carcharhiniformes,eimeobeach,-21.030911111111113,149.18116666666666
2025-03-27,Townsville,Nelly Bay,TAWNY SHARK,Nebrius ferrugineus,Released Alive,Orectolobiformes,nellybay,-19.17364523809524,146.85039523809525
2025-03-28,Townsville,Alma Bay,SPOT-TAIL WHALER,Carcharhinus sorrah,Deceased,Carcharhiniformes,almabay,-19.149697222222223,146.87386944444447
2025-03-28,Townsville,Alma Bay,TIGER SHARK,Galeocerdo cuvier,Released Alive,Carcharhiniformes,almabay,-19.149697222222223,146.87386944444447
2025-03-28,Mackay,Bucasia Beach,CREEK WHALER,Carcharhinus fitzroyensis,Deceased,Carcharhiniformes,bucasiabeach,-21.0204,149.16325277777779
2025-03-28,Mackay,Bucasia Beach,CREEK WHALER,Carcharhinus fitzroyensis,Released Alive,Carcharhiniformes,bucasiabeach,-21.0204,149.16325277777779
2025-03-28,Mackay,Eimeo Beach,LONG NOSE WHALER,Carcharhinus brevipinna,Released Alive,Carcharhiniformes,eimeobeach,-21.030911111111113,149.18116666666666
2025-03-28,Mackay,Eimeo Beach,LONG NOSE WHALER,Carcharhinus brevipinna,Deceased,Carcharhiniformes,eimeobeach,-21.030911111111113,149.18116666666666
2025-03-28,Mackay,Blacks Beach,LONG NOSE WHALER,Carcharhinus brevipinna,Released Alive,Carcharhiniformes,blacksbeach,-21.045294444444444,149.19208333333333
2025-03-28,Cairns,Clifton,TAWNY SHARK,Nebrius ferrugineus,Released Alive,Orectolobiformes,clifton,-16.759525,145.68219583333334
2025-03-28,Townsville,Horseshoe Bay,GREAT HAMMERHEAD,Sphyrna mokarran,Deceased,Carcharhiniformes,horseshoebay,-19.11187361111111,146.85320555555555
2025-03-28,Townsville,Horseshoe Bay,TAWNY SHARK,Nebrius ferrugineus,Released Alive,Orectolobiformes,horseshoebay,-19.11187361111111,146.85320555555555
2025-03-29,Townsville,Alma Bay,BLACKTIP REEF WHALER,Carcharhinus melanopterus,Deceased,Carcharhiniformes,almabay,-19.149697222222223,146.87386944444447
2025-03-29,Mackay,Bucasia Beach,LONG NOSE WHALER,Carcharhinus brevipinna,Released Alive,Carcharhiniformes,bucasiabeach,-21.0204,149.16325277777779
2025-03-29,Cairns,Ellis Beach,TIGER SHARK,Galeocerdo cuvier,Deceased,Carcharhiniformes,ellisbeach,-16.72147142857143,145.65029761904762
2025-03-29,Capricorn Coast,Emu Park,BULL WHALER,Carcharhinus leucas,Deceased,Carcharhiniformes,emupark,-23.262438095238092,150.8322357142857
2025-03-29,Townsville,Horseshoe Bay,BULL WHALER,Carcharhinus leucas,Deceased,Carcharhiniformes,horseshoebay,-19.11187361111111,146.85320555555555
2025-03-29,Townsville,Horseshoe Bay,PIGEYE WHALER,Carcharhinus amboinensis,Deceased,Carcharhiniformes,horseshoebay,-19.11187361111111,146.85320555555555
2025-03-29,Townsville,Radical Bay,TIGER SHARK,Galeocerdo cuvier,Deceased,Carcharhiniformes,radicalbay,-19.108173333333333,146.87670666666668
2025-03-29,Gladstone,Tannum Sands,PIGEYE WHALER,Carcharhinus amboinensis,Deceased,Carcharhiniformes,tannumsands,-23.939119444444444,151.3756861111111
2025-03-29,Cairns,Trinity,TIGER SHARK,Galeocerdo cuvier,Deceased,Carcharhiniformes,trinity,-16.777091666666667,145.7011611111111
2025-03-30,Capricorn Coast,Cooee Bay,PIGEYE WHALER,Carcharhinus amboinensis,Deceased,Carcharhiniformes,cooeebay,-23.139136666666666,150.76271333333335
2025-03-30,Capricorn Coast,Farnborough Beach,BULL WHALER,Carcharhinus leucas,Released Alive,Carcharhiniformes,farnboroughbeach,-23.116036666666666,150.75383666666667
2025-03-31,Capricorn Coast,Emu Park,TIGER SHARK,Galeocerdo cuvier,Released Alive,Carcharhiniformes,emupark,-23.262438095238092,150.8322357142857
2025-04-01,Mackay,Bucasia Beach,LONG NOSE WHALER,Carcharhinus brevipinna,Deceased,Carcharhiniformes,bucasiabeach,-21.0204,149.16325277777779
2025-04-01,Cairns,Ellis Beach,GREAT HAMMERHEAD,Sphyrna mokarran,Released Alive,Carcharhiniformes,ellisbeach,-16.72147142857143,145.65029761904762
2025-04-01,Cairns,Palm Cove,TAWNY SHARK,Nebrius ferrugineus,Released Alive,Orectolobiformes,palmcove,-16.744905555555555,145.6754
2025-04-02,Mackay,Blacks Beach,LONG NOSE WHALER,Carcharhinus brevipinna,Deceased,Carcharhiniformes,blacksbeach,-21.045294444444444,149.19208333333333
2025-04-02,Mackay,Bucasia Beach,TAWNY SHARK,Nebrius ferrugineus,Released Alive,Orectolobiformes,bucasiabeach,-21.0204,149.16325277777779
2025-04-02,Cairns,Ellis Beach,SHARPTOOTH SHARK,Negaprion acutidens,Deceased,Carcharhiniformes,ellisbeach,-16.72147142857143,145.65029761904762
2025-04-02,Cairns,Ellis Beach,TIGER SHARK,Galeocerdo cuvier,Released Alive,Carcharhiniformes,ellisbeach,-16.72147142857143,145.65029761904762
2025-04-02,Mackay,Eimeo Beach,TIGER SHARK,Galeocerdo cuvier,Released Alive,Carcharhiniformes,eimeobeach,-21.030911111111113,149.18116666666666
2025-04-02,Capricorn Coast,Lammermoor Beach,PIGEYE WHALER,Carcharhinus amboinensis,Deceased,Carcharhiniformes,lammermoorbeach,-23.155048484848486,150.77348333333333
2025-04-02,Cairns,Palm Cove,TAWNY SHARK,Nebrius ferrugineus,Released Alive,Orectolobiformes,palmcove,-16.744905555555555,145.6754
2025-04-02,Townsville,Picnic Bay,TAWNY SHARK,Nebrius ferrugineus,Released Alive,Orectolobiformes,picnicbay,-19.182850000000002,146.84146666666666
2025-04-02,Cairns,Trinity,TIGER SHARK,Galeocerdo cuvier,Deceased,Carcharhiniformes,trinity,-16.777091666666667,145.7011611111111
2025-04-03,Townsville,Alma Bay,SPOT-TAIL WHALER,Carcharhinus sorrah,Deceased,Carcharhiniformes,almabay,-19.149697222222223,146.87386944444447
2025-04-03,Capricorn Coast,Mullambin Beach,TAWNY SHARK,Nebrius ferrugineus,Released Alive,Orectolobiformes,mullambinbeach,-23.18919,150.79873
2025-04-03,Capricorn Coast,Emu Park,PIGEYE WHALER,Carcharhinus amboinensis,Deceased,Carcharhiniformes,emupark,-23.262438095238092,150.8322357142857
2025-04-03,Capricorn Coast,Emu Park,PIGEYE WHALER,Carcharhinus amboinensis,Deceased,Carcharhiniformes,emupark,-23.262438095238092,150.8322357142857
2025-04-03,Gladstone,Tannum Sands,PIGEYE WHALER,Carcharhinus amboinensis,Deceased,Carcharhiniformes,tannumsands,-23.939119444444444,151.3756861111111
2025-04-03,Capricorn Coast,Yeppoon Beach,PIGEYE WHALER,Carcharhinus amboinensis,Deceased,Carcharhiniformes,yeppoonbeach,-23.128226666666666,150.75462666666667
2025-04-04,Mackay,Eimeo Beach,BULL WHALER,Carcharhinus leucas,Released Alive,Carcharhiniformes,eimeobeach,-21.030911111111113,149.18116666666666
2025-04-04,Townsville,Florence Bay,TIGER SHARK,Galeocerdo cuvier,Deceased,Carcharhiniformes,florencebay,-19.123693333333332,146.88541
2025-04-04,Capricorn Coast,Mullambin Beach,BULL WHALER,Carcharhinus leucas,Released Alive,Carcharhiniformes,mullambinbeach,-23.18919,150.79873
2025-04-04,Townsville,Radical Bay,TAWNY SHARK,Nebrius ferrugineus,Released Alive,Orectolobiformes,radicalbay,-19.108173333333333,146.87670666666668
2025-04-05,Townsville,Alma Bay,PIGEYE WHALER,Carcharhinus amboinensis,Deceased,Carcharhiniformes,almabay,-19.149697222222223,146.87386944444447
2025-04-05,Mackay,Bucasia Beach,SPOT-TAIL WHALER,Carcharhinus sorrah,Released Alive,Carcharhiniformes,bucasiabeach,-21.0204,149.16325277777779
2025-04-05,Cairns,Ellis Beach,SPOT-TAIL WHALER,Carcharhinus sorrah,Deceased,Carcharhiniformes,ellisbeach,-16.72147142857143,145.65029761904762
2025-04-05,Cairns,Clifton,TIGER SHARK,Galeocerdo cuvier,Released Alive,Carcharhiniformes,clifton,-16.759525,145.68219583333334
2025-04-05,Mackay,Eimeo Beach,TAWNY SHARK,Nebrius ferrugineus,Released Alive,Orectolobiformes,eimeobeach,-21.030911111111113,149.18116666666666
2025-04-05,Mackay,Eimeo Beach,TIGER SHARK,Galeocerdo cuvier,Released Alive,Carcharhiniformes,eimeobeach,-21.030911111111113,149.18116666666666
2025-04-05,Capricorn Coast,Farnborough Beach,PIGEYE WHALER,Carcharhinus amboinensis,Deceased,Carcharhiniformes,farnboroughbeach,-23.116036666666666,150.75383666666667
2025-04-05,Capricorn Coast,Kemp Beach,BULL WHALER,Carcharhinus leucas,Deceased,Carcharhiniformes,kempbeach,-23.1712,150.79471944444444
2025-04-05,Capricorn Coast,Tanby Point,TAWNY SHARK,Nebrius ferrugineus,Deceased,Orectolobiformes,tanbypoint,-23.22792666666667,150.82419666666667
2025-04-05,Gladstone,Tannum Sands,SPOT-TAIL WHALER,Carcharhinus sorrah,Deceased,Carcharhiniformes,tannumsands,-23.939119444444444,151.3756861111111
2025-04-06,Cairns,Buchans,COMMON BLACKTIP WHALER,Carcharhinus limbatus,Deceased,Carcharhiniformes,buchans,-16.725916666666667,145.66339166666666
2025-04-06,Cairns,Clifton,SPOT-TAIL WHALER,Carcharhinus sorrah,Deceased,Carcharhiniformes,clifton,-16.759525,145.68219583333334
2025-04-06,Capricorn Coast,Emu Park,PIGEYE WHALER,Carcharhinus amboinensis,Deceased,Carcharhiniformes,emupark,-23.262438095238092,150.8322357142857
2025-04-07,Capricorn Coast,Fishermans Beach,PIGEYE WHALER,Carcharhinus amboinensis,Released Alive,Carcharhiniformes,fishermansbeach,-23.243136666666665,150.82846999999998
2025-04-08,Mackay,Eimeo Beach,SPOT-TAIL WHALER,Carcharhinus sorrah,Released Alive,Carcharhiniformes,eimeobeach,-21.030911111111113,149.18116666666666
2025-04-08,Mackay,Eimeo Beach,SPOT-TAIL WHALER,Carcharhinus sorrah,Released Alive,Carcharhiniformes,eimeobeach,-21.030911111111113,149.18116666666666
2025-04-08,Capricorn Coast,Emu Park,BULL WHALER,Carcharhinus leucas,Released Alive,Carcharhiniformes,emupark,-23.262438095238092,150.8322357142857
2025-04-09,Mackay,Bucasia Beach,LONG NOSE WHALER,Carcharhinus brevipinna,Deceased,Carcharhiniformes,bucasiabeach,-21.0204,149.16325277777779
2025-04-09,Cairns,Palm Cove,SPOT-TAIL WHALER,Carcharhinus sorrah,Deceased,Carcharhiniformes,palmcove,-16.744905555555555,145.6754
2025-04-09,Mackay,Eimeo Beach,SPOT-TAIL WHALER,Carcharhinus sorrah,Deceased,Carcharhiniformes,eimeobeach,-21.030911111111113,149.18116666666666
2025-04-09,Townsville,Nelly Bay,BLACKTIP REEF WHALER,Carcharhinus melanopterus,Deceased,Carcharhiniformes,nellybay,-19.17364523809524,146.85039523809525
2025-04-09,Townsville,Palarenda Beach,COMMON BLACKTIP WHALER,Carcharhinus limbatus,Deceased,Carcharhiniformes,palarendabeach,-19.198694444444445,146.77763333333334
2025-04-09,Townsville,Picnic Bay,TAWNY SHARK,Nebrius ferrugineus,Released Alive,Orectolobiformes,picnicbay,-19.182850000000002,146.84146666666666
2025-04-10,Cairns,Ellis Beach,PIGEYE WHALER,Carcharhinus amboinensis,Released Alive,Carcharhiniformes,ellisbeach,-16.72147142857143,145.65029761904762
2025-04-10,Mackay,Eimeo Beach,TAWNY SHARK,Nebrius ferrugineus,Released Alive,Orectolobiformes,eimeobeach,-21.030911111111113,149.18116666666666
2025-04-10,Cairns,Palm Cove,TAWNY SHARK,Nebrius ferrugineus,Released Alive,Orectolobiformes,palmcove,-16.744905555555555,145.6754
2025-04-10,Mackay,Blacks Beach,CREEK WHALER,Carcharhinus fitzroyensis,Released Alive,Carcharhiniformes,blacksbeach,-21.045294444444444,149.19208333333333
2025-04-10,Mackay,Eimeo Beach,LONG NOSE WHALER,Carcharhinus brevipinna,Deceased,Carcharhiniformes,eimeobeach,-21.030911111111113,149.18116666666666
2025-04-10,Mackay,Eimeo Beach,TIGER SHARK,Galeocerdo cuvier,Released Alive,Carcharhiniformes,eimeobeach,-21.030911111111113,149.18116666666666
2025-04-10,Townsville,Horseshoe Bay,GREAT HAMMERHEAD,Sphyrna mokarran,Deceased,Carcharhiniformes,horseshoebay,-19.11187361111111,146.85320555555555
2025-04-10,Townsville,Horseshoe Bay,PIGEYE WHALER,Carcharhinus amboinensis,Deceased,Carcharhiniformes,horseshoebay,-19.11187361111111,146.85320555555555
2025-04-10,Townsville,Horseshoe Bay,PIGEYE WHALER,Carcharhinus amboinensis,Deceased,Carcharhiniformes,horseshoebay,-19.11187361111111,146.85320555555555
2025-04-10,Townsville,Nelly Bay,SPOT-TAIL WHALER,Carcharhinus sorrah,Deceased,Carcharhiniformes,nellybay,-19.17364523809524,146.85039523809525
2025-04-10,Gladstone,Tannum Sands,TIGER SHARK,Galeocerdo cuvier,Deceased,Carcharhiniformes,tannumsands,-23.939119444444444,151.3756861111111
2025-04-11,Mackay,Bucasia Beach,LONG NOSE WHALER,Carcharhinus brevipinna,Deceased,Carcharhiniformes,bucasiabeach,-21.0204,149.16325277777779
2025-04-11,Mackay,Bucasia Beach,LONG NOSE WHALER,Carcharhinus brevipinna,Deceased,Carcharhiniformes,bucasiabeach,-21.0204,149.16325277777779
2025-04-11,Cairns,Palm Cove,SPOT-TAIL WHALER,Carcharhinus sorrah,Released Alive,Carcharhiniformes,palmcove,-16.744905555555555,145.6754
2025-04-11,Mackay,Blacks Beach,TIGER SHARK,Galeocerdo cuvier,Released Alive,Carcharhiniformes,blacksbeach,-21.045294444444444,149.19208333333333
2025-04-11,Mackay,Eimeo Beach,TAWNY SHARK,Nebrius ferrugineus,Released Alive,Orectolobiformes,eimeobeach,-21.030911111111113,149.18116666666666
2025-04-11,Mackay,Eimeo Beach,TIGER SHARK,Galeocerdo cuvier,Released Alive,Carcharhiniformes,eimeobeach,-21.030911111111113,149.18116666666666
2025-04-12,Mackay,Bucasia Beach,CREEK WHALER,Carcharhinus fitzroyensis,Deceased,Carcharhiniformes,bucasiabeach,-21.0204,149.16325277777779
2025-04-12,Mackay,Eimeo Beach,CREEK WHALER,Carcharhinus fitzroyensis,Deceased,Carcharhiniformes,eimeobeach,-21.030911111111113,149.18116666666666
2025-04-12,Mackay,Eimeo Beach,LONG NOSE WHALER,Carcharhinus brevipinna,Deceased,Carcharhiniformes,eimeobeach,-21.030911111111113,149.18116666666666
2025-04-12,Townsville,Horseshoe Bay,GREAT HAMMERHEAD,Sphyrna mokarran,Deceased,Carcharhiniformes,horseshoebay,-19.11187361111111,146.85320555555555
2025-04-12,Townsville,Horseshoe Bay,SPOT-TAIL WHALER,Carcharhinus sorrah,Deceased,Carcharhiniformes,horseshoebay,-19.11187361111111,146.85320555555555
2025-04-12,Townsville,Picnic Bay,PIGEYE WHALER,Carcharhinus amboinensis,Deceased,Carcharhiniformes,picnicbay,-19.182850000000002,146.84146666666666
2025-04-12,Townsville,Radical Bay,BULL WHALER,Carcharhinus leucas,Released Alive,Carcharhiniformes,radicalbay,-19.108173333333333,146.87670666666668
2025-04-13,Mackay,Blacks Beach,CREEK WHALER,Carcharhinus fitzroyensis,Deceased,Carcharhiniformes,blacksbeach,-21.045294444444444,149.19208333333333
2025-04-13,Mackay,Eimeo Beach,LONG NOSE WHALER,Carcharhinus brevipinna,Deceased,Carcharhiniformes,eimeobeach,-21.030911111111113,149.18116666666666
2025-04-13,Mackay,Blacks Beach,LONG NOSE WHALER,Carcharhinus brevipinna,Deceased,Carcharhiniformes,blacksbeach,-21.045294444444444,149.19208333333333
2025-04-13,Gladstone,Tannum Sands,PIGEYE WHALER,Carcharhinus amboinensis,Deceased,Carcharhiniformes,tannumsands,-23.939119444444444,151.3756861111111
2025-04-14,Mackay,Blacks Beach,TIGER SHARK,Galeocerdo cuvier,Released Alive,Carcharhiniformes,blacksbeach,-21.045294444444444,149.19208333333333
2025-04-14,Mackay,Eimeo Beach,LONG NOSE WHALER,Carcharhinus brevipinna,Released Alive,Carcharhiniformes,eimeobeach,-21.030911111111113,149.18116666666666
2025-04-15,Mackay,Eimeo Beach,CREEK WHALER,Carcharhinus fitzroyensis,Deceased,Carcharhiniformes,eimeobeach,-21.030911111111113,149.18116666666666
2025-04-16,Mackay,Blacks Beach,BULL WHALER,Carcharhinus leucas,Released Alive,Carcharhiniformes,blacksbeach,-21.045294444444444,149.19208333333333
2025-04-16,Capricorn Coast,Fishermans Beach,BULL WHALER,Carcharhinus leucas,Released Alive,Carcharhiniformes,fishermansbeach,-23.243136666666665,150.82846999999998
2025-04-16,Mackay,Blacks Beach,BULL WHALER,Carcharhinus leucas,Released Alive,Carcharhiniformes,blacksbeach,-21.045294444444444,149.19208333333333
2025-04-16,Townsville,Florence Bay,COMMON BLACKTIP WHALER,Carcharhinus limbatus,Deceased,Carcharhiniformes,florencebay,-19.123693333333332,146.88541
2025-04-16,Townsville,Florence Bay,PIGEYE WHALER,Carcharhinus amboinensis,Deceased,Carcharhiniformes,florencebay,-19.123693333333332,146.88541
2025-04-16,Townsville,Nelly Bay,TAWNY SHARK,Nebrius ferrugineus,Deceased,Orectolobiformes,nellybay,-19.17364523809524,146.85039523809525
2025-04-16,Townsville,Palarenda Beach,GREAT HAMMERHEAD,Sphyrna mokarran,Deceased,Carcharhiniformes,palarendabeach,-19.198694444444445,146.77763333333334
2025-04-17,Mackay,Eimeo Beach,TAWNY SHARK,Nebrius ferrugineus,Released Alive,Orectolobiformes,eimeobeach,-21.030911111111113,149.18116666666666
2025-04-17,Mackay,Eimeo Beach,CREEK WHALER,Carcharhinus fitzroyensis,Released Alive,Carcharhiniformes,eimeobeach,-21.030911111111113,149.18116666666666
2025-04-17,Mackay,Blacks Beach,SHARPTOOTH SHARK,Negaprion acutidens,Released Alive,Carcharhiniformes,blacksbeach,-21.045294444444444,149.19208333333333
2025-04-17,Capricorn Coast,Cooee Bay,BULL WHALER,Carcharhinus leucas,Deceased,Carcharhiniformes,cooeebay,-23.139136666666666,150.76271333333335
2025-04-17,Capricorn Coast,Emu Park,BULL WHALER,Carcharhinus leucas,Released Alive,Carcharhiniformes,emupark,-23.262438095238092,150.8322357142857
2025-04-17,Capricorn Coast,Farnborough Beach,BULL WHALER,Carcharhinus leucas,Released Alive,Carcharhiniformes,farnboroughbeach,-23.116036666666666,150.75383666666667
2025-04-17,Townsville,Horseshoe Bay,PIGEYE WHALER,Carcharhinus amboinensis,Deceased,Carcharhiniformes,horseshoebay,-19.11187361111111,146.85320555555555
2025-04-17,Townsville,Horseshoe Bay,TIGER SHARK,Galeocerdo cuvier,Euthanised,Carcharhiniformes,horseshoebay,-19.11187361111111,146.85320555555555
2025-04-17,Capricorn Coast,Mullambin Beach,PIGEYE WHALER,Carcharhinus amboinensis,Deceased,Carcharhiniformes,mullambinbeach,-23.18919,150.79873
2025-04-17,Townsville,Nelly Bay,SPOT-TAIL WHALER,Carcharhinus sorrah,Deceased,Carcharhiniformes,nellybay,-19.17364523809524,146.85039523809525
2025-04-17,Townsville,Radical Bay,SPOT-TAIL WHALER,Carcharhinus sorrah,Deceased,Carcharhiniformes,radicalbay,-19.108173333333333,146.87670666666668
2025-04-17,Capricorn Coast,Tanby Point,BULL WHALER,Carcharhinus leucas,Deceased,Carcharhiniformes,tanbypoint,-23.22792666666667,150.82419666666667
2025-04-18,Cairns,Palm Cove,TIGER SHARK,Galeocerdo cuvier,Released Alive,Carcharhiniformes,palmcove,-16.744905555555555,145.6754
2025-04-18,Mackay,Blacks Beach,CREEK WHALER,Carcharhinus fitzroyensis,Released Alive,Carcharhiniformes,blacksbeach,-21.045294444444444,149.19208333333333
2025-04-18,Capricorn Coast,Cooee Bay,PIGEYE WHALER,Carcharhinus amboinensis,Deceased,Carcharhiniformes,cooeebay,-23.139136666666666,150.76271333333335
2025-04-18,Mackay,Eimeo Beach,BULL WHALER,Carcharhinus leucas,Deceased,Carcharhiniformes,eimeobeach,-21.030911111111113,149.18116666666666
2025-04-18,Mackay,Eimeo Beach,LONG NOSE WHALER,Carcharhinus brevipinna,Deceased,Carcharhiniformes,eimeobeach,-21.030911111111113,149.18116666666666
2025-04-18,Capricorn Coast,Farnborough Beach,BULL WHALER,Carcharhinus leucas,Released Alive,Carcharhiniformes,farnboroughbeach,-23.116036666666666,150.75383666666667
2025-04-18,Townsville,Florence Bay,SPOT-TAIL WHALER,Carcharhinus sorrah,Deceased,Carcharhiniformes,florencebay,-19.123693333333332,146.88541
2025-04-18,Capricorn Coast,Tanby Point,PIGEYE WHALER,Carcharhinus amboinensis,Deceased,Carcharhiniformes,tanbypoint,-23.22792666666667,150.82419666666667
2025-04-18,Gladstone,Tannum Sands,PIGEYE WHALER,Carcharhinus amboinensis,Deceased,Carcharhiniformes,tannumsands,-23.939119444444444,151.3756861111111
2025-04-18,Gladstone,Tannum Sands,TIGER SHARK,Galeocerdo cuvier,Deceased,Carcharhiniformes,tannumsands,-23.939119444444444,151.3756861111111
2025-04-18,Gladstone,Tannum Sands,WHITE-CHEEK SHARK,Carcharhinus coatesi,Deceased,Carcharhiniformes,tannumsands,-23.939119444444444,151.3756861111111
2025-04-18,Capricorn Coast,Yeppoon Beach,BULL WHALER,Carcharhinus leucas,Deceased,Carcharhiniformes,yeppoonbeach,-23.128226666666666,150.75462666666667
2025-04-19,Mackay,Blacks Beach,LONG NOSE WHALER,Carcharhinus brevipinna,Released Alive,Carcharhiniformes,blacksbeach,-21.045294444444444,149.19208333333333
2025-04-19,Capricorn Coast,Farnborough Beach,BULL WHALER,Carcharhinus leucas,Deceased,Carcharhiniformes,farnboroughbeach,-23.116036666666666,150.75383666666667
2025-04-19,Townsville,Horseshoe Bay,TAWNY SHARK,Nebrius ferrugineus,Released Alive,Orectolobiformes,horseshoebay,-19.11187361111111,146.85320555555555
2025-04-20,Capricorn Coast,Kemp Beach,BULL WHALER,Carcharhinus leucas,Released Alive,Carcharhiniformes,kempbeach,-23.1712,150.79471944444444
2025-04-21,Mackay,Blacks Beach,LONG NOSE WHALER,Carcharhinus brevipinna,Deceased,Carcharhiniformes,blacksbeach,-21.045294444444444,149.19208333333333
2025-04-21,Capricorn Coast,Farnborough Beach,PIGEYE WHALER,Carcharhinus amboinensis,Deceased,Carcharhiniformes,farnboroughbeach,-23.116036666666666,150.75383666666667
2025-04-21,Townsville,Horseshoe Bay,COMMON BLACKTIP WHALER,Carcharhinus limbatus,Deceased,Carcharhiniformes,horseshoebay,-19.11187361111111,146.85320555555555
2025-04-21,Townsville,Horseshoe Bay,SCALLOPED HAMMERHEAD,Sphyrna lewini,Deceased,Carcharhiniformes,horseshoebay,-19.11187361111111,146.85320555555555
2025-04-22,Townsville,Alma Bay,TIGER SHARK,Galeocerdo cuvier,Released Alive,Carcharhiniformes,almabay,-19.149697222222223,146.87386944444447
2025-04-22,Mackay,Bucasia Beach,TAWNY SHARK,Nebrius ferrugineus,Released Alive,Orectolobiformes,bucasiabeach,-21.0204,149.16325277777779
2025-04-22,Townsville,Horseshoe Bay,SPOT-TAIL WHALER,Carcharhinus sorrah,Deceased,Carcharhiniformes,horseshoebay,-19.11187361111111,146.85320555555555
2025-04-22,Townsville,Nelly Bay,BLACKTIP REEF WHALER,Carcharhinus melanopterus,Released Alive,Carcharhiniformes,nellybay,-19.17364523809524,146.85039523809525
2025-04-22,Capricorn Coast,Tanby Point,TIGER SHARK,Galeocerdo cuvier,Released Alive,Carcharhiniformes,tanbypoint,-23.22792666666667,150.82419666666667
2025-04-22,Cairns,Trinity,LONG NOSE WHALER,Carcharhinus brevipinna,Deceased,Carcharhiniformes,trinity,-16.777091666666667,145.7011611111111
2025-04-23,Cairns,Clifton,BULL WHALER,Carcharhinus leucas,Released Alive,Carcharhiniformes,clifton,-16.759525,145.68219583333334
2025-04-23,Mackay,Blacks Beach,LONG NOSE WHALER,Carcharhinus brevipinna,Released Alive,Carcharhiniformes,blacksbeach,-21.045294444444444,149.19208333333333
2025-04-23,Capricorn Coast,Farnborough Beach,TIGER SHARK,Galeocerdo cuvier,Deceased,Carcharhiniformes,farnboroughbeach,-23.116036666666666,150.75383666666667
2025-04-23,Townsville,Horseshoe Bay,SPOT-TAIL WHALER,Carcharhinus sorrah,Deceased,Carcharhiniformes,horseshoebay,-19.11187361111111,146.85320555555555
2025-04-24,Townsville,Florence Bay,PIGEYE WHALER,Carcharhinus amboinensis,Deceased,Carcharhiniformes,florencebay,-19.123693333333332,146.88541
2025-04-24,Townsville,Florence Bay,SPOT-TAIL WHALER,Carcharhinus sorrah,Deceased,Carcharhiniformes,florencebay,-19.123693333333332,146.88541
2025-04-24,Townsville,Nelly Bay,TAWNY SHARK,Nebrius ferrugineus,Released Alive,Orectolobiformes,nellybay,-19.17364523809524,146.85039523809525
2025-04-24,Gladstone,Tannum Sands,BULL WHALER,Carcharhinus leucas,Euthanised,Carcharhiniformes,tannumsands,-23.939119444444444,151.3756861111111
2025-04-25,Mackay,Blacks Beach,SPOT-TAIL WHALER,Carcharhinus sorrah,Released Alive,Carcharhiniformes,blacksbeach,-21.045294444444444,149.19208333333333
2025-04-25,Townsville,Horseshoe Bay,TAWNY SHARK,Nebrius ferrugineus,Released Alive,Orectolobiformes,horseshoebay,-19.11187361111111,146.85320555555555
2025-04-26,Mackay,Blacks Beach,LONG NOSE WHALER,Carcharhinus brevipinna,Released Alive,Carcharhiniformes,blacksbeach,-21.045294444444444,149.19208333333333
2025-04-26,Mackay,Bucasia Beach,LONG NOSE WHALER,Carcharhinus brevipinna,Deceased,Carcharhiniformes,bucasiabeach,-21.0204,149.16325277777779
2025-04-26,Mackay,Bucasia Beach,LONG NOSE WHALER,Carcharhinus brevipinna,Released Alive,Carcharhiniformes,bucasiabeach,-21.0204,149.16325277777779
2025-04-26,Townsville,Florence Bay,TIGER SHARK,Galeocerdo cuvier,Deceased,Carcharhiniformes,florencebay,-19.123693333333332,146.88541
2025-04-26,Townsville,Florence Bay,TIGER SHARK,Galeocerdo cuvier,Released Alive,Carcharhiniformes,florencebay,-19.123693333333332,146.88541
2025-04-26,Townsville,Horseshoe Bay,SPOT-TAIL WHALER,Carcharhinus sorrah,Deceased,Carcharhiniformes,horseshoebay,-19.11187361111111,146.85320555555555
2025-04-26,Townsville,Nelly Bay,COMMON BLACKTIP WHALER,Carcharhinus limbatus,Released Alive,Carcharhiniformes,nellybay,-19.17364523809524,146.85039523809525
2025-04-26,Townsville,Nelly Bay,SPOT-TAIL WHALER,Carcharhinus sorrah,Deceased,Carcharhiniformes,nellybay,-19.17364523809524,146.85039523809525
2025-04-29,Cairns,Ellis Beach,PIGEYE WHALER,Carcharhinus amboinensis,Deceased,Carcharhiniformes,ellisbeach,-16.72147142857143,145.65029761904762
2025-04-29,Townsville,Horseshoe Bay,SPOT-TAIL WHALER,Carcharhinus sorrah,Deceased,Carcharhiniformes,horseshoebay,-19.11187361111111,146.85320555555555
2025-04-29,Capricorn Coast,Mullambin Beach,TIGER SHARK,Galeocerdo cuvier,Released Alive,Carcharhiniformes,mullambinbeach,-23.18919,150.79873
2025-04-30,Mackay,Blacks Beach,TAWNY SHARK,Nebrius ferrugineus,Released Alive,Orectolobiformes,blacksbeach,-21.045294444444444,149.19208333333333
2025-04-30,Mackay,Blacks Beach,LONG NOSE WHALER,Carcharhinus brevipinna,Deceased,Carcharhiniformes,blacksbeach,-21.045294444444444,149.19208333333333
2025-04-30,Cairns,Holloways,GREAT HAMMERHEAD,Sphyrna mokarran,Deceased,Carcharhiniformes,holloways,-16.83081,145.74805666666666
2025-04-30,Cairns,Holloways,SPOT-TAIL WHALER,Carcharhinus sorrah,Deceased,Carcharhiniformes,holloways,-16.83081,145.74805666666666
2025-05-01,Townsville,Alma Bay,SPOT-TAIL WHALER,Carcharhinus sorrah,Deceased,Carcharhiniformes,almabay,-19.149697222222223,146.87386944444447
2025-05-01,Mackay,Blacks Beach,LONG NOSE WHALER,Carcharhinus brevipinna,Deceased,Carcharhiniformes,blacksbeach,-21.045294444444444,149.19208333333333
2025-05-01,Mackay,Blacks Beach,TIGER SHARK,Galeocerdo cuvier,Released Alive,Carcharhiniformes,blacksbeach,-21.045294444444444,149.19208333333333
2025-05-01,Mackay,Bucasia Beach,LONG NOSE WHALER,Carcharhinus brevipinna,Released Alive,Carcharhiniformes,bucasiabeach,-21.0204,149.16325277777779
2025-05-01,Cairns,Clifton,LONG NOSE WHALER,Carcharhinus brevipinna,Deceased,Carcharhiniformes,clifton,-16.759525,145.68219583333334
2025-05-01,Mackay,Eimeo Beach,TIGER SHARK,Galeocerdo cuvier,Released Alive,Carcharhiniformes,eimeobeach,-21.030911111111113,149.18116666666666
2025-05-01,Townsville,Florence Bay,SPOT-TAIL WHALER,Carcharhinus sorrah,Deceased,Carcharhiniformes,florencebay,-19.123693333333332,146.88541
2025-05-01,Gladstone,Tannum Sands,SPOT-TAIL WHALER,Carcharhinus sorrah,Deceased,Carcharhiniformes,tannumsands,-23.939119444444444,151.3756861111111
2025-05-02,Townsville,Alma Bay,BULL WHALER,Carcharhinus leucas,Deceased,Carcharhiniformes,almabay,-19.149697222222223,146.87386944444447
2025-05-02,Mackay,Eimeo Beach,CREEK WHALER,Carcharhinus fitzroyensis,Released Alive,Carcharhiniformes,eimeobeach,-21.030911111111113,149.18116666666666
2025-05-02,Townsville,Florence Bay,BULL WHALER,Carcharhinus leucas,Released Alive,Carcharhiniformes,florencebay,-19.123693333333332,146.88541
2025-05-02,Townsville,Nelly Bay,TAWNY SHARK,Nebrius ferrugineus,Released Alive,Orectolobiformes,nellybay,-19.17364523809524,146.85039523809525
2025-05-02,Cairns,Yorkeys,BIG NOSE WHALER,Carcharhinus altimus,Deceased,Carcharhiniformes,yorkeys,-16.805583333333335,145.73073
2025-05-03,Townsville,Nelly Bay,SPOT-TAIL WHALER,Carcharhinus sorrah,Deceased,Carcharhiniformes,nellybay,-19.17364523809524,146.85039523809525
2025-05-03,Townsville,Picnic Bay,TIGER SHARK,Galeocerdo cuvier,Released Alive,Carcharhiniformes,picnicbay,-19.182850000000002,146.84146666666666
2025-05-03,Townsville,Radical Bay,PIGEYE WHALER,Carcharhinus amboinensis,Deceased,Carcharhiniformes,radicalbay,-19.108173333333333,146.87670666666668
2025-05-03,Townsville,Radical Bay,SPOT-TAIL WHALER,Carcharhinus sorrah,Deceased,Carcharhiniformes,radicalbay,-19.108173333333333,146.87670666666668
2025-05-05,Cairns,Palm Cove,GREAT HAMMERHEAD,Sphyrna mokarran,Deceased,Carcharhiniformes,palmcove,-16.744905555555555,145.6754
2025-05-06,Mackay,Bucasia Beach,TIGER SHARK,Galeocerdo cuvier,Released Alive,Carcharhiniformes,bucasiabeach,-21.0204,149.16325277777779
2025-05-06,Mackay,Eimeo Beach,CREEK WHALER,Carcharhinus fitzroyensis,Released Alive,Carcharhiniformes,eimeobeach,-21.030911111111113,149.18116666666666
2025-05-06,Cairns,Palm Cove,PIGEYE WHALER,Carcharhinus amboinensis,Deceased,Carcharhiniformes,palmcove,-16.744905555555555,145.6754
2025-05-07,Mackay,Eimeo Beach,LONG NOSE WHALER,Carcharhinus brevipinna,Deceased,Carcharhiniformes,eimeobeach,-21.030911111111113,149.18116666666666
2025-05-08,Mackay,Bucasia Beach,TAWNY SHARK,Nebrius ferrugineus,Released Alive,Orectolobiformes,bucasiabeach,-21.0204,149.16325277777779
2025-05-08,Townsville,Florence Bay,BLACKTIP REEF WHALER,Carcharhinus melanopterus,Deceased,Carcharhiniformes,florencebay,-19.123693333333332,146.88541
2025-05-08,Townsville,Horseshoe Bay,COMMON BLACKTIP WHALER,Carcharhinus limbatus,Deceased,Carcharhiniformes,horseshoebay,-19.11187361111111,146.85320555555555
2025-05-08,Townsville,Horseshoe Bay,SPOT-TAIL WHALER,Carcharhinus sorrah,Deceased,Carcharhiniformes,horseshoebay,-19.11187361111111,146.85320555555555
2025-05-09,Mackay,Blacks Beach,CREEK WHALER,Carcharhinus fitzroyensis,Deceased,Carcharhiniformes,blacksbeach,-21.045294444444444,149.19208333333333
2025-05-09,Mackay,Blacks Beach,TIGER SHARK,Galeocerdo cuvier,Released Alive,Carcharhiniformes,blacksbeach,-21.045294444444444,149.19208333333333
2025-05-09,Townsville,Nelly Bay,PIGEYE WHALER,Carcharhinus amboinensis,Deceased,Carcharhiniformes,nellybay,-19.17364523809524,146.85039523809525
2025-05-09,Townsville,Nelly Bay,TIGER SHARK,Galeocerdo cuvier,Deceased,Carcharhiniformes,nellybay,-19.17364523809524,146.85039523809525
2025-05-10,Gladstone,Tannum Sands,SHARPTOOTH SHARK,Negaprion acutidens,Deceased,Carcharhiniformes,tannumsands,-23.939119444444444,151.3756861111111
2025-05-12,Mackay,Bucasia Beach,SPOT-TAIL WHALER,Carcharhinus sorrah,Released Alive,Carcharhiniformes,bucasiabeach,-21.0204,149.16325277777779
2025-05-12,Capricorn Coast,Emu Park,SHARPTOOTH SHARK,Negaprion acutidens,Released Alive,Carcharhiniformes,emupark,-23.262438095238092,150.8322357142857
2025-05-12,Gladstone,Tannum Sands,PIGEYE WHALER,Carcharhinus amboinensis,Deceased,Carcharhiniformes,tannumsands,-23.939119444444444,151.3756861111111
2025-05-13,Mackay,Blacks Beach,SPOT-TAIL WHALER,Carcharhinus sorrah,Deceased,Carcharhiniformes,blacksbeach,-21.045294444444444,149.19208333333333
2025-05-13,Cairns,Palm Cove,SHARPTOOTH SHARK,Negaprion acutidens,Released Alive,Carcharhiniformes,palmcove,-16.744905555555555,145.6754
2025-05-13,Capricorn Coast,Emu Park,BULL WHALER,Carcharhinus leucas,Released Alive,Carcharhiniformes,emupark,-23.262438095238092,150.8322357142857
2025-05-13,Townsville,Horseshoe Bay,COMMON BLACKTIP WHALER,Carcharhinus limbatus,Deceased,Carcharhiniformes,horseshoebay,-19.11187361111111,146.85320555555555
2025-05-13,Capricorn Coast,Mullambin Beach,DUSKY WHALER,Carcharhinus obscurus,Released Alive,Carcharhiniformes,mullambinbeach,-23.18919,150.79873
2025-05-13,Capricorn Coast,Tanby Point,TIGER SHARK,Galeocerdo cuvier,Released Alive,Carcharhiniformes,tanbypoint,-23.22792666666667,150.82419666666667
2025-05-14,Mackay,Blacks Beach,LONG NOSE WHALER,Carcharhinus brevipinna,Deceased,Carcharhiniformes,blacksbeach,-21.045294444444444,149.19208333333333
2025-05-14,Mackay,Blacks Beach,TIGER SHARK,Galeocerdo cuvier,Released Alive,Carcharhiniformes,blacksbeach,-21.045294444444444,149.19208333333333
2025-05-14,Mackay,Eimeo Beach,CREEK WHALER,Carcharhinus fitzroyensis,Released Alive,Carcharhiniformes,eimeobeach,-21.030911111111113,149.18116666666666
2025-05-14,Townsville,Horseshoe Bay,LONG NOSE WHALER,Carcharhinus brevipinna,Deceased,Carcharhiniformes,horseshoebay,-19.11187361111111,146.85320555555555
2025-05-14,Townsville,Nelly Bay,COMMON BLACKTIP WHALER,Carcharhinus limbatus,Deceased,Carcharhiniformes,nellybay,-19.17364523809524,146.85039523809525
2025-05-14,Townsville,Picnic Bay,BLACKTIP REEF WHALER,Carcharhinus melanopterus,Deceased,Carcharhiniformes,picnicbay,-19.182850000000002,146.84146666666666
2025-05-14,Townsville,Radical Bay,TAWNY SHARK,Nebrius ferrugineus,Released Alive,Orectolobiformes,radicalbay,-19.108173333333333,146.87670666666668
2025-05-14,Gladstone,Tannum Sands,PIGEYE WHALER,Carcharhinus amboinensis,Deceased,Carcharhiniformes,tannumsands,-23.939119444444444,151.3756861111111
2025-05-15,Mackay,Blacks Beach,LONG NOSE WHALER,Carcharhinus brevipinna,Deceased,Carcharhiniformes,blacksbeach,-21.045294444444444,149.19208333333333
2025-05-15,Mackay,Blacks Beach,TIGER SHARK,Galeocerdo cuvier,Released Alive,Carcharhiniformes,blacksbeach,-21.045294444444444,149.19208333333333
2025-05-15,Mackay,Blacks Beach,TIGER SHARK,Galeocerdo cuvier,Released Alive,Carcharhiniformes,blacksbeach,-21.045294444444444,149.19208333333333
2025-05-15,Capricorn Coast,Emu Park,TIGER SHARK,Galeocerdo cuvier,Released Alive,Carcharhiniformes,emupark,-23.262438095238092,150.8322357142857
2025-05-15,Capricorn Coast,Fishermans Beach,TIGER SHARK,Galeocerdo cuvier,Released Alive,Carcharhiniformes,fishermansbeach,-23.243136666666665,150.82846999999998
2025-05-15,Townsville,Nelly Bay,GREAT HAMMERHEAD,Sphyrna mokarran,Deceased,Carcharhiniformes,nellybay,-19.17364523809524,146.85039523809525
2025-05-15,Townsville,Palarenda Beach,SCALLOPED HAMMERHEAD,Sphyrna lewini,Deceased,Carcharhiniformes,palarendabeach,-19.198694444444445,146.77763333333334
2025-05-15,Townsville,Radical Bay,SPOT-TAIL WHALER,Carcharhinus sorrah,Deceased,Carcharhiniformes,radicalbay,-19.108173333333333,146.87670666666668
2025-05-15,Capricorn Coast,Tanby Point,PIGEYE WHALER,Carcharhinus amboinensis,Deceased,Carcharhiniformes,tanbypoint,-23.22792666666667,150.82419666666667
2025-05-16,Mackay,Blacks Beach,AUST SHARPNOSE SHARK,Rhizoprionodon taylori,Deceased,Carcharhiniformes,blacksbeach,-21.045294444444444,149.19208333333333
2025-05-16,Mackay,Blacks Beach,BULL WHALER,Carcharhinus leucas,Deceased,Carcharhiniformes,blacksbeach,-21.045294444444444,149.19208333333333
2025-05-16,Mackay,Bucasia Beach,TAWNY SHARK,Nebrius ferrugineus,Released Alive,Orectolobiformes,bucasiabeach,-21.0204,149.16325277777779
2025-05-16,Townsville,Horseshoe Bay,SPOT-TAIL WHALER,Carcharhinus sorrah,Deceased,Carcharhiniformes,horseshoebay,-19.11187361111111,146.85320555555555
2025-05-17,Mackay,Blacks Beach,BULL WHALER,Carcharhinus leucas,Released Alive,Carcharhiniformes,blacksbeach,-21.045294444444444,149.19208333333333
2025-05-17,Mackay,Eimeo Beach,CREEK WHALER,Carcharhinus fitzroyensis,Released Alive,Carcharhiniformes,eimeobeach,-21.030911111111113,149.18116666666666
2025-05-17,Townsville,Horseshoe Bay,SPOT-TAIL WHALER,Carcharhinus sorrah,Deceased,Carcharhiniformes,horseshoebay,-19.11187361111111,146.85320555555555
2025-05-18,Capricorn Coast,Farnborough Beach,TIGER SHARK,Galeocerdo cuvier,Released Alive,Carcharhiniformes,farnboroughbeach,-23.116036666666666,150.75383666666667
2025-05-19,Mackay,Eimeo Beach,SPOT-TAIL WHALER,Carcharhinus sorrah,Deceased,Carcharhiniformes,eimeobeach,-21.030911111111113,149.18116666666666
2025-05-20,Capricorn Coast,Lammermoor Beach,PIGEYE WHALER,Carcharhinus amboinensis,Deceased,Carcharhiniformes,lammermoorbeach,-23.155048484848486,150.77348333333333
2025-05-21,Mackay,Eimeo Beach,SPOT-TAIL WHALER,Carcharhinus sorrah,Deceased,Carcharhiniformes,eimeobeach,-21.030911111111113,149.18116666666666
2025-05-21,Gladstone,Tannum Sands,SCALLOPED HAMMERHEAD,Sphyrna lewini,Deceased,Carcharhiniformes,tannumsands,-23.939119444444444,151.3756861111111
2025-05-21,Gladstone,Tannum Sands,SPOT-TAIL WHALER,Carcharhinus sorrah,Deceased,Carcharhiniformes,tannumsands,-23.939119444444444,151.3756861111111
2025-05-22,Mackay,Blacks Beach,SPOT-TAIL WHALER,Carcharhinus sorrah,Deceased,Carcharhiniformes,blacksbeach,-21.045294444444444,149.19208333333333
2025-05-22,Mackay,Bucasia Beach,SPOT-TAIL WHALER,Carcharhinus sorrah,Deceased,Carcharhiniformes,bucasiabeach,-21.0204,149.16325277777779
2025-05-22,Cairns,Palm Cove,TAWNY SHARK,Nebrius ferrugineus,Released Alive,Orectolobiformes,palmcove,-16.744905555555555,145.6754
2025-05-22,Mackay,Eimeo Beach,SPOT-TAIL WHALER,Carcharhinus sorrah,Deceased,Carcharhiniformes,eimeobeach,-21.030911111111113,149.18116666666666
2025-05-22,Townsville,Horseshoe Bay,TIGER SHARK,Galeocerdo cuvier,Euthanised,Carcharhiniformes,horseshoebay,-19.11187361111111,146.85320555555555
2025-05-22,Townsville,Nelly Bay,SPOT-TAIL WHALER,Carcharhinus sorrah,Deceased,Carcharhiniformes,nellybay,-19.17364523809524,146.85039523809525
2025-05-22,Townsville,Palarenda Beach,TAWNY SHARK,Nebrius ferrugineus,Released Alive,Orectolobiformes,palarendabeach,-19.198694444444445,146.77763333333334
2025-05-23,Cairns,Ellis Beach,PIGEYE WHALER,Carcharhinus amboinensis,Deceased,Carcharhiniformes,ellisbeach,-16.72147142857143,145.65029761904762
2025-05-23,Townsville,Horseshoe Bay,SPOT-TAIL WHALER,Carcharhinus sorrah,Deceased,Carcharhiniformes,horseshoebay,-19.11187361111111,146.85320555555555
2025-05-23,Townsville,Nelly Bay,TIGER SHARK,Galeocerdo cuvier,Released Alive,Carcharhiniformes,nellybay,-19.17364523809524,146.85039523809525
2025-05-24,Mackay,Eimeo Beach,BULL WHALER,Carcharhinus leucas,Deceased,Carcharhiniformes,eimeobeach,-21.030911111111113,149.18116666666666
2025-05-27,Mackay,Eimeo Beach,SPOT-TAIL WHALER,Carcharhinus sorrah,Released Alive,Carcharhiniformes,eimeobeach,-21.030911111111113,149.18116666666666
2025-05-27,Mackay,Blacks Beach,LONG NOSE WHALER,Carcharhinus brevipinna,Deceased,Carcharhiniformes,blacksbeach,-21.045294444444444,149.19208333333333
2025-05-28,Townsville,Alma Bay,BLACKTIP REEF WHALER,Carcharhinus melanopterus,Deceased,Carcharhiniformes,almabay,-19.149697222222223,146.87386944444447
2025-05-28,Mackay,Bucasia Beach,TAWNY SHARK,Nebrius ferrugineus,Released Alive,Orectolobiformes,bucasiabeach,-21.0204,149.16325277777779
2025-05-28,Mackay,Bucasia Beach,LONG NOSE WHALER,Carcharhinus brevipinna,Released Alive,Carcharhiniformes,bucasiabeach,-21.0204,149.16325277777779
2025-05-28,Mackay,Eimeo Beach,SPOT-TAIL WHALER,Carcharhinus sorrah,Deceased,Carcharhiniformes,eimeobeach,-21.030911111111113,149.18116666666666
2025-05-28,Townsville,Horseshoe Bay,COMMON BLACKTIP WHALER,Carcharhinus limbatus,Deceased,Carcharhiniformes,horseshoebay,-19.11187361111111,146.85320555555555
2025-05-29,Mackay,Blacks Beach,TAWNY SHARK,Nebrius ferrugineus,Released Alive,Orectolobiformes,blacksbeach,-21.045294444444444,149.19208333333333
2025-05-29,Townsville,Horseshoe Bay,SPOT-TAIL WHALER,Carcharhinus sorrah,Deceased,Carcharhiniformes,horseshoebay,-19.11187361111111,146.85320555555555
2025-05-29,Cairns,Palm Cove,TAWNY SHARK,Nebrius ferrugineus,Released Alive,Orectolobiformes,palmcove,-16.744905555555555,145.6754
2025-05-30,Mackay,Blacks Beach,TAWNY SHARK,Nebrius ferrugineus,Released Alive,Orectolobiformes,blacksbeach,-21.045294444444444,149.19208333333333
2025-05-30,Mackay,Bucasia Beach,SPOT-TAIL WHALER,Carcharhinus sorrah,Deceased,Carcharhiniformes,bucasiabeach,-21.0204,149.16325277777779
2025-05-30,Townsville,Florence Bay,BULL WHALER,Carcharhinus leucas,Deceased,Carcharhiniformes,florencebay,-19.123693333333332,146.88541
2025-05-30,Townsville,Florence Bay,SPOT-TAIL WHALER,Carcharhinus sorrah,Deceased,Carcharhiniformes,florencebay,-19.123693333333332,146.88541
2025-05-30,Cairns,Palm Cove,LONG NOSE WHALER,Carcharhinus brevipinna,Deceased,Carcharhiniformes,palmcove,-16.744905555555555,145.6754
2025-05-30,Cairns,Palm Cove,SPOT-TAIL WHALER,Carcharhinus sorrah,Deceased,Carcharhiniformes,palmcove,-16.744905555555555,145.6754
2025-05-31,Townsville,Florence Bay,SPOT-TAIL WHALER,Carcharhinus sorrah,Deceased,Carcharhiniformes,florencebay,-19.123693333333332,146.88541
2025-05-31,Townsville,Florence Bay,SPOT-TAIL WHALER,Carcharhinus sorrah,Deceased,Carcharhiniformes,florencebay,-19.123693333333332,146.88541
2025-06-03,Townsville,Horseshoe Bay,SPOT-TAIL WHALER,Carcharhinus sorrah,Deceased,Carcharhiniformes,horseshoebay,-19.11187361111111,146.85320555555555
2025-06-04,Mackay,Blacks Beach,TIGER SHARK,Galeocerdo cuvier,Deceased,Carcharhiniformes,blacksbeach,-21.045294444444444,149.19208333333333
2025-06-04,Townsville,Florence Bay,BULL WHALER,Carcharhinus leucas,Deceased,Carcharhiniformes,florencebay,-19.123693333333332,146.88541
2025-06-04,Cairns,Palm Cove,SPOT-TAIL WHALER,Carcharhinus sorrah,Deceased,Carcharhiniformes,palmcove,-16.744905555555555,145.6754
2025-06-04,Townsville,Radical Bay,SPOT-TAIL WHALER,Carcharhinus sorrah,Deceased,Carcharhiniformes,radicalbay,-19.108173333333333,146.87670666666668
2025-06-05,Mackay,Blacks Beach,SPOT-TAIL WHALER,Carcharhinus sorrah,Deceased,Carcharhiniformes,blacksbeach,-21.045294444444444,149.19208333333333
2025-06-05,Cairns,Buchans,TIGER SHARK,Galeocerdo cuvier,Released Alive,Carcharhiniformes,buchans,-16.725916666666667,145.66339166666666
2025-06-05,Townsville,Florence Bay,SPOT-TAIL WHALER,Carcharhinus sorrah,Deceased,Carcharhiniformes,florencebay,-19.123693333333332,146.88541
2025-06-05,Townsville,Florence Bay,SPOT-TAIL WHALER,Carcharhinus sorrah,Deceased,Carcharhiniformes,florencebay,-19.123693333333332,146.88541
2025-06-05,Townsville,Horseshoe Bay,SPOT-TAIL WHALER,Carcharhinus sorrah,Deceased,Carcharhiniformes,horseshoebay,-19.11187361111111,146.85320555555555
2025-06-06,Mackay,Eimeo Beach,GREY REEF WHALER,Carcharhinus amblyrhynchos,Released Alive,Carcharhiniformes,eimeobeach,-21.030911111111113,149.18116666666666
2025-06-06,Townsville,Florence Bay,TIGER SHARK,Galeocerdo cuvier,Deceased,Carcharhiniformes,florencebay,-19.123693333333332,146.88541
2025-06-06,Cairns,Palm Cove,BULL WHALER,Carcharhinus leucas,Deceased,Carcharhiniformes,palmcove,-16.744905555555555,145.6754
2025-06-06,Townsville,Radical Bay,TIGER SHARK,Galeocerdo cuvier,Released Alive,Carcharhiniformes,radicalbay,-19.108173333333333,146.87670666666668
2025-06-06,Townsville,Radical Bay,TIGER SHARK,Galeocerdo cuvier,Deceased,Carcharhiniformes,radicalbay,-19.108173333333333,146.87670666666668
2025-06-07,Mackay,Blacks Beach,LONG NOSE WHALER,Carcharhinus brevipinna,Deceased,Carcharhiniformes,blacksbeach,-21.045294444444444,149.19208333333333
2025-06-07,Mackay,Eimeo Beach,TIGER SHARK,Galeocerdo cuvier,Released Alive,Carcharhiniformes,eimeobeach,-21.030911111111113,149.18116666666666
2025-06-07,Townsville,Florence Bay,SPOT-TAIL WHALER,Carcharhinus sorrah,Deceased,Carcharhiniformes,florencebay,-19.123693333333332,146.88541
2025-06-07,Townsville,Horseshoe Bay,TIGER SHARK,Galeocerdo cuvier,Euthanised,Carcharhiniformes,horseshoebay,-19.11187361111111,146.85320555555555
2025-06-07,Townsville,Nelly Bay,TIGER SHARK,Galeocerdo cuvier,Deceased,Carcharhiniformes,nellybay,-19.17364523809524,146.85039523809525
2025-06-07,Gladstone,Tannum Sands,PIGEYE WHALER,Carcharhinus amboinensis,Deceased,Carcharhiniformes,tannumsands,-23.939119444444444,151.3756861111111
2025-06-09,Capricorn Coast,Emu Park,TIGER SHARK,Galeocerdo cuvier,Released Alive,Carcharhiniformes,emupark,-23.262438095238092,150.8322357142857
2025-06-10,Mackay,Bucasia Beach,TAWNY SHARK,Nebrius ferrugineus,Released Alive,Orectolobiformes,bucasiabeach,-21.0204,149.16325277777779
2025-06-10,Townsville,Horseshoe Bay,TIGER SHARK,Galeocerdo cuvier,Deceased,Carcharhiniformes,horseshoebay,-19.11187361111111,146.85320555555555
2025-06-11,Mackay,Bucasia Beach,AUST SHARPNOSE SHARK,Rhizoprionodon taylori,Deceased,Carcharhiniformes,bucasiabeach,-21.0204,149.16325277777779
2025-06-11,Cairns,Buchans,LONG NOSE WHALER,Carcharhinus brevipinna,Deceased,Carcharhiniformes,buchans,-16.725916666666667,145.66339166666666
2025-06-11,Townsville,Florence Bay,SPOT-TAIL WHALER,Carcharhinus sorrah,Deceased,Carcharhiniformes,florencebay,-19.123693333333332,146.88541
2025-06-11,Townsville,Florence Bay,TIGER SHARK,Galeocerdo cuvier,Released Alive,Carcharhiniformes,florencebay,-19.123693333333332,146.88541
2025-06-11,Townsville,Horseshoe Bay,COMMON BLACKTIP WHALER,Carcharhinus limbatus,Deceased,Carcharhiniformes,horseshoebay,-19.11187361111111,146.85320555555555
2025-06-11,Townsville,Picnic Bay,TAWNY SHARK,Nebrius ferrugineus,Released Alive,Orectolobiformes,picnicbay,-19.182850000000002,146.84146666666666
2025-06-11,Cairns,Trinity,LONG NOSE WHALER,Carcharhinus brevipinna,Deceased,Carcharhiniformes,trinity,-16.777091666666667,145.7011611111111
2025-06-12,Cairns,Palm Cove,TAWNY SHARK,Nebrius ferrugineus,Released Alive,Orectolobiformes,palmcove,-16.744905555555555,145.6754
2025-06-12,Townsville,Florence Bay,SCALLOPED HAMMERHEAD,Sphyrna lewini,Deceased,Carcharhiniformes,florencebay,-19.123693333333332,146.88541
2025-06-12,Townsville,Florence Bay,SPOT-TAIL WHALER,Carcharhinus sorrah,Deceased,Carcharhiniformes,florencebay,-19.123693333333332,146.88541
2025-06-12,Townsville,Horseshoe Bay,COMMON BLACKTIP WHALER,Carcharhinus limbatus,Deceased,Carcharhiniformes,horseshoebay,-19.11187361111111,146.85320555555555
2025-06-12,Townsville,Nelly Bay,TIGER SHARK,Galeocerdo cuvier,Released Alive,Carcharhiniformes,nellybay,-19.17364523809524,146.85039523809525
2025-06-13,Mackay,Blacks Beach,CREEK WHALER,Carcharhinus fitzroyensis,Released Alive,Carcharhiniformes,blacksbeach,-21.045294444444444,149.19208333333333
2025-06-13,Cairns,Palm Cove,TIGER SHARK,Galeocerdo cuvier,Released Alive,Carcharhiniformes,palmcove,-16.744905555555555,145.6754
2025-06-13,Townsville,Florence Bay,SPOT-TAIL WHALER,Carcharhinus sorrah,Deceased,Carcharhiniformes,florencebay,-19.123693333333332,146.88541
2025-06-13,Townsville,Horseshoe Bay,SPOT-TAIL WHALER,Carcharhinus sorrah,Deceased,Carcharhiniformes,horseshoebay,-19.11187361111111,146.85320555555555
2025-06-14,Townsville,Alma Bay,SPOT-TAIL WHALER,Carcharhinus sorrah,Deceased,Carcharhiniformes,almabay,-19.149697222222223,146.87386944444447
2025-06-14,Mackay,Blacks Beach,SANDBAR WHALER,Carcharhinus plumbeus,Deceased,Carcharhiniformes,blacksbeach,-21.045294444444444,149.19208333333333
2025-06-14,Mackay,Blacks Beach,TIGER SHARK,Galeocerdo cuvier,Released Alive,Carcharhiniformes,blacksbeach,-21.045294444444444,149.19208333333333
2025-06-14,Mackay,Blacks Beach,TIGER SHARK,Galeocerdo cuvier,Released Alive,Carcharhiniformes,blacksbeach,-21.045294444444444,149.19208333333333
2025-06-14,Mackay,Eimeo Beach,TIGER SHARK,Galeocerdo cuvier,Released Alive,Carcharhiniformes,eimeobeach,-21.030911111111113,149.18116666666666
2025-06-14,Townsville,Florence Bay,TIGER SHARK,Galeocerdo cuvier,Deceased,Carcharhiniformes,florencebay,-19.123693333333332,146.88541
2025-06-14,Townsville,Horseshoe Bay,SCALLOPED HAMMERHEAD,Sphyrna lewini,Deceased,Carcharhiniformes,horseshoebay,-19.11187361111111,146.85320555555555
2025-06-14,Townsville,Picnic Bay,SCALLOPED HAMMERHEAD,Sphyrna lewini,Deceased,Carcharhiniformes,picnicbay,-19.182850000000002,146.84146666666666
2025-06-14,Cairns,Trinity,TIGER SHARK,Galeocerdo cuvier,Released Alive,Carcharhiniformes,trinity,-16.777091666666667,145.7011611111111
2025-06-15,Mackay,Blacks Beach,TIGER SHARK,Galeocerdo cuvier,Released Alive,Carcharhiniformes,blacksbeach,-21.045294444444444,149.19208333333333
2025-06-15,Mackay,Eimeo Beach,TIGER SHARK,Galeocerdo cuvier,Deceased,Carcharhiniformes,eimeobeach,-21.030911111111113,149.18116666666666
2025-06-15,Capricorn Coast,Fishermans Beach,TIGER SHARK,Galeocerdo cuvier,Deceased,Carcharhiniformes,fishermansbeach,-23.243136666666665,150.82846999999998
2025-06-16,Capricorn Coast,Fishermans Beach,LONG NOSE WHALER,Carcharhinus brevipinna,Released Alive,Carcharhiniformes,fishermansbeach,-23.243136666666665,150.82846999999998
2025-06-16,Mackay,Eimeo Beach,TIGER SHARK,Galeocerdo cuvier,Released Alive,Carcharhiniformes,eimeobeach,-21.030911111111113,149.18116666666666
2025-06-17,Mackay,Bucasia Beach,TIGER SHARK,Galeocerdo cuvier,Released Alive,Carcharhiniformes,bucasiabeach,-21.0204,149.16325277777779
2025-06-17,Capricorn Coast,Farnborough Beach,TIGER SHARK,Galeocerdo cuvier,Released Alive,Carcharhiniformes,farnboroughbeach,-23.116036666666666,150.75383666666667
2025-06-17,Gladstone,Tannum Sands,TIGER SHARK,Galeocerdo cuvier,Euthanised,Carcharhiniformes,tannumsands,-23.939119444444444,151.3756861111111
2025-06-18,Mackay,Blacks Beach,LONG NOSE WHALER,Carcharhinus brevipinna,Deceased,Carcharhiniformes,blacksbeach,-21.045294444444444,149.19208333333333
2025-06-18,Townsville,Horseshoe Bay,COMMON BLACKTIP WHALER,Carcharhinus limbatus,Deceased,Carcharhiniformes,horseshoebay,-19.11187361111111,146.85320555555555
2025-06-18,Townsville,Radical Bay,PIGEYE WHALER,Carcharhinus amboinensis,Released Alive,Carcharhiniformes,radicalbay,-19.108173333333333,146.87670666666668
2025-06-19,Townsville,Alma Bay,SPOT-TAIL WHALER,Carcharhinus sorrah,Deceased,Carcharhiniformes,almabay,-19.149697222222223,146.87386944444447
2025-06-19,Townsville,Florence Bay,SPOT-TAIL WHALER,Carcharhinus sorrah,Deceased,Carcharhiniformes,florencebay,-19.123693333333332,146.88541
2025-06-20,Townsville,Alma Bay,COMMON BLACKTIP WHALER,Carcharhinus limbatus,Deceased,Carcharhiniformes,almabay,-19.149697222222223,146.87386944444447
2025-06-20,Townsville,Alma Bay,SPOT-TAIL WHALER,Carcharhinus sorrah,Deceased,Carcharhiniformes,almabay,-19.149697222222223,146.87386944444447
2025-06-20,Cairns,Buchans,SHARPTOOTH SHARK,Negaprion acutidens,Released Alive,Carcharhiniformes,buchans,-16.725916666666667,145.66339166666666
2025-06-20,Cairns,Palm Cove,BULL WHALER,Carcharhinus leucas,Released Alive,Carcharhiniformes,palmcove,-16.744905555555555,145.6754
2025-06-20,Cairns,Palm Cove,SHARPTOOTH SHARK,Negaprion acutidens,Released Alive,Carcharhiniformes,palmcove,-16.744905555555555,145.6754
2025-06-20,Townsville,Horseshoe Bay,SCALLOPED HAMMERHEAD,Sphyrna lewini,Deceased,Carcharhiniformes,horseshoebay,-19.11187361111111,146.85320555555555
2025-06-20,Townsville,Nelly Bay,SPOT-TAIL WHALER,Carcharhinus sorrah,Deceased,Carcharhiniformes,nellybay,-19.17364523809524,146.85039523809525
2025-06-21,Mackay,Blacks Beach,AUST SHARPNOSE SHARK,Rhizoprionodon taylori,Released Alive,Carcharhiniformes,blacksbeach,-21.045294444444444,149.19208333333333
2025-06-21,Townsville,Florence Bay,SPOT-TAIL WHALER,Carcharhinus sorrah,Deceased,Carcharhiniformes,florencebay,-19.123693333333332,146.88541
2025-06-21,Townsville,Nelly Bay,SPOT-TAIL WHALER,Carcharhinus sorrah,Deceased,Carcharhiniformes,nellybay,-19.17364523809524,146.85039523809525
2025-06-21,Townsville,Nelly Bay,TIGER SHARK,Galeocerdo cuvier,Released Alive,Carcharhiniformes,nellybay,-19.17364523809524,146.85039523809525
2025-06-21,Cairns,Palm Cove,SHARPTOOTH SHARK,Negaprion acutidens,Released Alive,Carcharhiniformes,palmcove,-16.744905555555555,145.6754
2025-06-21,Townsville,Picnic Bay,COMMON BLACKTIP WHALER,Carcharhinus limbatus,Deceased,Carcharhiniformes,picnicbay,-19.182850000000002,146.84146666666666
2025-06-21,Cairns,Trinity,TIGER SHARK,Galeocerdo cuvier,Deceased,Carcharhiniformes,trinity,-16.777091666666667,145.7011611111111
2025-06-23,Cairns,Palm Cove,SHARPTOOTH SHARK,Negaprion acutidens,Released Alive,Carcharhiniformes,palmcove,-16.744905555555555,145.6754
2025-06-23,Cairns,Palm Cove,TIGER SHARK,Galeocerdo cuvier,Released Alive,Carcharhiniformes,palmcove,-16.744905555555555,145.6754
2025-06-24,Townsville,Horseshoe Bay,BLACKTIP REEF WHALER,Carcharhinus melanopterus,Deceased,Carcharhiniformes,horseshoebay,-19.11187361111111,146.85320555555555
2025-06-24,Townsville,Horseshoe Bay,SCALLOPED HAMMERHEAD,Sphyrna lewini,Deceased,Carcharhiniformes,horseshoebay,-19.11187361111111,146.85320555555555
2025-06-24,Cairns,Palm Cove,LONG NOSE WHALER,Carcharhinus brevipinna,Deceased,Carcharhiniformes,palmcove,-16.744905555555555,145.6754
2025-06-25,Townsville,Alma Bay,SCALLOPED HAMMERHEAD,Sphyrna lewini,Deceased,Carcharhiniformes,almabay,-19.149697222222223,146.87386944444447
2025-06-25,Mackay,Eimeo Beach,SCALLOPED HAMMERHEAD,Sphyrna lewini,Released Alive,Carcharhiniformes,eimeobeach,-21.030911111111113,149.18116666666666
2025-06-25,Townsville,Horseshoe Bay,BULL WHALER,Carcharhinus leucas,Deceased,Carcharhiniformes,horseshoebay,-19.11187361111111,146.85320555555555
2025-06-25,Townsville,Horseshoe Bay,COMMON BLACKTIP WHALER,Carcharhinus limbatus,Deceased,Carcharhiniformes,horseshoebay,-19.11187361111111,146.85320555555555
2025-06-25,Townsville,Horseshoe Bay,SPOT-TAIL WHALER,Carcharhinus sorrah,Deceased,Carcharhiniformes,horseshoebay,-19.11187361111111,146.85320555555555
2025-06-25,Townsville,Nelly Bay,TIGER SHARK,Galeocerdo cuvier,Deceased,Carcharhiniformes,nellybay,-19.17364523809524,146.85039523809525
2025-06-25,Townsville,Radical Bay,SPOT-TAIL WHALER,Carcharhinus sorrah,Deceased,Carcharhiniformes,radicalbay,-19.108173333333333,146.87670666666668
2025-06-26,Mackay,Blacks Beach,BULL WHALER,Carcharhinus leucas,Released Alive,Carcharhiniformes,blacksbeach,-21.045294444444444,149.19208333333333
2025-06-26,Mackay,Blacks Beach,LONG NOSE WHALER,Carcharhinus brevipinna,Deceased,Carcharhiniformes,blacksbeach,-21.045294444444444,149.19208333333333
2025-06-26,Mackay,Eimeo Beach,SPOT-TAIL WHALER,Carcharhinus sorrah,Deceased,Carcharhiniformes,eimeobeach,-21.030911111111113,149.18116666666666
2025-06-26,Townsville,Florence Bay,SPOT-TAIL WHALER,Carcharhinus sorrah,Deceased,Carcharhiniformes,florencebay,-19.123693333333332,146.88541
2025-06-26,Townsville,Florence Bay,TAWNY SHARK,Nebrius ferrugineus,Released Alive,Orectolobiformes,florencebay,-19.123693333333332,146.88541
2025-06-27,Mackay,Eimeo Beach,AUST SHARPNOSE SHARK,Rhizoprionodon taylori,Deceased,Carcharhiniformes,eimeobeach,-21.030911111111113,149.18116666666666
2025-06-27,Mackay,Eimeo Beach,SPOT-TAIL WHALER,Carcharhinus sorrah,Deceased,Carcharhiniformes,eimeobeach,-21.030911111111113,149.18116666666666
2025-06-27,Townsville,Florence Bay,SPOT-TAIL WHALER,Carcharhinus sorrah,Deceased,Carcharhiniformes,florencebay,-19.123693333333332,146.88541
2025-06-28,Townsville,Alma Bay,TAWNY SHARK,Nebrius ferrugineus,Released Alive,Orectolobiformes,almabay,-19.149697222222223,146.87386944444447
2025-06-28,Mackay,Eimeo Beach,SANDBAR WHALER,Carcharhinus plumbeus,Deceased,Carcharhiniformes,eimeobeach,-21.030911111111113,149.18116666666666
2025-06-28,Townsville,Horseshoe Bay,SCALLOPED HAMMERHEAD,Sphyrna lewini,Deceased,Carcharhiniformes,horseshoebay,-19.11187361111111,146.85320555555555
2025-06-28,Townsville,Horseshoe Bay,TIGER SHARK,Galeocerdo cuvier,Euthanised,Carcharhiniformes,horseshoebay,-19.11187361111111,146.85320555555555
2025-06-28,Townsville,Nelly Bay,COMMON BLACKTIP WHALER,Carcharhinus limbatus,Deceased,Carcharhiniformes,nellybay,-19.17364523809524,146.85039523809525
2025-06-28,Gladstone,Tannum Sands,NERVOUS SHARK,Carcharhinus cautus,Released Alive,Carcharhiniformes,tannumsands,-23.939119444444444,151.3756861111111
2025-06-28,Cairns,Trinity,PIGEYE WHALER,Carcharhinus amboinensis,Deceased,Carcharhiniformes,trinity,-16.777091666666667,145.7011611111111
2023-07-05,Townsville,Alma Bay,SPOT-TAIL WHALER,Carcharhinus sorrah,Deceased,Carcharhiniformes,almabay,-19.149697222222223,146.87386944444447
2023-07-06,Capricorn Coast,Mullambin Beach,PIGEYE WHALER,Carcharhinus amboinensis,Deceased,Carcharhiniformes,mullambinbeach,-23.18919,150.79873
2023-07-06,Capricorn Coast,Tanby Point,PIGEYE WHALER,Carcharhinus amboinensis,Deceased,Carcharhiniformes,tanbypoint,-23.22792666666667,150.82419666666667
2023-07-06,Cairns,Palm Cove,TAWNY SHARK,Nebrius ferrugineus,Released Alive,Orectolobiformes,palmcove,-16.744905555555555,145.6754
2023-07-07,Cairns,Clifton,TAWNY SHARK,Nebrius ferrugineus,Released Alive,Orectolobiformes,clifton,-16.759525,145.68219583333334
2023-07-07,Townsville,Horseshoe Bay,TAWNY SHARK,Nebrius ferrugineus,Released Alive,Orectolobiformes,horseshoebay,-19.11187361111111,146.85320555555555
2023-07-08,Cairns,Palm Cove,TAWNY SHARK,Nebrius ferrugineus,Released Alive,Orectolobiformes,palmcove,-16.744905555555555,145.6754
2023-07-09,Capricorn Coast,Farnborough Beach,BULL WHALER,Carcharhinus leucas,Released Alive,Carcharhiniformes,farnboroughbeach,-23.116036666666666,150.75383666666667
2023-07-10,Townsville,Horseshoe Bay,TIGER SHARK,Galeocerdo cuvier,Euthanised,Carcharhiniformes,horseshoebay,-19.11187361111111,146.85320555555555
2023-07-10,Capricorn Coast,Mullambin Beach,TIGER SHARK,Galeocerdo cuvier,Released Alive,Carcharhiniformes,mullambinbeach,-23.18919,150.79873
2023-07-12,Cairns,Palm Cove,PIGEYE WHALER,Carcharhinus amboinensis,Deceased,Carcharhiniformes,palmcove,-16.744905555555555,145.6754
2023-07-12,Townsville,Radical Bay,SPOT-TAIL WHALER,Carcharhinus sorrah,Deceased,Carcharhiniformes,radicalbay,-19.108173333333333,146.87670666666668
2023-07-12,Townsville,Florence Bay,TIGER SHARK,Galeocerdo cuvier,Released Alive,Carcharhiniformes,florencebay,-19.123693333333332,146.88541
2023-07-13,Townsville,Florence Bay,BULL WHALER,Carcharhinus leucas,Deceased,Carcharhiniformes,florencebay,-19.123693333333332,146.88541
2023-07-17,Capricorn Coast,Emu Park,BULL WHALER,Carcharhinus leucas,Released Alive,Carcharhiniformes,emupark,-23.262438095238092,150.8322357142857
2023-07-17,Townsville,Nelly Bay,TIGER SHARK,Galeocerdo cuvier,Deceased,Carcharhiniformes,nellybay,-19.17364523809524,146.85039523809525
2023-07-18,Townsville,Florence Bay,BULL WHALER,Carcharhinus leucas,Deceased,Carcharhiniformes,florencebay,-19.123693333333332,146.88541
2023-07-19,Gladstone,Tannum Sands,PIGEYE WHALER,Carcharhinus amboinensis,Deceased,Carcharhiniformes,tannumsands,-23.939119444444444,151.3756861111111
2023-07-19,Townsville,Florence Bay,TIGER SHARK,Galeocerdo cuvier,Deceased,Carcharhiniformes,florencebay,-19.123693333333332,146.88541
2023-07-20,Townsville,Picnic Bay,BLACKTIP REEF WHALER,Carcharhinus melanopterus,Deceased,Carcharhiniformes,picnicbay,-19.182850000000002,146.84146666666666
2023-07-20,Capricorn Coast,Fishermans Beach,BULL WHALER,Carcharhinus leucas,Released Alive,Carcharhiniformes,fishermansbeach,-23.243136666666665,150.82846999999998
2023-07-20,Townsville,Horseshoe Bay,TIGER SHARK,Galeocerdo cuvier,Euthanised,Carcharhiniformes,horseshoebay,-19.11187361111111,146.85320555555555
2023-07-22,Capricorn Coast,Emu Park,PIGEYE WHALER,Carcharhinus amboinensis,Deceased,Carcharhiniformes,emupark,-23.262438095238092,150.8322357142857
2023-07-22,Mackay,Blacks Beach,TIGER SHARK,Galeocerdo cuvier,Deceased,Carcharhiniformes,blacksbeach,-21.045294444444444,149.19208333333333
2023-07-28,Townsville,Florence Bay,TIGER SHARK,Galeocerdo cuvier,Released Alive,Carcharhiniformes,florencebay,-19.123693333333332,146.88541
2023-07-29,Cairns,Palm Cove,BULL WHALER,Carcharhinus leucas,Released Alive,Carcharhiniformes,palmcove,-16.744905555555555,145.6754
2023-07-29,Capricorn Coast,Fishermans Beach,PIGEYE WHALER,Carcharhinus amboinensis,Deceased,Carcharhiniformes,fishermansbeach,-23.243136666666665,150.82846999999998
2023-07-31,Townsville,Radical Bay,SPOT-TAIL WHALER,Carcharhinus sorrah,Deceased,Carcharhiniformes,radicalbay,-19.108173333333333,146.87670666666668
2023-08-02,Cairns,Trinity,LONG NOSE WHALER,Carcharhinus brevipinna,Deceased,Carcharhiniformes,trinity,-16.777091666666667,145.7011611111111
2023-08-02,Cairns,Palm Cove,TAWNY SHARK,Nebrius ferrugineus,Released Alive,Orectolobiformes,palmcove,-16.744905555555555,145.6754
2023-08-02,Townsville,Radical Bay,TIGER SHARK,Galeocerdo cuvier,Deceased,Carcharhiniformes,radicalbay,-19.108173333333333,146.87670666666668
2023-08-05,Cairns,Palm Cove,TAWNY SHARK,Nebrius ferrugineus,Released Alive,Orectolobiformes,palmcove,-16.744905555555555,145.6754
2023-08-07,Townsville,Florence Bay,PIGEYE WHALER,Carcharhinus amboinensis,Deceased,Carcharhiniformes,florencebay,-19.123693333333332,146.88541
2023-08-08,Cairns,Yorkeys,SHARPTOOTH SHARK,Negaprion acutidens,Deceased,Carcharhiniformes,yorkeys,-16.805583333333335,145.73073
2023-08-08,Townsville,Florence Bay,TIGER SHARK,Galeocerdo cuvier,Deceased,Carcharhiniformes,florencebay,-19.123693333333332,146.88541
2023-08-09,Townsville,Nelly Bay,SPOT-TAIL WHALER,Carcharhinus sorrah,Deceased,Carcharhiniformes,nellybay,-19.17364523809524,146.85039523809525
2023-08-09,Townsville,Alma Bay,TIGER SHARK,Galeocerdo cuvier,Released Alive,Carcharhiniformes,almabay,-19.149697222222223,146.87386944444447
2023-08-09,Townsville,Florence Bay,TIGER SHARK,Galeocerdo cuvier,Released Alive,Carcharhiniformes,florencebay,-19.123693333333332,146.88541
2023-08-11,Cairns,Ellis Beach,TIGER SHARK,Galeocerdo cuvier,Released Alive,Carcharhiniformes,ellisbeach,-16.72147142857143,145.65029761904762
2023-08-13,Mackay,Blacks Beach,TIGER SHARK,Galeocerdo cuvier,Deceased,Carcharhiniformes,blacksbeach,-21.045294444444444,149.19208333333333
2023-08-14,Townsville,Alma Bay,SPOT-TAIL WHALER,Carcharhinus sorrah,Deceased,Carcharhiniformes,almabay,-19.149697222222223,146.87386944444447
2023-08-15,Townsville,Horseshoe Bay,SCALLOPED HAMMERHEAD,Sphyrna lewini,Deceased,Carcharhiniformes,horseshoebay,-19.11187361111111,146.85320555555555
2023-08-15,Townsville,Nelly Bay,TIGER SHARK,Galeocerdo cuvier,Released Alive,Carcharhiniformes,nellybay,-19.17364523809524,146.85039523809525
2023-08-16,Capricorn Coast,Emu Park,BLACKTIP REEF WHALER,Carcharhinus melanopterus,Deceased,Carcharhiniformes,emupark,-23.262438095238092,150.8322357142857
2023-08-16,Townsville,Horseshoe Bay,COMMON BLACKTIP WHALER,Carcharhinus limbatus,Deceased,Carcharhiniformes,horseshoebay,-19.11187361111111,146.85320555555555
2023-08-17,Cairns,Ellis Beach,PIGEYE WHALER,Carcharhinus amboinensis,Deceased,Carcharhiniformes,ellisbeach,-16.72147142857143,145.65029761904762
2023-08-17,Townsville,Florence Bay,SPOT-TAIL WHALER,Carcharhinus sorrah,Deceased,Carcharhiniformes,florencebay,-19.123693333333332,146.88541
2023-08-19,Cairns,Ellis Beach,TIGER SHARK,Galeocerdo cuvier,Released Alive,Carcharhiniformes,ellisbeach,-16.72147142857143,145.65029761904762
2023-08-19,Cairns,Clifton,TIGER SHARK,Galeocerdo cuvier,Released Alive,Carcharhiniformes,clifton,-16.759525,145.68219583333334
2023-08-21,Townsville,Florence Bay,COMMON BLACKTIP WHALER,Carcharhinus limbatus,Deceased,Carcharhiniformes,florencebay,-19.123693333333332,146.88541
2023-08-22,Townsville,Horseshoe Bay,SPOT-TAIL WHALER,Carcharhinus sorrah,Deceased,Carcharhiniformes,horseshoebay,-19.11187361111111,146.85320555555555
2023-08-23,Mackay,Eimeo Beach,BLACKTIP REEF WHALER,Carcharhinus melanopterus,Deceased,Carcharhiniformes,eimeobeach,-21.030911111111113,149.18116666666666
2023-08-24,Townsville,Radical Bay,TIGER SHARK,Galeocerdo cuvier,Deceased,Carcharhiniformes,radicalbay,-19.108173333333333,146.87670666666668
2023-08-26,Capricorn Coast,Mullambin Beach,PIGEYE WHALER,Carcharhinus amboinensis,Released Alive,Carcharhiniformes,mullambinbeach,-23.18919,150.79873
2023-08-30,Townsville,Florence Bay,BULL WHALER,Carcharhinus leucas,Deceased,Carcharhiniformes,florencebay,-19.123693333333332,146.88541
2023-08-30,Cairns,Clifton,LONG NOSE WHALER,Carcharhinus brevipinna,Deceased,Carcharhiniformes,clifton,-16.759525,145.68219583333334
2023-08-31,Cairns,Ellis Beach,TIGER SHARK,Galeocerdo cuvier,Released Alive,Carcharhiniformes,ellisbeach,-16.72147142857143,145.65029761904762
2023-09-02,Cairns,Ellis Beach,SHARPTOOTH SHARK,Negaprion acutidens,Deceased,Carcharhiniformes,ellisbeach,-16.72147142857143,145.65029761904762
2023-09-04,Capricorn Coast,Tanby Point,TIGER SHARK,Galeocerdo cuvier,Released Alive,Carcharhiniformes,tanbypoint,-23.22792666666667,150.82419666666667
2023-09-05,Capricorn Coast,Farnborough Beach,PIGEYE WHALER,Carcharhinus amboinensis,Released Alive,Carcharhiniformes,farnboroughbeach,-23.116036666666666,150.75383666666667
2023-09-05,Townsville,Alma Bay,TIGER SHARK,Galeocerdo cuvier,Released Alive,Carcharhiniformes,almabay,-19.149697222222223,146.87386944444447
2023-09-06,Cairns,Buchans,BULL WHALER,Carcharhinus leucas,Released Alive,Carcharhiniformes,buchans,-16.725916666666667,145.66339166666666
2023-09-06,Townsville,Horseshoe Bay,SPOT-TAIL WHALER,Carcharhinus sorrah,Deceased,Carcharhiniformes,horseshoebay,-19.11187361111111,146.85320555555555
2023-09-07,Gladstone,Tannum Sands,MILK SHARK,Rhizoprionodon acutus,Deceased,Carcharhiniformes,tannumsands,-23.939119444444444,151.3756861111111
2023-09-07,Townsville,Florence Bay,TIGER SHARK,Galeocerdo cuvier,Released Alive,Carcharhiniformes,florencebay,-19.123693333333332,146.88541
2023-09-09,Capricorn Coast,Farnborough Beach,TIGER SHARK,Galeocerdo cuvier,Released Alive,Carcharhiniformes,farnboroughbeach,-23.116036666666666,150.75383666666667
2023-09-09,Capricorn Coast,Emu Park,WHITE SHARK,Carcharodon carcharias,Deceased,Lamniformes,emupark,-23.262438095238092,150.8322357142857
2023-09-10,Townsville,Horseshoe Bay,TIGER SHARK,Galeocerdo cuvier,Deceased,Carcharhiniformes,horseshoebay,-19.11187361111111,146.85320555555555
2023-09-11,Townsville,Horseshoe Bay,COMMON BLACKTIP WHALER,Carcharhinus limbatus,Deceased,Carcharhiniformes,horseshoebay,-19.11187361111111,146.85320555555555
2023-09-11,Townsville,Radical Bay,PIGEYE WHALER,Carcharhinus amboinensis,Deceased,Carcharhiniformes,radicalbay,-19.108173333333333,146.87670666666668
2023-09-11,Townsville,Florence Bay,SHARPTOOTH SHARK,Negaprion acutidens,Deceased,Carcharhiniformes,florencebay,-19.123693333333332,146.88541
2023-09-11,Townsville,Alma Bay,SPOT-TAIL WHALER,Carcharhinus sorrah,Deceased,Carcharhiniformes,almabay,-19.149697222222223,146.87386944444447
2023-09-13,Townsville,Horseshoe Bay,TIGER SHARK,Galeocerdo cuvier,Euthanised,Carcharhiniformes,horseshoebay,-19.11187361111111,146.85320555555555
2023-09-14,Townsville,Picnic Bay,COMMON BLACKTIP WHALER,Carcharhinus limbatus,Deceased,Carcharhiniformes,picnicbay,-19.182850000000002,146.84146666666666
2023-09-15,Cairns,Ellis Beach,TIGER SHARK,Galeocerdo cuvier,Released Alive,Carcharhiniformes,ellisbeach,-16.72147142857143,145.65029761904762
2023-09-16,Cairns,Yorkeys,BULL WHALER,Carcharhinus leucas,Deceased,Carcharhiniformes,yorkeys,-16.805583333333335,145.73073
2023-09-17,Townsville,Horseshoe Bay,GREAT HAMMERHEAD,Sphyrna mokarran,Deceased,Carcharhiniformes,horseshoebay,-19.11187361111111,146.85320555555555
2023-09-18,Townsville,Alma Bay,COMMON BLACKTIP WHALER,Carcharhinus limbatus,Deceased,Carcharhiniformes,almabay,-19.149697222222223,146.87386944444447
2023-09-18,Townsville,Florence Bay,COMMON BLACKTIP WHALER,Carcharhinus limbatus,Deceased,Carcharhiniformes,florencebay,-19.123693333333332,146.88541
2023-09-18,Gladstone,Tannum Sands,PIGEYE WHALER,Carcharhinus amboinensis,Deceased,Carcharhiniformes,tannumsands,-23.939119444444444,151.3756861111111
2023-09-18,Capricorn Coast,Emu Park,SHARPTOOTH SHARK,Negaprion acutidens,Released Alive,Carcharhiniformes,emupark,-23.262438095238092,150.8322357142857
2023-09-19,Mackay,Bucasia Beach,BULL WHALER,Carcharhinus leucas,Deceased,Carcharhiniformes,bucasiabeach,-21.0204,149.16325277777779
2023-09-19,Capricorn Coast,Kemp Beach,PIGEYE WHALER,Carcharhinus amboinensis,Deceased,Carcharhiniformes,kempbeach,-23.1712,150.79471944444444
2023-09-19,Capricorn Coast,Cooee Bay,PIGEYE WHALER,Carcharhinus amboinensis,Deceased,Carcharhiniformes,cooeebay,-23.139136666666666,150.76271333333335
2023-09-20,Capricorn Coast,Emu Park,PIGEYE WHALER,Carcharhinus amboinensis,Deceased,Carcharhiniformes,emupark,-23.262438095238092,150.8322357142857
2023-09-20,Gladstone,Tannum Sands,PIGEYE WHALER,Carcharhinus amboinensis,Deceased,Carcharhiniformes,tannumsands,-23.939119444444444,151.3756861111111
2023-09-22,Townsville,Nelly Bay,BLACKTIP REEF WHALER,Carcharhinus melanopterus,Deceased,Carcharhiniformes,nellybay,-19.17364523809524,146.85039523809525
2023-09-22,Capricorn Coast,Farnborough Beach,GREAT HAMMERHEAD,Sphyrna mokarran,Deceased,Carcharhiniformes,farnboroughbeach,-23.116036666666666,150.75383666666667
2023-09-22,Capricorn Coast,Emu Park,PIGEYE WHALER,Carcharhinus amboinensis,Deceased,Carcharhiniformes,emupark,-23.262438095238092,150.8322357142857
2023-09-26,Gladstone,Tannum Sands,AUSTRALIAN BLACKTIP,Carcharhinus tilstoni,Deceased,Carcharhiniformes,tannumsands,-23.939119444444444,151.3756861111111
2023-09-27,Capricorn Coast,Mullambin Beach,BULL WHALER,Carcharhinus leucas,Deceased,Carcharhiniformes,mullambinbeach,-23.18919,150.79873
2023-09-27,Townsville,Florence Bay,TIGER SHARK,Galeocerdo cuvier,Released Alive,Carcharhiniformes,florencebay,-19.123693333333332,146.88541
2023-09-28,Capricorn Coast,Cooee Bay,BULL WHALER,Carcharhinus leucas,Deceased,Carcharhiniformes,cooeebay,-23.139136666666666,150.76271333333335
2023-09-28,Capricorn Coast,Fishermans Beach,SHARPTOOTH SHARK,Negaprion acutidens,Released Alive,Carcharhiniformes,fishermansbeach,-23.243136666666665,150.82846999999998
2023-09-28,Townsville,Picnic Bay,SPOT-TAIL WHALER,Carcharhinus sorrah,Deceased,Carcharhiniformes,picnicbay,-19.182850000000002,146.84146666666666
2023-09-28,Townsville,Alma Bay,TAWNY SHARK,Nebrius ferrugineus,Released Alive,Orectolobiformes,almabay,-19.149697222222223,146.87386944444447
2023-09-30,Capricorn Coast,Fishermans Beach,COMMON BLACKTIP WHALER,Carcharhinus limbatus,Deceased,Carcharhiniformes,fishermansbeach,-23.243136666666665,150.82846999999998
2023-10-02,Gladstone,Tannum Sands,PIGEYE WHALER,Carcharhinus amboinensis,Deceased,Carcharhiniformes,tannumsands,-23.939119444444444,151.3756861111111
2023-10-02,Capricorn Coast,Fishermans Beach,TIGER SHARK,Galeocerdo cuvier,Released Alive,Carcharhiniformes,fishermansbeach,-23.243136666666665,150.82846999999998
2023-10-02,Gladstone,Tannum Sands,TIGER SHARK,Galeocerdo cuvier,Euthanised,Carcharhiniformes,tannumsands,-23.939119444444444,151.3756861111111
2023-10-03,Cairns,Ellis Beach,PIGEYE WHALER,Carcharhinus amboinensis,Deceased,Carcharhiniformes,ellisbeach,-16.72147142857143,145.65029761904762
2023-10-04,Townsville,Florence Bay,BULL WHALER,Carcharhinus leucas,Deceased,Carcharhiniformes,florencebay,-19.123693333333332,146.88541
2023-10-04,Townsville,Horseshoe Bay,BULL WHALER,Carcharhinus leucas,Euthanised,Carcharhiniformes,horseshoebay,-19.11187361111111,146.85320555555555
2023-10-04,Townsville,Florence Bay,COMMON BLACKTIP WHALER,Carcharhinus limbatus,Deceased,Carcharhiniformes,florencebay,-19.123693333333332,146.88541
2023-10-04,Capricorn Coast,Emu Park,PIGEYE WHALER,Carcharhinus amboinensis,Deceased,Carcharhiniformes,emupark,-23.262438095238092,150.8322357142857
2023-10-04,Capricorn Coast,Farnborough Beach,SHARPTOOTH SHARK,Negaprion acutidens,Released Alive,Carcharhiniformes,farnboroughbeach,-23.116036666666666,150.75383666666667
2023-10-06,Capricorn Coast,Lammermoor Beach,COMMON BLACKTIP WHALER,Carcharhinus limbatus,Deceased,Carcharhiniformes,lammermoorbeach,-23.155048484848486,150.77348333333333
2023-10-06,Mackay,Bucasia Beach,GREAT HAMMERHEAD,Sphyrna mokarran,Deceased,Carcharhiniformes,bucasiabeach,-21.0204,149.16325277777779
2023-10-06,Cairns,Palm Cove,TAWNY SHARK,Nebrius ferrugineus,Deceased,Orectolobiformes,palmcove,-16.744905555555555,145.6754
2023-10-07,Townsville,Florence Bay,PIGEYE WHALER,Carcharhinus amboinensis,Deceased,Carcharhiniformes,florencebay,-19.123693333333332,146.88541
2023-10-09,Gladstone,Tannum Sands,LONG NOSE WHALER,Carcharhinus brevipinna,Deceased,Carcharhiniformes,tannumsands,-23.939119444444444,151.3756861111111
2023-10-10,Capricorn Coast,Emu Park,PIGEYE WHALER,Carcharhinus amboinensis,Released Alive,Carcharhiniformes,emupark,-23.262438095238092,150.8322357142857
2023-10-10,Capricorn Coast,Emu Park,PIGEYE WHALER,Carcharhinus amboinensis,Released Alive,Carcharhiniformes,emupark,-23.262438095238092,150.8322357142857
2023-10-11,Capricorn Coast,Emu Park,BULL WHALER,Carcharhinus leucas,Deceased,Carcharhiniformes,emupark,-23.262438095238092,150.8322357142857
2023-10-11,Townsville,Florence Bay,PIGEYE WHALER,Carcharhinus amboinensis,Deceased,Carcharhiniformes,florencebay,-19.123693333333332,146.88541
2023-10-11,Capricorn Coast,Fishermans Beach,PIGEYE WHALER,Carcharhinus amboinensis,Deceased,Carcharhiniformes,fishermansbeach,-23.243136666666665,150.82846999999998
2023-10-12,Capricorn Coast,Tanby Point,BLACKTIP REEF WHALER,Carcharhinus melanopterus,Released Alive,Carcharhiniformes,tanbypoint,-23.22792666666667,150.82419666666667
2023-10-12,Mackay,Blacks Beach,BULL WHALER,Carcharhinus leucas,Deceased,Carcharhiniformes,blacksbeach,-21.045294444444444,149.19208333333333
2023-10-13,Townsville,Radical Bay,BULL WHALER,Carcharhinus leucas,Deceased,Carcharhiniformes,radicalbay,-19.108173333333333,146.87670666666668
2023-10-13,Townsville,Radical Bay,COMMON BLACKTIP WHALER,Carcharhinus limbatus,Deceased,Carcharhiniformes,radicalbay,-19.108173333333333,146.87670666666668
2023-10-13,Townsville,Horseshoe Bay,MILK SHARK,Rhizoprionodon acutus,Deceased,Carcharhiniformes,horseshoebay,-19.11187361111111,146.85320555555555
2023-10-14,Capricorn Coast,Tanby Point,LONG NOSE WHALER,Carcharhinus brevipinna,Deceased,Carcharhiniformes,tanbypoint,-23.22792666666667,150.82419666666667
2023-10-14,Capricorn Coast,Farnborough Beach,PIGEYE WHALER,Carcharhinus amboinensis,Deceased,Carcharhiniformes,farnboroughbeach,-23.116036666666666,150.75383666666667
2023-10-15,Capricorn Coast,Fishermans Beach,SHARPTOOTH SHARK,Negaprion acutidens,Released Alive,Carcharhiniformes,fishermansbeach,-23.243136666666665,150.82846999999998
2023-10-15,Capricorn Coast,Tanby Point,TAWNY SHARK,Nebrius ferrugineus,Released Alive,Orectolobiformes,tanbypoint,-23.22792666666667,150.82419666666667
2023-10-16,Gladstone,Tannum Sands,SPOT-TAIL WHALER,Carcharhinus sorrah,Deceased,Carcharhiniformes,tannumsands,-23.939119444444444,151.3756861111111
2023-10-16,Gladstone,Tannum Sands,SPOT-TAIL WHALER,Carcharhinus sorrah,Deceased,Carcharhiniformes,tannumsands,-23.939119444444444,151.3756861111111
2023-10-17,Townsville,Horseshoe Bay,SPOT-TAIL WHALER,Carcharhinus sorrah,Deceased,Carcharhiniformes,horseshoebay,-19.11187361111111,146.85320555555555
2023-10-17,Townsville,Florence Bay,TIGER SHARK,Galeocerdo cuvier,Deceased,Carcharhiniformes,florencebay,-19.123693333333332,146.88541
2023-10-18,Cairns,Ellis Beach,LONG NOSE WHALER,Carcharhinus brevipinna,Deceased,Carcharhiniformes,ellisbeach,-16.72147142857143,145.65029761904762
2023-10-19,Capricorn Coast,Fishermans Beach,BULL WHALER,Carcharhinus leucas,Released Alive,Carcharhiniformes,fishermansbeach,-23.243136666666665,150.82846999999998
2023-10-20,Capricorn Coast,Emu Park,PIGEYE WHALER,Carcharhinus amboinensis,Deceased,Carcharhiniformes,emupark,-23.262438095238092,150.8322357142857
2023-10-20,Capricorn Coast,Fishermans Beach,SHARPTOOTH SHARK,Negaprion acutidens,Deceased,Carcharhiniformes,fishermansbeach,-23.243136666666665,150.82846999999998
2023-10-21,Capricorn Coast,Lammermoor Beach,BULL WHALER,Carcharhinus leucas,Deceased,Carcharhiniformes,lammermoorbeach,-23.155048484848486,150.77348333333333
2023-10-22,Townsville,Horseshoe Bay,BULL WHALER,Carcharhinus leucas,Deceased,Carcharhiniformes,horseshoebay,-19.11187361111111,146.85320555555555
2023-10-22,Capricorn Coast,Farnborough Beach,TIGER SHARK,Galeocerdo cuvier,Released Alive,Carcharhiniformes,farnboroughbeach,-23.116036666666666,150.75383666666667
2023-10-23,Townsville,Alma Bay,SPOT-TAIL WHALER,Carcharhinus sorrah,Deceased,Carcharhiniformes,almabay,-19.149697222222223,146.87386944444447
2023-10-24,Capricorn Coast,Emu Park,SHARPTOOTH SHARK,Negaprion acutidens,Deceased,Carcharhiniformes,emupark,-23.262438095238092,150.8322357142857
2023-10-24,Gladstone,Tannum Sands,SPOT-TAIL WHALER,Carcharhinus sorrah,Deceased,Carcharhiniformes,tannumsands,-23.939119444444444,151.3756861111111
2023-10-25,Cairns,Clifton,SPOT-TAIL WHALER,Carcharhinus sorrah,Deceased,Carcharhiniformes,clifton,-16.759525,145.68219583333334
2023-10-26,Cairns,Palm Cove,LONG NOSE WHALER,Carcharhinus brevipinna,Deceased,Carcharhiniformes,palmcove,-16.744905555555555,145.6754
2023-10-26,Townsville,Alma Bay,TIGER SHARK,Galeocerdo cuvier,Released Alive,Carcharhiniformes,almabay,-19.149697222222223,146.87386944444447
2023-10-27,Cairns,Holloways,SPOT-TAIL WHALER,Carcharhinus sorrah,Deceased,Carcharhiniformes,holloways,-16.83081,145.74805666666666
2023-10-30,Townsville,Palarenda Beach,BULL WHALER,Carcharhinus leucas,Deceased,Carcharhiniformes,palarendabeach,-19.198694444444445,146.77763333333334
2023-11-01,Townsville,Palarenda Beach,SPOT-TAIL WHALER,Carcharhinus sorrah,Deceased,Carcharhiniformes,palarendabeach,-19.198694444444445,146.77763333333334
2023-11-02,Townsville,Radical Bay,BLACKTIP REEF WHALER,Carcharhinus melanopterus,Deceased,Carcharhiniformes,radicalbay,-19.108173333333333,146.87670666666668
2023-11-04,Cairns,Ellis Beach,TAWNY SHARK,Nebrius ferrugineus,Released Alive,Orectolobiformes,ellisbeach,-16.72147142857143,145.65029761904762
2023-11-05,Townsville,Horseshoe Bay,SHARPTOOTH SHARK,Negaprion acutidens,Deceased,Carcharhiniformes,horseshoebay,-19.11187361111111,146.85320555555555
2023-11-05,Gladstone,Tannum Sands,SPOT-TAIL WHALER,Carcharhinus sorrah,Deceased,Carcharhiniformes,tannumsands,-23.939119444444444,151.3756861111111
2023-11-05,Gladstone,Tannum Sands,TIGER SHARK,Galeocerdo cuvier,Euthanised,Carcharhiniformes,tannumsands,-23.939119444444444,151.3756861111111
2023-11-06,Capricorn Coast,Emu Park,TIGER SHARK,Galeocerdo cuvier,Deceased,Carcharhiniformes,emupark,-23.262438095238092,150.8322357142857
2023-11-07,Capricorn Coast,Farnborough Beach,AUSTRALIAN BLACKTIP,Carcharhinus tilstoni,Deceased,Carcharhiniformes,farnboroughbeach,-23.116036666666666,150.75383666666667
2023-11-07,Townsville,Florence Bay,BLACKTIP REEF WHALER,Carcharhinus melanopterus,Released Alive,Carcharhiniformes,florencebay,-19.123693333333332,146.88541
2023-11-07,Capricorn Coast,Emu Park,BULL WHALER,Carcharhinus leucas,Deceased,Carcharhiniformes,emupark,-23.262438095238092,150.8322357142857
2023-11-07,Townsville,Horseshoe Bay,SHARPTOOTH SHARK,Negaprion acutidens,Released Alive,Carcharhiniformes,horseshoebay,-19.11187361111111,146.85320555555555
2023-11-08,Capricorn Coast,Emu Park,PIGEYE WHALER,Carcharhinus amboinensis,Deceased,Carcharhiniformes,emupark,-23.262438095238092,150.8322357142857
2023-11-08,Capricorn Coast,Cooee Bay,SANDBAR WHALER,Carcharhinus plumbeus,Released Alive,Carcharhiniformes,cooeebay,-23.139136666666666,150.76271333333335
2023-11-08,Townsville,Florence Bay,SPOT-TAIL WHALER,Carcharhinus sorrah,Deceased,Carcharhiniformes,florencebay,-19.123693333333332,146.88541
2023-11-09,Capricorn Coast,Kemp Beach,BULL WHALER,Carcharhinus leucas,Released Alive,Carcharhiniformes,kempbeach,-23.1712,150.79471944444444
2023-11-09,Capricorn Coast,Tanby Point,PIGEYE WHALER,Carcharhinus amboinensis,Deceased,Carcharhiniformes,tanbypoint,-23.22792666666667,150.82419666666667
2023-11-09,Capricorn Coast,Emu Park,PIGEYE WHALER,Carcharhinus amboinensis,Deceased,Carcharhiniformes,emupark,-23.262438095238092,150.8322357142857
2023-11-09,Townsville,Horseshoe Bay,SHARPTOOTH SHARK,Negaprion acutidens,Deceased,Carcharhiniformes,horseshoebay,-19.11187361111111,146.85320555555555
2023-11-09,Townsville,Radical Bay,SPOT-TAIL WHALER,Carcharhinus sorrah,Deceased,Carcharhiniformes,radicalbay,-19.108173333333333,146.87670666666668
2023-11-10,Capricorn Coast,Farnborough Beach,LONG NOSE WHALER,Carcharhinus brevipinna,Deceased,Carcharhiniformes,farnboroughbeach,-23.116036666666666,150.75383666666667
2023-11-11,Capricorn Coast,Emu Park,PIGEYE WHALER,Carcharhinus amboinensis,Deceased,Carcharhiniformes,emupark,-23.262438095238092,150.8322357142857
2023-11-11,Capricorn Coast,Fishermans Beach,PIGEYE WHALER,Carcharhinus amboinensis,Deceased,Carcharhiniformes,fishermansbeach,-23.243136666666665,150.82846999999998
2023-11-12,Townsville,Horseshoe Bay,TIGER SHARK,Galeocerdo cuvier,Deceased,Carcharhiniformes,horseshoebay,-19.11187361111111,146.85320555555555
2023-11-13,Capricorn Coast,Emu Park,PIGEYE WHALER,Carcharhinus amboinensis,Deceased,Carcharhiniformes,emupark,-23.262438095238092,150.8322357142857
2023-11-13,Capricorn Coast,Tanby Point,TAWNY SHARK,Nebrius ferrugineus,Released Alive,Orectolobiformes,tanbypoint,-23.22792666666667,150.82419666666667
2023-11-14,Capricorn Coast,Farnborough Beach,COMMON BLACKTIP WHALER,Carcharhinus limbatus,Deceased,Carcharhiniformes,farnboroughbeach,-23.116036666666666,150.75383666666667
2023-11-14,Townsville,Horseshoe Bay,MILK SHARK,Rhizoprionodon acutus,Deceased,Carcharhiniformes,horseshoebay,-19.11187361111111,146.85320555555555
2023-11-14,Capricorn Coast,Farnborough Beach,PIGEYE WHALER,Carcharhinus amboinensis,Deceased,Carcharhiniformes,farnboroughbeach,-23.116036666666666,150.75383666666667
2023-11-15,Capricorn Coast,Mullambin Beach,GREAT HAMMERHEAD,Sphyrna mokarran,Deceased,Carcharhiniformes,mullambinbeach,-23.18919,150.79873
2023-11-15,Cairns,Holloways,LONG NOSE WHALER,Carcharhinus brevipinna,Deceased,Carcharhiniformes,holloways,-16.83081,145.74805666666666
2023-11-15,Capricorn Coast,Farnborough Beach,LONG NOSE WHALER,Carcharhinus brevipinna,Deceased,Carcharhiniformes,farnboroughbeach,-23.116036666666666,150.75383666666667
2023-11-15,Capricorn Coast,Tanby Point,SHARPTOOTH SHARK,Negaprion acutidens,Deceased,Carcharhiniformes,tanbypoint,-23.22792666666667,150.82419666666667
2023-11-16,Mackay,Eimeo Beach,TIGER SHARK,Galeocerdo cuvier,Deceased,Carcharhiniformes,eimeobeach,-21.030911111111113,149.18116666666666
2023-11-18,Cairns,Holloways,SPOT-TAIL WHALER,Carcharhinus sorrah,Deceased,Carcharhiniformes,holloways,-16.83081,145.74805666666666
2023-11-21,Capricorn Coast,Farnborough Beach,PIGEYE WHALER,Carcharhinus amboinensis,Deceased,Carcharhiniformes,farnboroughbeach,-23.116036666666666,150.75383666666667
2023-11-22,Cairns,Palm Cove,BULL WHALER,Carcharhinus leucas,Released Alive,Carcharhiniformes,palmcove,-16.744905555555555,145.6754
2023-11-22,Capricorn Coast,Farnborough Beach,COMMON BLACKTIP WHALER,Carcharhinus limbatus,Deceased,Carcharhiniformes,farnboroughbeach,-23.116036666666666,150.75383666666667
2023-11-22,Capricorn Coast,Emu Park,PIGEYE WHALER,Carcharhinus amboinensis,Deceased,Carcharhiniformes,emupark,-23.262438095238092,150.8322357142857
2023-11-22,Cairns,Palm Cove,TAWNY SHARK,Nebrius ferrugineus,Released Alive,Orectolobiformes,palmcove,-16.744905555555555,145.6754
2023-11-22,Capricorn Coast,Yeppoon Beach,TAWNY SHARK,Nebrius ferrugineus,Released Alive,Orectolobiformes,yeppoonbeach,-23.128226666666666,150.75462666666667
2023-11-22,Mackay,Bucasia Beach,TAWNY SHARK,Nebrius ferrugineus,Released Alive,Orectolobiformes,bucasiabeach,-21.0204,149.16325277777779
2023-11-23,Capricorn Coast,Cooee Bay,SHARPTOOTH SHARK,Negaprion acutidens,Deceased,Carcharhiniformes,cooeebay,-23.139136666666666,150.76271333333335
2023-11-23,Townsville,Horseshoe Bay,SPOT-TAIL WHALER,Carcharhinus sorrah,Deceased,Carcharhiniformes,horseshoebay,-19.11187361111111,146.85320555555555
2023-11-23,Townsville,Palarenda Beach,SPOT-TAIL WHALER,Carcharhinus sorrah,Deceased,Carcharhiniformes,palarendabeach,-19.198694444444445,146.77763333333334
2023-11-23,Capricorn Coast,Emu Park,TAWNY SHARK,Nebrius ferrugineus,Released Alive,Orectolobiformes,emupark,-23.262438095238092,150.8322357142857
2023-11-23,Mackay,Bucasia Beach,TAWNY SHARK,Nebrius ferrugineus,Released Alive,Orectolobiformes,bucasiabeach,-21.0204,149.16325277777779
2023-11-23,Townsville,Alma Bay,TIGER SHARK,Galeocerdo cuvier,Released Alive,Carcharhiniformes,almabay,-19.149697222222223,146.87386944444447
2023-11-24,Capricorn Coast,Emu Park,BULL WHALER,Carcharhinus leucas,Deceased,Carcharhiniformes,emupark,-23.262438095238092,150.8322357142857
2023-11-25,Capricorn Coast,Emu Park,PIGEYE WHALER,Carcharhinus amboinensis,Deceased,Carcharhiniformes,emupark,-23.262438095238092,150.8322357142857
2023-11-25,Capricorn Coast,Tanby Point,SHARPTOOTH SHARK,Negaprion acutidens,Released Alive,Carcharhiniformes,tanbypoint,-23.22792666666667,150.82419666666667
2023-11-26,Capricorn Coast,Farnborough Beach,GRACEFUL WHALER,Carcharhinus amblyrhynchoides,Deceased,Carcharhiniformes,farnboroughbeach,-23.116036666666666,150.75383666666667
2023-11-26,Capricorn Coast,Kemp Beach,TIGER SHARK,Galeocerdo cuvier,Released Alive,Carcharhiniformes,kempbeach,-23.1712,150.79471944444444
2023-11-27,Capricorn Coast,Emu Park,BULL WHALER,Carcharhinus leucas,Released Alive,Carcharhiniformes,emupark,-23.262438095238092,150.8322357142857
2023-11-27,Capricorn Coast,Tanby Point,TAWNY SHARK,Nebrius ferrugineus,Released Alive,Orectolobiformes,tanbypoint,-23.22792666666667,150.82419666666667
2023-11-27,Townsville,Florence Bay,TIGER SHARK,Galeocerdo cuvier,Released Alive,Carcharhiniformes,florencebay,-19.123693333333332,146.88541
2023-11-28,Capricorn Coast,Tanby Point,LONG NOSE WHALER,Carcharhinus brevipinna,Deceased,Carcharhiniformes,tanbypoint,-23.22792666666667,150.82419666666667
2023-11-28,Townsville,Palarenda Beach,SPOT-TAIL WHALER,Carcharhinus sorrah,Deceased,Carcharhiniformes,palarendabeach,-19.198694444444445,146.77763333333334
2023-11-29,Capricorn Coast,Fishermans Beach,SHARPTOOTH SHARK,Negaprion acutidens,Deceased,Carcharhiniformes,fishermansbeach,-23.243136666666665,150.82846999999998
2023-12-01,Cairns,Ellis Beach,TIGER SHARK,Galeocerdo cuvier,Deceased,Carcharhiniformes,ellisbeach,-16.72147142857143,145.65029761904762
2023-12-03,Capricorn Coast,Kemp Beach,COMMON BLACKTIP WHALER,Carcharhinus limbatus,Deceased,Carcharhiniformes,kempbeach,-23.1712,150.79471944444444
2023-12-03,Capricorn Coast,Emu Park,COMMON BLACKTIP WHALER,Carcharhinus limbatus,Deceased,Carcharhiniformes,emupark,-23.262438095238092,150.8322357142857
2023-12-03,Capricorn Coast,Cooee Bay,TIGER SHARK,Galeocerdo cuvier,Released Alive,Carcharhiniformes,cooeebay,-23.139136666666666,150.76271333333335
2023-12-04,Capricorn Coast,Lammermoor Beach,COMMON BLACKTIP WHALER,Carcharhinus limbatus,Deceased,Carcharhiniformes,lammermoorbeach,-23.155048484848486,150.77348333333333
2023-12-05,Capricorn Coast,Tanby Point,TAWNY SHARK,Nebrius ferrugineus,Released Alive,Orectolobiformes,tanbypoint,-23.22792666666667,150.82419666666667
2023-12-06,Capricorn Coast,Fishermans Beach,COMMON BLACKTIP WHALER,Carcharhinus limbatus,Deceased,Carcharhiniformes,fishermansbeach,-23.243136666666665,150.82846999999998
2023-12-06,Cairns,Clifton,LONG NOSE WHALER,Carcharhinus brevipinna,Released Alive,Carcharhiniformes,clifton,-16.759525,145.68219583333334
2023-12-06,Capricorn Coast,Yeppoon Beach,PIGEYE WHALER,Carcharhinus amboinensis,Released Alive,Carcharhiniformes,yeppoonbeach,-23.128226666666666,150.75462666666667
2023-12-06,Cairns,Yorkeys,SPOT-TAIL WHALER,Carcharhinus sorrah,Deceased,Carcharhiniformes,yorkeys,-16.805583333333335,145.73073
2023-12-06,Cairns,Buchans,TAWNY SHARK,Nebrius ferrugineus,Released Alive,Orectolobiformes,buchans,-16.725916666666667,145.66339166666666
2023-12-06,Capricorn Coast,Emu Park,TIGER SHARK,Galeocerdo cuvier,Released Alive,Carcharhiniformes,emupark,-23.262438095238092,150.8322357142857
2023-12-06,Capricorn Coast,Farnborough Beach,TIGER SHARK,Galeocerdo cuvier,Released Alive,Carcharhiniformes,farnboroughbeach,-23.116036666666666,150.75383666666667
2023-12-07,Townsville,Picnic Bay,SHARPTOOTH SHARK,Negaprion acutidens,Deceased,Carcharhiniformes,picnicbay,-19.182850000000002,146.84146666666666
2023-12-09,Cairns,Ellis Beach,PIGEYE WHALER,Carcharhinus amboinensis,Deceased,Carcharhiniformes,ellisbeach,-16.72147142857143,145.65029761904762
2023-12-09,Gladstone,Tannum Sands,SPOT-TAIL WHALER,Carcharhinus sorrah,Deceased,Carcharhiniformes,tannumsands,-23.939119444444444,151.3756861111111
2023-12-09,Cairns,Palm Cove,TAWNY SHARK,Nebrius ferrugineus,Released Alive,Orectolobiformes,palmcove,-16.744905555555555,145.6754
2023-12-10,Townsville,Horseshoe Bay,GREAT HAMMERHEAD,Sphyrna mokarran,Deceased,Carcharhiniformes,horseshoebay,-19.11187361111111,146.85320555555555
2023-12-11,Cairns,Ellis Beach,TAWNY SHARK,Nebrius ferrugineus,Released Alive,Orectolobiformes,ellisbeach,-16.72147142857143,145.65029761904762
2023-12-15,Capricorn Coast,Emu Park,AUSTRALIAN BLACKTIP,Carcharhinus tilstoni,Deceased,Carcharhiniformes,emupark,-23.262438095238092,150.8322357142857
2023-12-15,Capricorn Coast,Farnborough Beach,BULL WHALER,Carcharhinus leucas,Deceased,Carcharhiniformes,farnboroughbeach,-23.116036666666666,150.75383666666667
2023-12-15,Capricorn Coast,Lammermoor Beach,COMMON BLACKTIP WHALER,Carcharhinus limbatus,Deceased,Carcharhiniformes,lammermoorbeach,-23.155048484848486,150.77348333333333
2023-12-15,Capricorn Coast,Emu Park,COMMON BLACKTIP WHALER,Carcharhinus limbatus,Deceased,Carcharhiniformes,emupark,-23.262438095238092,150.8322357142857
2023-12-15,Capricorn Coast,Cooee Bay,PIGEYE WHALER,Carcharhinus amboinensis,Deceased,Carcharhiniformes,cooeebay,-23.139136666666666,150.76271333333335
2023-12-16,Capricorn Coast,Tanby Point,BULL WHALER,Carcharhinus leucas,Deceased,Carcharhiniformes,tanbypoint,-23.22792666666667,150.82419666666667
2023-12-16,Capricorn Coast,Emu Park,PIGEYE WHALER,Carcharhinus amboinensis,Deceased,Carcharhiniformes,emupark,-23.262438095238092,150.8322357142857
2023-12-16,Capricorn Coast,Mullambin Beach,PIGEYE WHALER,Carcharhinus amboinensis,Deceased,Carcharhiniformes,mullambinbeach,-23.18919,150.79873
2023-12-17,Capricorn Coast,Farnborough Beach,BULL WHALER,Carcharhinus leucas,Deceased,Carcharhiniformes,farnboroughbeach,-23.116036666666666,150.75383666666667
2023-12-18,Capricorn Coast,Farnborough Beach,BULL WHALER,Carcharhinus leucas,Deceased,Carcharhiniformes,farnboroughbeach,-23.116036666666666,150.75383666666667
2023-12-18,Capricorn Coast,Farnborough Beach,PIGEYE WHALER,Carcharhinus amboinensis,Deceased,Carcharhiniformes,farnboroughbeach,-23.116036666666666,150.75383666666667
2023-12-18,Capricorn Coast,Emu Park,TIGER SHARK,Galeocerdo cuvier,Deceased,Carcharhiniformes,emupark,-23.262438095238092,150.8322357142857
2023-12-18,Capricorn Coast,Farnborough Beach,TIGER SHARK,Galeocerdo cuvier,Released Alive,Carcharhiniformes,farnboroughbeach,-23.116036666666666,150.75383666666667
2023-12-19,Townsville,Alma Bay,COMMON BLACKTIP WHALER,Carcharhinus limbatus,Deceased,Carcharhiniformes,almabay,-19.149697222222223,146.87386944444447
2023-12-19,Gladstone,Tannum Sands,SPOT-TAIL WHALER,Carcharhinus sorrah,Deceased,Carcharhiniformes,tannumsands,-23.939119444444444,151.3756861111111
2023-12-19,Townsville,Radical Bay,TIGER SHARK,Galeocerdo cuvier,Deceased,Carcharhiniformes,radicalbay,-19.108173333333333,146.87670666666668
2023-12-21,Townsville,Alma Bay,SCALLOPED HAMMERHEAD,Sphyrna lewini,Deceased,Carcharhiniformes,almabay,-19.149697222222223,146.87386944444447
2023-12-21,Townsville,Horseshoe Bay,SHARPTOOTH SHARK,Negaprion acutidens,Released Alive,Carcharhiniformes,horseshoebay,-19.11187361111111,146.85320555555555
2023-12-21,Townsville,Horseshoe Bay,SPOT-TAIL WHALER,Carcharhinus sorrah,Deceased,Carcharhiniformes,horseshoebay,-19.11187361111111,146.85320555555555
2023-12-21,Townsville,Nelly Bay,TAWNY SHARK,Nebrius ferrugineus,Released Alive,Orectolobiformes,nellybay,-19.17364523809524,146.85039523809525
2023-12-21,Townsville,Picnic Bay,TAWNY SHARK,Nebrius ferrugineus,Released Alive,Orectolobiformes,picnicbay,-19.182850000000002,146.84146666666666
2023-12-22,Cairns,Holloways,BULL WHALER,Carcharhinus leucas,Deceased,Carcharhiniformes,holloways,-16.83081,145.74805666666666
2023-12-23,Capricorn Coast,Emu Park,TIGER SHARK,Galeocerdo cuvier,Deceased,Carcharhiniformes,emupark,-23.262438095238092,150.8322357142857
2023-12-23,Capricorn Coast,Emu Park,TIGER SHARK,Galeocerdo cuvier,Released Alive,Carcharhiniformes,emupark,-23.262438095238092,150.8322357142857
2023-12-23,Capricorn Coast,Emu Park,TIGER SHARK,Galeocerdo cuvier,Deceased,Carcharhiniformes,emupark,-23.262438095238092,150.8322357142857
2023-12-23,Capricorn Coast,Emu Park,TIGER SHARK,Galeocerdo cuvier,Released Alive,Carcharhiniformes,emupark,-23.262438095238092,150.8322357142857
2023-12-23,Capricorn Coast,Emu Park,TIGER SHARK,Galeocerdo cuvier,Deceased,Carcharhiniformes,emupark,-23.262438095238092,150.8322357142857
2023-12-23,Capricorn Coast,Emu Park,TIGER SHARK,Galeocerdo cuvier,Released Alive,Carcharhiniformes,emupark,-23.262438095238092,150.8322357142857
2023-12-24,Gladstone,Tannum Sands,SPOT-TAIL WHALER,Carcharhinus sorrah,Deceased,Carcharhiniformes,tannumsands,-23.939119444444444,151.3756861111111
2023-12-24,Townsville,Horseshoe Bay,TAWNY SHARK,Nebrius ferrugineus,Released Alive,Orectolobiformes,horseshoebay,-19.11187361111111,146.85320555555555
2023-12-24,Capricorn Coast,Farnborough Beach,TIGER SHARK,Galeocerdo cuvier,Released Alive,Carcharhiniformes,farnboroughbeach,-23.116036666666666,150.75383666666667
2023-12-26,Cairns,Holloways,BULL WHALER,Carcharhinus leucas,Deceased,Carcharhiniformes,holloways,-16.83081,145.74805666666666
2023-12-26,Capricorn Coast,Emu Park,COMMON BLACKTIP WHALER,Carcharhinus limbatus,Released Alive,Carcharhiniformes,emupark,-23.262438095238092,150.8322357142857
2023-12-26,Gladstone,Tannum Sands,TIGER SHARK,Galeocerdo cuvier,Deceased,Carcharhiniformes,tannumsands,-23.939119444444444,151.3756861111111
2023-12-27,Capricorn Coast,Fishermans Beach,AUSTRALIAN BLACKTIP,Carcharhinus tilstoni,Released Alive,Carcharhiniformes,fishermansbeach,-23.243136666666665,150.82846999999998
2023-12-27,Capricorn Coast,Emu Park,COMMON BLACKTIP WHALER,Carcharhinus limbatus,Deceased,Carcharhiniformes,emupark,-23.262438095238092,150.8322357142857
2023-12-27,Capricorn Coast,Tanby Point,COMMON BLACKTIP WHALER,Carcharhinus limbatus,Deceased,Carcharhiniformes,tanbypoint,-23.22792666666667,150.82419666666667
2023-12-27,Townsville,Horseshoe Bay,SPOT-TAIL WHALER,Carcharhinus sorrah,Deceased,Carcharhiniformes,horseshoebay,-19.11187361111111,146.85320555555555
2023-12-28,Capricorn Coast,Farnborough Beach,BULL WHALER,Carcharhinus leucas,Deceased,Carcharhiniformes,farnboroughbeach,-23.116036666666666,150.75383666666667
2023-12-28,Capricorn Coast,Cooee Bay,COMMON BLACKTIP WHALER,Carcharhinus limbatus,Deceased,Carcharhiniformes,cooeebay,-23.139136666666666,150.76271333333335
2023-12-28,Capricorn Coast,Cooee Bay,COMMON BLACKTIP WHALER,Carcharhinus limbatus,Deceased,Carcharhiniformes,cooeebay,-23.139136666666666,150.76271333333335
2023-12-28,Capricorn Coast,Emu Park,COMMON BLACKTIP WHALER,Carcharhinus limbatus,Deceased,Carcharhiniformes,emupark,-23.262438095238092,150.8322357142857
2023-12-28,Capricorn Coast,Emu Park,COMMON BLACKTIP WHALER,Carcharhinus limbatus,Deceased,Carcharhiniformes,emupark,-23.262438095238092,150.8322357142857
2023-12-28,Capricorn Coast,Tanby Point,COMMON BLACKTIP WHALER,Carcharhinus limbatus,Deceased,Carcharhiniformes,tanbypoint,-23.22792666666667,150.82419666666667
2023-12-28,Townsville,Florence Bay,SPOT-TAIL WHALER,Carcharhinus sorrah,Deceased,Carcharhiniformes,florencebay,-19.123693333333332,146.88541
2023-12-28,Townsville,Horseshoe Bay,SPOT-TAIL WHALER,Carcharhinus sorrah,Deceased,Carcharhiniformes,horseshoebay,-19.11187361111111,146.85320555555555
2023-12-28,Capricorn Coast,Fishermans Beach,TAWNY SHARK,Nebrius ferrugineus,Released Alive,Orectolobiformes,fishermansbeach,-23.243136666666665,150.82846999999998
2023-12-30,Capricorn Coast,Emu Park,COMMON BLACKTIP WHALER,Carcharhinus limbatus,Deceased,Carcharhiniformes,emupark,-23.262438095238092,150.8322357142857
2024-01-01,Capricorn Coast,Emu Park,COMMON BLACKTIP WHALER,Carcharhinus limbatus,Released Alive,Carcharhiniformes,emupark,-23.262438095238092,150.8322357142857
2024-01-01,Cairns,Palm Cove,GREAT HAMMERHEAD,Sphyrna mokarran,Deceased,Carcharhiniformes,palmcove,-16.744905555555555,145.6754
2024-01-01,Gladstone,Tannum Sands,PIGEYE WHALER,Carcharhinus amboinensis,Deceased,Carcharhiniformes,tannumsands,-23.939119444444444,151.3756861111111
2024-01-02,Capricorn Coast,Emu Park,COMMON BLACKTIP WHALER,Carcharhinus limbatus,Deceased,Carcharhiniformes,emupark,-23.262438095238092,150.8322357142857
2024-01-02,Capricorn Coast,Farnborough Beach,COMMON BLACKTIP WHALER,Carcharhinus limbatus,Deceased,Carcharhiniformes,farnboroughbeach,-23.116036666666666,150.75383666666667
2024-01-02,Capricorn Coast,Farnborough Beach,COMMON BLACKTIP WHALER,Carcharhinus limbatus,Deceased,Carcharhiniformes,farnboroughbeach,-23.116036666666666,150.75383666666667
2024-01-02,Capricorn Coast,Mullambin Beach,PIGEYE WHALER,Carcharhinus amboinensis,Released Alive,Carcharhiniformes,mullambinbeach,-23.18919,150.79873
2024-01-03,Capricorn Coast,Cooee Bay,BULL WHALER,Carcharhinus leucas,Deceased,Carcharhiniformes,cooeebay,-23.139136666666666,150.76271333333335
2024-01-03,Capricorn Coast,Emu Park,COMMON BLACKTIP WHALER,Carcharhinus limbatus,Deceased,Carcharhiniformes,emupark,-23.262438095238092,150.8322357142857
2024-01-03,Townsville,Florence Bay,TIGER SHARK,Galeocerdo cuvier,Deceased,Carcharhiniformes,florencebay,-19.123693333333332,146.88541
2024-01-05,Cairns,Palm Cove,LONG NOSE WHALER,Carcharhinus brevipinna,Deceased,Carcharhiniformes,palmcove,-16.744905555555555,145.6754
2024-01-05,Capricorn Coast,Emu Park,PIGEYE WHALER,Carcharhinus amboinensis,Deceased,Carcharhiniformes,emupark,-23.262438095238092,150.8322357142857
2024-01-05,Townsville,Florence Bay,SPOT-TAIL WHALER,Carcharhinus sorrah,Deceased,Carcharhiniformes,florencebay,-19.123693333333332,146.88541
2024-01-06,Gladstone,Tannum Sands,BULL WHALER,Carcharhinus leucas,Deceased,Carcharhiniformes,tannumsands,-23.939119444444444,151.3756861111111
2024-01-06,Cairns,Ellis Beach,TIGER SHARK,Galeocerdo cuvier,Deceased,Carcharhiniformes,ellisbeach,-16.72147142857143,145.65029761904762
2024-01-08,Capricorn Coast,Tanby Point,COMMON BLACKTIP WHALER,Carcharhinus limbatus,Released Alive,Carcharhiniformes,tanbypoint,-23.22792666666667,150.82419666666667
2024-01-08,Capricorn Coast,Fishermans Beach,COMMON BLACKTIP WHALER,Carcharhinus limbatus,Released Alive,Carcharhiniformes,fishermansbeach,-23.243136666666665,150.82846999999998
2024-01-08,Capricorn Coast,Emu Park,COMMON BLACKTIP WHALER,Carcharhinus limbatus,Released Alive,Carcharhiniformes,emupark,-23.262438095238092,150.8322357142857
2024-01-08,Capricorn Coast,Emu Park,COMMON BLACKTIP WHALER,Carcharhinus limbatus,Released Alive,Carcharhiniformes,emupark,-23.262438095238092,150.8322357142857
2024-01-08,Capricorn Coast,Emu Park,PIGEYE WHALER,Carcharhinus amboinensis,Deceased,Carcharhiniformes,emupark,-23.262438095238092,150.8322357142857
2024-01-09,Capricorn Coast,Mullambin Beach,COMMON BLACKTIP WHALER,Carcharhinus limbatus,Deceased,Carcharhiniformes,mullambinbeach,-23.18919,150.79873
2024-01-09,Capricorn Coast,Emu Park,COMMON BLACKTIP WHALER,Carcharhinus limbatus,Released Alive,Carcharhiniformes,emupark,-23.262438095238092,150.8322357142857
2024-01-10,Capricorn Coast,Emu Park,COMMON BLACKTIP WHALER,Carcharhinus limbatus,Deceased,Carcharhiniformes,emupark,-23.262438095238092,150.8322357142857
2024-01-10,Capricorn Coast,Emu Park,COMMON BLACKTIP WHALER,Carcharhinus limbatus,Released Alive,Carcharhiniformes,emupark,-23.262438095238092,150.8322357142857
2024-01-10,Cairns,Clifton,GREAT HAMMERHEAD,Sphyrna mokarran,Deceased,Carcharhiniformes,clifton,-16.759525,145.68219583333334
2024-01-10,Cairns,Palm Cove,LONG NOSE WHALER,Carcharhinus brevipinna,Deceased,Carcharhiniformes,palmcove,-16.744905555555555,145.6754
2024-01-10,Mackay,Bucasia Beach,TAWNY SHARK,Nebrius ferrugineus,Released Alive,Orectolobiformes,bucasiabeach,-21.0204,149.16325277777779
2024-01-10,Mackay,Bucasia Beach,TAWNY SHARK,Nebrius ferrugineus,Released Alive,Orectolobiformes,bucasiabeach,-21.0204,149.16325277777779
2024-01-10,Capricorn Coast,Emu Park,TIGER SHARK,Galeocerdo cuvier,Released Alive,Carcharhiniformes,emupark,-23.262438095238092,150.8322357142857
2024-01-10,Townsville,Nelly Bay,TIGER SHARK,Galeocerdo cuvier,Released Alive,Carcharhiniformes,nellybay,-19.17364523809524,146.85039523809525
2024-01-11,Capricorn Coast,Mullambin Beach,AUSTRALIAN BLACKTIP,Carcharhinus tilstoni,Deceased,Carcharhiniformes,mullambinbeach,-23.18919,150.79873
2024-01-11,Capricorn Coast,Emu Park,BULL WHALER,Carcharhinus leucas,Deceased,Carcharhiniformes,emupark,-23.262438095238092,150.8322357142857
2024-01-11,Capricorn Coast,Fishermans Beach,COMMON BLACKTIP WHALER,Carcharhinus limbatus,Deceased,Carcharhiniformes,fishermansbeach,-23.243136666666665,150.82846999999998
2024-01-11,Capricorn Coast,Tanby Point,COMMON BLACKTIP WHALER,Carcharhinus limbatus,Released Alive,Carcharhiniformes,tanbypoint,-23.22792666666667,150.82419666666667
2024-01-12,Townsville,Nelly Bay,COMMON BLACKTIP WHALER,Carcharhinus limbatus,Deceased,Carcharhiniformes,nellybay,-19.17364523809524,146.85039523809525
2024-01-12,Cairns,Ellis Beach,TAWNY SHARK,Nebrius ferrugineus,Released Alive,Orectolobiformes,ellisbeach,-16.72147142857143,145.65029761904762
2024-01-13,Cairns,Holloways,SPOT-TAIL WHALER,Carcharhinus sorrah,Deceased,Carcharhiniformes,holloways,-16.83081,145.74805666666666
2024-01-14,Gladstone,Tannum Sands,PIGEYE WHALER,Carcharhinus amboinensis,Deceased,Carcharhiniformes,tannumsands,-23.939119444444444,151.3756861111111
2024-01-14,Gladstone,Tannum Sands,PIGEYE WHALER,Carcharhinus amboinensis,Deceased,Carcharhiniformes,tannumsands,-23.939119444444444,151.3756861111111
2024-01-15,Capricorn Coast,Fishermans Beach,COMMON BLACKTIP WHALER,Carcharhinus limbatus,Deceased,Carcharhiniformes,fishermansbeach,-23.243136666666665,150.82846999999998
2024-01-15,Capricorn Coast,Farnborough Beach,PIGEYE WHALER,Carcharhinus amboinensis,Deceased,Carcharhiniformes,farnboroughbeach,-23.116036666666666,150.75383666666667
2024-01-15,Capricorn Coast,Lammermoor Beach,PIGEYE WHALER,Carcharhinus amboinensis,Deceased,Carcharhiniformes,lammermoorbeach,-23.155048484848486,150.77348333333333
2024-01-15,Capricorn Coast,Mullambin Beach,PIGEYE WHALER,Carcharhinus amboinensis,Deceased,Carcharhiniformes,mullambinbeach,-23.18919,150.79873
2024-01-15,Capricorn Coast,Yeppoon Beach,PIGEYE WHALER,Carcharhinus amboinensis,Deceased,Carcharhiniformes,yeppoonbeach,-23.128226666666666,150.75462666666667
2024-01-16,Gladstone,Tannum Sands,TIGER SHARK,Galeocerdo cuvier,Deceased,Carcharhiniformes,tannumsands,-23.939119444444444,151.3756861111111
2024-01-17,Cairns,Clifton,GREAT HAMMERHEAD,Sphyrna mokarran,Deceased,Carcharhiniformes,clifton,-16.759525,145.68219583333334
2024-01-18,Capricorn Coast,Emu Park,BULL WHALER,Carcharhinus leucas,Deceased,Carcharhiniformes,emupark,-23.262438095238092,150.8322357142857
2024-01-18,Capricorn Coast,Tanby Point,COMMON BLACKTIP WHALER,Carcharhinus limbatus,Deceased,Carcharhiniformes,tanbypoint,-23.22792666666667,150.82419666666667
2024-01-18,Capricorn Coast,Kemp Beach,SHARPTOOTH SHARK,Negaprion acutidens,Deceased,Carcharhiniformes,kempbeach,-23.1712,150.79471944444444
2024-01-18,Cairns,Ellis Beach,SPOT-TAIL WHALER,Carcharhinus sorrah,Deceased,Carcharhiniformes,ellisbeach,-16.72147142857143,145.65029761904762
2024-01-19,Capricorn Coast,Mullambin Beach,BULL WHALER,Carcharhinus leucas,Deceased,Carcharhiniformes,mullambinbeach,-23.18919,150.79873
2024-01-19,Capricorn Coast,Tanby Point,BULL WHALER,Carcharhinus leucas,Deceased,Carcharhiniformes,tanbypoint,-23.22792666666667,150.82419666666667
2024-01-19,Cairns,Palm Cove,LONG NOSE WHALER,Carcharhinus brevipinna,Deceased,Carcharhiniformes,palmcove,-16.744905555555555,145.6754
2024-01-19,Townsville,Radical Bay,SPOT-TAIL WHALER,Carcharhinus sorrah,Deceased,Carcharhiniformes,radicalbay,-19.108173333333333,146.87670666666668
2024-01-19,Cairns,Ellis Beach,TAWNY SHARK,Nebrius ferrugineus,Released Alive,Orectolobiformes,ellisbeach,-16.72147142857143,145.65029761904762
2024-01-20,Townsville,Palarenda Beach,SPOT-TAIL WHALER,Carcharhinus sorrah,Deceased,Carcharhiniformes,palarendabeach,-19.198694444444445,146.77763333333334
2024-01-20,Gladstone,Tannum Sands,TIGER SHARK,Galeocerdo cuvier,Deceased,Carcharhiniformes,tannumsands,-23.939119444444444,151.3756861111111
2024-01-21,Capricorn Coast,Mullambin Beach,TIGER SHARK,Galeocerdo cuvier,Released Alive,Carcharhiniformes,mullambinbeach,-23.18919,150.79873
2024-01-21,Capricorn Coast,Tanby Point,TIGER SHARK,Galeocerdo cuvier,Released Alive,Carcharhiniformes,tanbypoint,-23.22792666666667,150.82419666666667
2024-01-22,Capricorn Coast,Emu Park,BULL WHALER,Carcharhinus leucas,Deceased,Carcharhiniformes,emupark,-23.262438095238092,150.8322357142857
2024-01-22,Capricorn Coast,Kemp Beach,SHARPTOOTH SHARK,Negaprion acutidens,Deceased,Carcharhiniformes,kempbeach,-23.1712,150.79471944444444
2024-01-24,Townsville,Horseshoe Bay,COMMON BLACKTIP WHALER,Carcharhinus limbatus,Deceased,Carcharhiniformes,horseshoebay,-19.11187361111111,146.85320555555555
2024-01-24,Townsville,Radical Bay,COMMON BLACKTIP WHALER,Carcharhinus limbatus,Deceased,Carcharhiniformes,radicalbay,-19.108173333333333,146.87670666666668
2024-01-24,Townsville,Horseshoe Bay,SHARPTOOTH SHARK,Negaprion acutidens,Released Alive,Carcharhiniformes,horseshoebay,-19.11187361111111,146.85320555555555
2024-01-24,Townsville,Horseshoe Bay,SPOT-TAIL WHALER,Carcharhinus sorrah,Deceased,Carcharhiniformes,horseshoebay,-19.11187361111111,146.85320555555555
2024-01-24,Townsville,Horseshoe Bay,TIGER SHARK,Galeocerdo cuvier,Euthanised,Carcharhiniformes,horseshoebay,-19.11187361111111,146.85320555555555
2024-01-24,Townsville,Radical Bay,TIGER SHARK,Galeocerdo cuvier,Deceased,Carcharhiniformes,radicalbay,-19.108173333333333,146.87670666666668
2024-01-25,Cairns,Clifton,SPOT-TAIL WHALER,Carcharhinus sorrah,Deceased,Carcharhiniformes,clifton,-16.759525,145.68219583333334
2024-01-25,Cairns,Ellis Beach,SPOT-TAIL WHALER,Carcharhinus sorrah,Deceased,Carcharhiniformes,ellisbeach,-16.72147142857143,145.65029761904762
2024-01-27,Capricorn Coast,Tanby Point,BULL WHALER,Carcharhinus leucas,Released Alive,Carcharhiniformes,tanbypoint,-23.22792666666667,150.82419666666667
2024-01-27,Gladstone,Tannum Sands,PIGEYE WHALER,Carcharhinus amboinensis,Deceased,Carcharhiniformes,tannumsands,-23.939119444444444,151.3756861111111
2024-01-28,Capricorn Coast,Emu Park,BULL WHALER,Carcharhinus leucas,Deceased,Carcharhiniformes,emupark,-23.262438095238092,150.8322357142857
2024-01-28,Capricorn Coast,Yeppoon Beach,BULL WHALER,Carcharhinus leucas,Deceased,Carcharhiniformes,yeppoonbeach,-23.128226666666666,150.75462666666667
2024-01-28,Capricorn Coast,Farnborough Beach,PIGEYE WHALER,Carcharhinus amboinensis,Deceased,Carcharhiniformes,farnboroughbeach,-23.116036666666666,150.75383666666667
2024-01-28,Capricorn Coast,Kemp Beach,PIGEYE WHALER,Carcharhinus amboinensis,Deceased,Carcharhiniformes,kempbeach,-23.1712,150.79471944444444
2024-01-28,Capricorn Coast,Yeppoon Beach,PIGEYE WHALER,Carcharhinus amboinensis,Deceased,Carcharhiniformes,yeppoonbeach,-23.128226666666666,150.75462666666667
2024-01-29,Townsville,Palarenda Beach,PIGEYE WHALER,Carcharhinus amboinensis,Deceased,Carcharhiniformes,palarendabeach,-19.198694444444445,146.77763333333334
2024-01-29,Capricorn Coast,Tanby Point,PIGEYE WHALER,Carcharhinus amboinensis,Deceased,Carcharhiniformes,tanbypoint,-23.22792666666667,150.82419666666667
2024-01-29,Capricorn Coast,Yeppoon Beach,PIGEYE WHALER,Carcharhinus amboinensis,Deceased,Carcharhiniformes,yeppoonbeach,-23.128226666666666,150.75462666666667
2024-01-30,Townsville,Alma Bay,COMMON BLACKTIP WHALER,Carcharhinus limbatus,Deceased,Carcharhiniformes,almabay,-19.149697222222223,146.87386944444447
2024-01-30,Capricorn Coast,Emu Park,PIGEYE WHALER,Carcharhinus amboinensis,Deceased,Carcharhiniformes,emupark,-23.262438095238092,150.8322357142857
2024-01-30,Townsville,Nelly Bay,SPOT-TAIL WHALER,Carcharhinus sorrah,Deceased,Carcharhiniformes,nellybay,-19.17364523809524,146.85039523809525
2024-01-31,Capricorn Coast,Cooee Bay,BULL WHALER,Carcharhinus leucas,Deceased,Carcharhiniformes,cooeebay,-23.139136666666666,150.76271333333335
2024-01-31,Capricorn Coast,Farnborough Beach,BULL WHALER,Carcharhinus leucas,Deceased,Carcharhiniformes,farnboroughbeach,-23.116036666666666,150.75383666666667
2024-01-31,Cairns,Clifton,LONG NOSE WHALER,Carcharhinus brevipinna,Deceased,Carcharhiniformes,clifton,-16.759525,145.68219583333334
2024-01-31,Capricorn Coast,Fishermans Beach,PIGEYE WHALER,Carcharhinus amboinensis,Deceased,Carcharhiniformes,fishermansbeach,-23.243136666666665,150.82846999999998
2024-01-31,Capricorn Coast,Farnborough Beach,TIGER SHARK,Galeocerdo cuvier,Deceased,Carcharhiniformes,farnboroughbeach,-23.116036666666666,150.75383666666667
2024-01-31,Capricorn Coast,Kemp Beach,TIGER SHARK,Galeocerdo cuvier,Deceased,Carcharhiniformes,kempbeach,-23.1712,150.79471944444444
2024-02-01,Townsville,Florence Bay,SPOT-TAIL WHALER,Carcharhinus sorrah,Deceased,Carcharhiniformes,florencebay,-19.123693333333332,146.88541
2024-02-02,Capricorn Coast,Fishermans Beach,BULL WHALER,Carcharhinus leucas,Released Alive,Carcharhiniformes,fishermansbeach,-23.243136666666665,150.82846999999998
2024-02-02,Townsville,Horseshoe Bay,PIGEYE WHALER,Carcharhinus amboinensis,Deceased,Carcharhiniformes,horseshoebay,-19.11187361111111,146.85320555555555
2024-02-02,Cairns,Yorkeys,SHARPTOOTH SHARK,Negaprion acutidens,Deceased,Carcharhiniformes,yorkeys,-16.805583333333335,145.73073
2024-02-02,Cairns,Buchans,SPOT-TAIL WHALER,Carcharhinus sorrah,Deceased,Carcharhiniformes,buchans,-16.725916666666667,145.66339166666666
2024-02-03,Townsville,Radical Bay,BULL WHALER,Carcharhinus leucas,Deceased,Carcharhiniformes,radicalbay,-19.108173333333333,146.87670666666668
2024-02-03,Capricorn Coast,Cooee Bay,BULL WHALER,Carcharhinus leucas,Deceased,Carcharhiniformes,cooeebay,-23.139136666666666,150.76271333333335
2024-02-03,Capricorn Coast,Fishermans Beach,BULL WHALER,Carcharhinus leucas,Deceased,Carcharhiniformes,fishermansbeach,-23.243136666666665,150.82846999999998
2024-02-03,Capricorn Coast,Fishermans Beach,BULL WHALER,Carcharhinus leucas,Released Alive,Carcharhiniformes,fishermansbeach,-23.243136666666665,150.82846999999998
2024-02-03,Capricorn Coast,Yeppoon Beach,BULL WHALER,Carcharhinus leucas,Deceased,Carcharhiniformes,yeppoonbeach,-23.128226666666666,150.75462666666667
2024-02-06,Townsville,Horseshoe Bay,TIGER SHARK,Galeocerdo cuvier,Deceased,Carcharhiniformes,horseshoebay,-19.11187361111111,146.85320555555555
2024-02-07,Cairns,Palm Cove,SPOT-TAIL WHALER,Carcharhinus sorrah,Deceased,Carcharhiniformes,palmcove,-16.744905555555555,145.6754
2024-02-07,Townsville,Florence Bay,TIGER SHARK,Galeocerdo cuvier,Deceased,Carcharhiniformes,florencebay,-19.123693333333332,146.88541
2024-02-08,Townsville,Palarenda Beach,SPOT-TAIL WHALER,Carcharhinus sorrah,Deceased,Carcharhiniformes,palarendabeach,-19.198694444444445,146.77763333333334
2024-02-10,Gladstone,Tannum Sands,BULL WHALER,Carcharhinus leucas,Deceased,Carcharhiniformes,tannumsands,-23.939119444444444,151.3756861111111
2024-02-12,Capricorn Coast,Emu Park,BULL WHALER,Carcharhinus leucas,Released Alive,Carcharhiniformes,emupark,-23.262438095238092,150.8322357142857
2024-02-12,Capricorn Coast,Fishermans Beach,BULL WHALER,Carcharhinus leucas,Released Alive,Carcharhiniformes,fishermansbeach,-23.243136666666665,150.82846999999998
2024-02-12,Capricorn Coast,Fishermans Beach,PIGEYE WHALER,Carcharhinus amboinensis,Released Alive,Carcharhiniformes,fishermansbeach,-23.243136666666665,150.82846999999998
2024-02-12,Gladstone,Tannum Sands,PIGEYE WHALER,Carcharhinus amboinensis,Deceased,Carcharhiniformes,tannumsands,-23.939119444444444,151.3756861111111
2024-02-13,Capricorn Coast,Emu Park,BULL WHALER,Carcharhinus leucas,Released Alive,Carcharhiniformes,emupark,-23.262438095238092,150.8322357142857
2024-02-13,Capricorn Coast,Lammermoor Beach,BULL WHALER,Carcharhinus leucas,Deceased,Carcharhiniformes,lammermoorbeach,-23.155048484848486,150.77348333333333
2024-02-13,Capricorn Coast,Tanby Point,BULL WHALER,Carcharhinus leucas,Deceased,Carcharhiniformes,tanbypoint,-23.22792666666667,150.82419666666667
2024-02-13,Cairns,Palm Cove,TAWNY SHARK,Nebrius ferrugineus,Released Alive,Orectolobiformes,palmcove,-16.744905555555555,145.6754
2024-02-14,Cairns,Clifton,TIGER SHARK,Galeocerdo cuvier,Released Alive,Carcharhiniformes,clifton,-16.759525,145.68219583333334
2024-02-15,Capricorn Coast,Kemp Beach,BULL WHALER,Carcharhinus leucas,Deceased,Carcharhiniformes,kempbeach,-23.1712,150.79471944444444
2024-02-15,Capricorn Coast,Farnborough Beach,PIGEYE WHALER,Carcharhinus amboinensis,Deceased,Carcharhiniformes,farnboroughbeach,-23.116036666666666,150.75383666666667
2024-02-15,Cairns,Palm Cove,TAWNY SHARK,Nebrius ferrugineus,Released Alive,Orectolobiformes,palmcove,-16.744905555555555,145.6754
2024-02-15,Cairns,Palm Cove,TAWNY SHARK,Nebrius ferrugineus,Released Alive,Orectolobiformes,palmcove,-16.744905555555555,145.6754
2024-02-16,Capricorn Coast,Emu Park,BULL WHALER,Carcharhinus leucas,Deceased,Carcharhiniformes,emupark,-23.262438095238092,150.8322357142857
2024-02-16,Capricorn Coast,Kemp Beach,BULL WHALER,Carcharhinus leucas,Deceased,Carcharhiniformes,kempbeach,-23.1712,150.79471944444444
2024-02-19,Capricorn Coast,Mullambin Beach,BULL WHALER,Carcharhinus leucas,Released Alive,Carcharhiniformes,mullambinbeach,-23.18919,150.79873
2024-02-19,Gladstone,Tannum Sands,PIGEYE WHALER,Carcharhinus amboinensis,Deceased,Carcharhiniformes,tannumsands,-23.939119444444444,151.3756861111111
2024-02-20,Capricorn Coast,Emu Park,BULL WHALER,Carcharhinus leucas,Deceased,Carcharhiniformes,emupark,-23.262438095238092,150.8322357142857
2024-02-20,Capricorn Coast,Emu Park,BULL WHALER,Carcharhinus leucas,Deceased,Carcharhiniformes,emupark,-23.262438095238092,150.8322357142857
2024-02-20,Capricorn Coast,Tanby Point,BULL WHALER,Carcharhinus leucas,Deceased,Carcharhiniformes,tanbypoint,-23.22792666666667,150.82419666666667
2024-02-20,Capricorn Coast,Yeppoon Beach,BULL WHALER,Carcharhinus leucas,Deceased,Carcharhiniformes,yeppoonbeach,-23.128226666666666,150.75462666666667
2024-02-20,Capricorn Coast,Fishermans Beach,DUSKY WHALER,Carcharhinus obscurus,Released Alive,Carcharhiniformes,fishermansbeach,-23.243136666666665,150.82846999999998
2024-02-20,Cairns,Palm Cove,DUSKY WHALER,Carcharhinus obscurus,Released Alive,Carcharhiniformes,palmcove,-16.744905555555555,145.6754
2024-02-20,Capricorn Coast,Kemp Beach,SHARPTOOTH SHARK,Negaprion acutidens,Deceased,Carcharhiniformes,kempbeach,-23.1712,150.79471944444444
2024-02-21,Mackay,Eimeo Beach,BULL WHALER,Carcharhinus leucas,Deceased,Carcharhiniformes,eimeobeach,-21.030911111111113,149.18116666666666
2024-02-21,Capricorn Coast,Emu Park,BULL WHALER,Carcharhinus leucas,Released Alive,Carcharhiniformes,emupark,-23.262438095238092,150.8322357142857
2024-02-21,Capricorn Coast,Farnborough Beach,BULL WHALER,Carcharhinus leucas,Deceased,Carcharhiniformes,farnboroughbeach,-23.116036666666666,150.75383666666667
2024-02-21,Capricorn Coast,Emu Park,PIGEYE WHALER,Carcharhinus amboinensis,Deceased,Carcharhiniformes,emupark,-23.262438095238092,150.8322357142857
2024-02-21,Capricorn Coast,Fishermans Beach,PIGEYE WHALER,Carcharhinus amboinensis,Deceased,Carcharhiniformes,fishermansbeach,-23.243136666666665,150.82846999999998
2024-02-21,Capricorn Coast,Tanby Point,PIGEYE WHALER,Carcharhinus amboinensis,Deceased,Carcharhiniformes,tanbypoint,-23.22792666666667,150.82419666666667
2024-02-21,Gladstone,Tannum Sands,PIGEYE WHALER,Carcharhinus amboinensis,Deceased,Carcharhiniformes,tannumsands,-23.939119444444444,151.3756861111111
2024-02-21,Mackay,Eimeo Beach,TAWNY SHARK,Nebrius ferrugineus,Released Alive,Orectolobiformes,eimeobeach,-21.030911111111113,149.18116666666666
2024-02-21,Capricorn Coast,Farnborough Beach,TIGER SHARK,Galeocerdo cuvier,Released Alive,Carcharhiniformes,farnboroughbeach,-23.116036666666666,150.75383666666667
2024-02-22,Capricorn Coast,Kemp Beach,PIGEYE WHALER,Carcharhinus amboinensis,Deceased,Carcharhiniformes,kempbeach,-23.1712,150.79471944444444
2024-02-22,Capricorn Coast,Kemp Beach,PIGEYE WHALER,Carcharhinus amboinensis,Deceased,Carcharhiniformes,kempbeach,-23.1712,150.79471944444444
2024-02-22,Cairns,Ellis Beach,TAWNY SHARK,Nebrius ferrugineus,Released Alive,Orectolobiformes,ellisbeach,-16.72147142857143,145.65029761904762
2024-02-23,Capricorn Coast,Mullambin Beach,PIGEYE WHALER,Carcharhinus amboinensis,Deceased,Carcharhiniformes,mullambinbeach,-23.18919,150.79873
2024-02-23,Cairns,Ellis Beach,TIGER SHARK,Galeocerdo cuvier,Released Alive,Carcharhiniformes,ellisbeach,-16.72147142857143,145.65029761904762
2024-02-24,Mackay,Blacks Beach,BULL WHALER,Carcharhinus leucas,Deceased,Carcharhiniformes,blacksbeach,-21.045294444444444,149.19208333333333
2024-02-24,Mackay,Blacks Beach,TAWNY SHARK,Nebrius ferrugineus,Released Alive,Orectolobiformes,blacksbeach,-21.045294444444444,149.19208333333333
2024-02-24,Capricorn Coast,Fishermans Beach,TIGER SHARK,Galeocerdo cuvier,Released Alive,Carcharhiniformes,fishermansbeach,-23.243136666666665,150.82846999999998
2024-02-26,Gladstone,Tannum Sands,BULL WHALER,Carcharhinus leucas,Deceased,Carcharhiniformes,tannumsands,-23.939119444444444,151.3756861111111
2024-02-28,Capricorn Coast,Emu Park,BULL WHALER,Carcharhinus leucas,Released Alive,Carcharhiniformes,emupark,-23.262438095238092,150.8322357142857
2024-02-29,Capricorn Coast,Mullambin Beach,BULL WHALER,Carcharhinus leucas,Deceased,Carcharhiniformes,mullambinbeach,-23.18919,150.79873
2024-02-29,Capricorn Coast,Tanby Point,BULL WHALER,Carcharhinus leucas,Released Alive,Carcharhiniformes,tanbypoint,-23.22792666666667,150.82419666666667
2024-02-29,Capricorn Coast,Emu Park,DUSKY WHALER,Carcharhinus obscurus,Released Alive,Carcharhiniformes,emupark,-23.262438095238092,150.8322357142857
2024-02-29,Cairns,Ellis Beach,SHARPTOOTH SHARK,Negaprion acutidens,Released Alive,Carcharhiniformes,ellisbeach,-16.72147142857143,145.65029761904762
2024-02-29,Cairns,Ellis Beach,SHARPTOOTH SHARK,Negaprion acutidens,Released Alive,Carcharhiniformes,ellisbeach,-16.72147142857143,145.65029761904762
2024-02-29,Cairns,Palm Cove,TIGER SHARK,Galeocerdo cuvier,Released Alive,Carcharhiniformes,palmcove,-16.744905555555555,145.6754
2024-02-29,Capricorn Coast,Fishermans Beach,TIGER SHARK,Galeocerdo cuvier,Released Alive,Carcharhiniformes,fishermansbeach,-23.243136666666665,150.82846999999998
2024-03-01,Mackay,Blacks Beach,BULL WHALER,Carcharhinus leucas,Deceased,Carcharhiniformes,blacksbeach,-21.045294444444444,149.19208333333333
2024-03-01,Mackay,Eimeo Beach,BULL WHALER,Carcharhinus leucas,Released Alive,Carcharhiniformes,eimeobeach,-21.030911111111113,149.18116666666666
2024-03-01,Townsville,Radical Bay,COMMON BLACKTIP WHALER,Carcharhinus limbatus,Deceased,Carcharhiniformes,radicalbay,-19.108173333333333,146.87670666666668
2024-03-01,Mackay,Blacks Beach,SHARPTOOTH SHARK,Negaprion acutidens,Deceased,Carcharhiniformes,blacksbeach,-21.045294444444444,149.19208333333333
2024-03-01,Mackay,Eimeo Beach,TAWNY SHARK,Nebrius ferrugineus,Released Alive,Orectolobiformes,eimeobeach,-21.030911111111113,149.18116666666666
2024-03-01,Townsville,Radical Bay,TIGER SHARK,Galeocerdo cuvier,Released Alive,Carcharhiniformes,radicalbay,-19.108173333333333,146.87670666666668
2024-03-01,Townsville,Radical Bay,TIGER SHARK,Galeocerdo cuvier,Released Alive,Carcharhiniformes,radicalbay,-19.108173333333333,146.87670666666668
2024-03-02,Capricorn Coast,Farnborough Beach,BULL WHALER,Carcharhinus leucas,Deceased,Carcharhiniformes,farnboroughbeach,-23.116036666666666,150.75383666666667
2024-03-02,Gladstone,Tannum Sands,PIGEYE WHALER,Carcharhinus amboinensis,Deceased,Carcharhiniformes,tannumsands,-23.939119444444444,151.3756861111111
2024-03-02,Townsville,Florence Bay,TIGER SHARK,Galeocerdo cuvier,Deceased,Carcharhiniformes,florencebay,-19.123693333333332,146.88541
2024-03-03,Capricorn Coast,Emu Park,PIGEYE WHALER,Carcharhinus amboinensis,Deceased,Carcharhiniformes,emupark,-23.262438095238092,150.8322357142857
2024-03-03,Mackay,Bucasia Beach,TAWNY SHARK,Nebrius ferrugineus,Released Alive,Orectolobiformes,bucasiabeach,-21.0204,149.16325277777779
2024-03-05,Cairns,Ellis Beach,SPOT-TAIL WHALER,Carcharhinus sorrah,Released Alive,Carcharhiniformes,ellisbeach,-16.72147142857143,145.65029761904762
2024-03-05,Cairns,Ellis Beach,SPOT-TAIL WHALER,Carcharhinus sorrah,Released Alive,Carcharhiniformes,ellisbeach,-16.72147142857143,145.65029761904762
2024-03-05,Mackay,Eimeo Beach,TAWNY SHARK,Nebrius ferrugineus,Released Alive,Orectolobiformes,eimeobeach,-21.030911111111113,149.18116666666666
2024-03-08,Townsville,Radical Bay,COMMON BLACKTIP WHALER,Carcharhinus limbatus,Deceased,Carcharhiniformes,radicalbay,-19.108173333333333,146.87670666666668
2024-03-08,Townsville,Radical Bay,TIGER SHARK,Galeocerdo cuvier,Deceased,Carcharhiniformes,radicalbay,-19.108173333333333,146.87670666666668
2024-03-09,Townsville,Florence Bay,PIGEYE WHALER,Carcharhinus amboinensis,Deceased,Carcharhiniformes,florencebay,-19.123693333333332,146.88541
2024-03-14,Townsville,Radical Bay,MILK SHARK,Rhizoprionodon acutus,Deceased,Carcharhiniformes,radicalbay,-19.108173333333333,146.87670666666668
2024-03-14,Townsville,Radical Bay,TIGER SHARK,Galeocerdo cuvier,Deceased,Carcharhiniformes,radicalbay,-19.108173333333333,146.87670666666668
2024-03-15,Townsville,Florence Bay,BULL WHALER,Carcharhinus leucas,Deceased,Carcharhiniformes,florencebay,-19.123693333333332,146.88541
2024-03-15,Townsville,Horseshoe Bay,TIGER SHARK,Galeocerdo cuvier,Deceased,Carcharhiniformes,horseshoebay,-19.11187361111111,146.85320555555555
2024-03-18,Gladstone,Tannum Sands,BULL WHALER,Carcharhinus leucas,Deceased,Carcharhiniformes,tannumsands,-23.939119444444444,151.3756861111111
2024-03-18,Capricorn Coast,Fishermans Beach,BULL WHALER,Carcharhinus leucas,Deceased,Carcharhiniformes,fishermansbeach,-23.243136666666665,150.82846999999998
2024-03-18,Capricorn Coast,Tanby Point,BULL WHALER,Carcharhinus leucas,Deceased,Carcharhiniformes,tanbypoint,-23.22792666666667,150.82419666666667
2024-03-18,Gladstone,Tannum Sands,PIGEYE WHALER,Carcharhinus amboinensis,Deceased,Carcharhiniformes,tannumsands,-23.939119444444444,151.3756861111111
2024-03-18,Capricorn Coast,Farnborough Beach,PIGEYE WHALER,Carcharhinus amboinensis,Released Alive,Carcharhiniformes,farnboroughbeach,-23.116036666666666,150.75383666666667
2024-03-18,Capricorn Coast,Tanby Point,PIGEYE WHALER,Carcharhinus amboinensis,Deceased,Carcharhiniformes,tanbypoint,-23.22792666666667,150.82419666666667
2024-03-19,Cairns,Clifton,LONG NOSE WHALER,Carcharhinus brevipinna,Deceased,Carcharhiniformes,clifton,-16.759525,145.68219583333334
2024-03-19,Cairns,Ellis Beach,TAWNY SHARK,Nebrius ferrugineus,Released Alive,Orectolobiformes,ellisbeach,-16.72147142857143,145.65029761904762
2024-03-19,Cairns,Ellis Beach,TAWNY SHARK,Nebrius ferrugineus,Released Alive,Orectolobiformes,ellisbeach,-16.72147142857143,145.65029761904762
2024-03-19,Capricorn Coast,Tanby Point,TIGER SHARK,Galeocerdo cuvier,Released Alive,Carcharhiniformes,tanbypoint,-23.22792666666667,150.82419666666667
2024-03-20,Capricorn Coast,Tanby Point,BULL WHALER,Carcharhinus leucas,Deceased,Carcharhiniformes,tanbypoint,-23.22792666666667,150.82419666666667
2024-03-20,Cairns,Ellis Beach,TAWNY SHARK,Nebrius ferrugineus,Released Alive,Orectolobiformes,ellisbeach,-16.72147142857143,145.65029761904762
2024-03-20,Cairns,Ellis Beach,TAWNY SHARK,Nebrius ferrugineus,Released Alive,Orectolobiformes,ellisbeach,-16.72147142857143,145.65029761904762
2024-03-20,Cairns,Palm Cove,TAWNY SHARK,Nebrius ferrugineus,Released Alive,Orectolobiformes,palmcove,-16.744905555555555,145.6754
2024-03-20,Cairns,Palm Cove,TAWNY SHARK,Nebrius ferrugineus,Released Alive,Orectolobiformes,palmcove,-16.744905555555555,145.6754
2024-03-20,Cairns,Trinity,TIGER SHARK,Galeocerdo cuvier,Deceased,Carcharhiniformes,trinity,-16.777091666666667,145.7011611111111
2024-03-20,Townsville,Florence Bay,TIGER SHARK,Galeocerdo cuvier,Deceased,Carcharhiniformes,florencebay,-19.123693333333332,146.88541
2024-03-20,Capricorn Coast,Tanby Point,TIGER SHARK,Galeocerdo cuvier,Deceased,Carcharhiniformes,tanbypoint,-23.22792666666667,150.82419666666667
2024-03-21,Capricorn Coast,Mullambin Beach,BULL WHALER,Carcharhinus leucas,Deceased,Carcharhiniformes,mullambinbeach,-23.18919,150.79873
2024-03-21,Cairns,Ellis Beach,LONG NOSE WHALER,Carcharhinus brevipinna,Deceased,Carcharhiniformes,ellisbeach,-16.72147142857143,145.65029761904762
2024-03-21,Townsville,Horseshoe Bay,PIGEYE WHALER,Carcharhinus amboinensis,Deceased,Carcharhiniformes,horseshoebay,-19.11187361111111,146.85320555555555
2024-03-21,Capricorn Coast,Cooee Bay,PIGEYE WHALER,Carcharhinus amboinensis,Deceased,Carcharhiniformes,cooeebay,-23.139136666666666,150.76271333333335
2024-03-21,Cairns,Palm Cove,TAWNY SHARK,Nebrius ferrugineus,Released Alive,Orectolobiformes,palmcove,-16.744905555555555,145.6754
2024-03-21,Cairns,Palm Cove,TAWNY SHARK,Nebrius ferrugineus,Released Alive,Orectolobiformes,palmcove,-16.744905555555555,145.6754
2024-03-21,Cairns,Palm Cove,TAWNY SHARK,Nebrius ferrugineus,Released Alive,Orectolobiformes,palmcove,-16.744905555555555,145.6754
2024-03-21,Cairns,Palm Cove,TAWNY SHARK,Nebrius ferrugineus,Released Alive,Orectolobiformes,palmcove,-16.744905555555555,145.6754
2024-03-21,Townsville,Horseshoe Bay,TIGER SHARK,Galeocerdo cuvier,Euthanised,Carcharhiniformes,horseshoebay,-19.11187361111111,146.85320555555555
2024-03-23,Townsville,Palarenda Beach,GREAT HAMMERHEAD,Sphyrna mokarran,Deceased,Carcharhiniformes,palarendabeach,-19.198694444444445,146.77763333333334
2024-03-25,Capricorn Coast,Tanby Point,BULL WHALER,Carcharhinus leucas,Deceased,Carcharhiniformes,tanbypoint,-23.22792666666667,150.82419666666667
2024-03-25,Capricorn Coast,Emu Park,PIGEYE WHALER,Carcharhinus amboinensis,Deceased,Carcharhiniformes,emupark,-23.262438095238092,150.8322357142857
2024-03-25,Capricorn Coast,Cooee Bay,TIGER SHARK,Galeocerdo cuvier,Deceased,Carcharhiniformes,cooeebay,-23.139136666666666,150.76271333333335
2024-03-26,Capricorn Coast,Emu Park,COMMON BLACKTIP WHALER,Carcharhinus limbatus,Released Alive,Carcharhiniformes,emupark,-23.262438095238092,150.8322357142857
2024-03-26,Cairns,Ellis Beach,TAWNY SHARK,Nebrius ferrugineus,Released Alive,Orectolobiformes,ellisbeach,-16.72147142857143,145.65029761904762
2024-03-26,Cairns,Ellis Beach,TAWNY SHARK,Nebrius ferrugineus,Released Alive,Orectolobiformes,ellisbeach,-16.72147142857143,145.65029761904762
2024-03-26,Mackay,Blacks Beach,TAWNY SHARK,Nebrius ferrugineus,Released Alive,Orectolobiformes,blacksbeach,-21.045294444444444,149.19208333333333
2024-03-27,Cairns,Clifton,SPOT-TAIL WHALER,Carcharhinus sorrah,Deceased,Carcharhiniformes,clifton,-16.759525,145.68219583333334
2024-03-27,Cairns,Ellis Beach,TAWNY SHARK,Nebrius ferrugineus,Released Alive,Orectolobiformes,ellisbeach,-16.72147142857143,145.65029761904762
2024-03-27,Cairns,Ellis Beach,TAWNY SHARK,Nebrius ferrugineus,Released Alive,Orectolobiformes,ellisbeach,-16.72147142857143,145.65029761904762
2024-03-27,Capricorn Coast,Emu Park,TIGER SHARK,Galeocerdo cuvier,Released Alive,Carcharhiniformes,emupark,-23.262438095238092,150.8322357142857
2024-03-28,Mackay,Eimeo Beach,SHARPTOOTH SHARK,Negaprion acutidens,Deceased,Carcharhiniformes,eimeobeach,-21.030911111111113,149.18116666666666
2024-03-29,Gladstone,Tannum Sands,BULL WHALER,Carcharhinus leucas,Deceased,Carcharhiniformes,tannumsands,-23.939119444444444,151.3756861111111
2024-03-29,Cairns,Palm Cove,TAWNY SHARK,Nebrius ferrugineus,Released Alive,Orectolobiformes,palmcove,-16.744905555555555,145.6754
2024-03-29,Cairns,Palm Cove,TAWNY SHARK,Nebrius ferrugineus,Released Alive,Orectolobiformes,palmcove,-16.744905555555555,145.6754
2024-04-01,Capricorn Coast,Tanby Point,BULL WHALER,Carcharhinus leucas,Released Alive,Carcharhiniformes,tanbypoint,-23.22792666666667,150.82419666666667
2024-04-01,Townsville,Horseshoe Bay,TIGER SHARK,Galeocerdo cuvier,Euthanised,Carcharhiniformes,horseshoebay,-19.11187361111111,146.85320555555555
2024-04-02,Capricorn Coast,Tanby Point,PIGEYE WHALER,Carcharhinus amboinensis,Released Alive,Carcharhiniformes,tanbypoint,-23.22792666666667,150.82419666666667
2024-04-02,Townsville,Nelly Bay,SPOT-TAIL WHALER,Carcharhinus sorrah,Deceased,Carcharhiniformes,nellybay,-19.17364523809524,146.85039523809525
2024-04-04,Mackay,Bucasia Beach,BLACKTIP REEF WHALER,Carcharhinus melanopterus,Deceased,Carcharhiniformes,bucasiabeach,-21.0204,149.16325277777779
2024-04-04,Capricorn Coast,Farnborough Beach,PIGEYE WHALER,Carcharhinus amboinensis,Deceased,Carcharhiniformes,farnboroughbeach,-23.116036666666666,150.75383666666667
2024-04-05,Capricorn Coast,Lammermoor Beach,BULL WHALER,Carcharhinus leucas,Released Alive,Carcharhiniformes,lammermoorbeach,-23.155048484848486,150.77348333333333
2024-04-05,Cairns,Ellis Beach,SPOT-TAIL WHALER,Carcharhinus sorrah,Deceased,Carcharhiniformes,ellisbeach,-16.72147142857143,145.65029761904762
2024-04-05,Cairns,Ellis Beach,SPOT-TAIL WHALER,Carcharhinus sorrah,Deceased,Carcharhiniformes,ellisbeach,-16.72147142857143,145.65029761904762
2024-04-07,Capricorn Coast,Tanby Point,BULL WHALER,Carcharhinus leucas,Released Alive,Carcharhiniformes,tanbypoint,-23.22792666666667,150.82419666666667
2024-04-09,Mackay,Blacks Beach,BLACKTIP REEF WHALER,Carcharhinus melanopterus,Deceased,Carcharhiniformes,blacksbeach,-21.045294444444444,149.19208333333333
2024-04-09,Townsville,Nelly Bay,TAWNY SHARK,Nebrius ferrugineus,Released Alive,Orectolobiformes,nellybay,-19.17364523809524,146.85039523809525
2024-04-09,Cairns,Trinity,TIGER SHARK,Galeocerdo cuvier,Released Alive,Carcharhiniformes,trinity,-16.777091666666667,145.7011611111111
2024-04-10,Capricorn Coast,Emu Park,PIGEYE WHALER,Carcharhinus amboinensis,Deceased,Carcharhiniformes,emupark,-23.262438095238092,150.8322357142857
2024-04-10,Capricorn Coast,Farnborough Beach,SANDBAR WHALER,Carcharhinus plumbeus,Deceased,Carcharhiniformes,farnboroughbeach,-23.116036666666666,150.75383666666667
2024-04-10,Cairns,Ellis Beach,TAWNY SHARK,Nebrius ferrugineus,Released Alive,Orectolobiformes,ellisbeach,-16.72147142857143,145.65029761904762
2024-04-10,Cairns,Ellis Beach,TAWNY SHARK,Nebrius ferrugineus,Released Alive,Orectolobiformes,ellisbeach,-16.72147142857143,145.65029761904762
2024-04-10,Townsville,Nelly Bay,TAWNY SHARK,Nebrius ferrugineus,Released Alive,Orectolobiformes,nellybay,-19.17364523809524,146.85039523809525
2024-04-11,Capricorn Coast,Fishermans Beach,AUSTRALIAN BLACKTIP,Carcharhinus tilstoni,Released Alive,Carcharhiniformes,fishermansbeach,-23.243136666666665,150.82846999999998
2024-04-11,Capricorn Coast,Fishermans Beach,AUSTRALIAN BLACKTIP,Carcharhinus tilstoni,Released Alive,Carcharhiniformes,fishermansbeach,-23.243136666666665,150.82846999999998
2024-04-11,Gladstone,Tannum Sands,PIGEYE WHALER,Carcharhinus amboinensis,Deceased,Carcharhiniformes,tannumsands,-23.939119444444444,151.3756861111111
2024-04-11,Cairns,Clifton,SPOT-TAIL WHALER,Carcharhinus sorrah,Released Alive,Carcharhiniformes,clifton,-16.759525,145.68219583333334
2024-04-11,Cairns,Clifton,SPOT-TAIL WHALER,Carcharhinus sorrah,Released Alive,Carcharhiniformes,clifton,-16.759525,145.68219583333334
2024-04-11,Cairns,Ellis Beach,TAWNY SHARK,Nebrius ferrugineus,Released Alive,Orectolobiformes,ellisbeach,-16.72147142857143,145.65029761904762
2024-04-11,Cairns,Ellis Beach,TAWNY SHARK,Nebrius ferrugineus,Released Alive,Orectolobiformes,ellisbeach,-16.72147142857143,145.65029761904762
2024-04-12,Capricorn Coast,Kemp Beach,BULL WHALER,Carcharhinus leucas,Deceased,Carcharhiniformes,kempbeach,-23.1712,150.79471944444444
2024-04-12,Cairns,Palm Cove,TAWNY SHARK,Nebrius ferrugineus,Released Alive,Orectolobiformes,palmcove,-16.744905555555555,145.6754
2024-04-12,Cairns,Palm Cove,TAWNY SHARK,Nebrius ferrugineus,Released Alive,Orectolobiformes,palmcove,-16.744905555555555,145.6754
2024-04-12,Capricorn Coast,Farnborough Beach,TIGER SHARK,Galeocerdo cuvier,Deceased,Carcharhiniformes,farnboroughbeach,-23.116036666666666,150.75383666666667
2024-04-15,Capricorn Coast,Fishermans Beach,PIGEYE WHALER,Carcharhinus amboinensis,Deceased,Carcharhiniformes,fishermansbeach,-23.243136666666665,150.82846999999998
2024-04-16,Cairns,Ellis Beach,BULL WHALER,Carcharhinus leucas,Released Alive,Carcharhiniformes,ellisbeach,-16.72147142857143,145.65029761904762
2024-04-16,Cairns,Ellis Beach,BULL WHALER,Carcharhinus leucas,Released Alive,Carcharhiniformes,ellisbeach,-16.72147142857143,145.65029761904762
2024-04-17,Cairns,Trinity,GREAT HAMMERHEAD,Sphyrna mokarran,Deceased,Carcharhiniformes,trinity,-16.777091666666667,145.7011611111111
2024-04-17,Townsville,Florence Bay,LONG NOSE WHALER,Carcharhinus brevipinna,Deceased,Carcharhiniformes,florencebay,-19.123693333333332,146.88541
2024-04-17,Cairns,Clifton,SPOT-TAIL WHALER,Carcharhinus sorrah,Released Alive,Carcharhiniformes,clifton,-16.759525,145.68219583333334
2024-04-17,Cairns,Clifton,SPOT-TAIL WHALER,Carcharhinus sorrah,Released Alive,Carcharhiniformes,clifton,-16.759525,145.68219583333334
2024-04-18,Cairns,Clifton,LONG NOSE WHALER,Carcharhinus brevipinna,Deceased,Carcharhiniformes,clifton,-16.759525,145.68219583333334
2024-04-18,Cairns,Buchans,SPOT-TAIL WHALER,Carcharhinus sorrah,Deceased,Carcharhiniformes,buchans,-16.725916666666667,145.66339166666666
2024-04-18,Cairns,Palm Cove,TAWNY SHARK,Nebrius ferrugineus,Released Alive,Orectolobiformes,palmcove,-16.744905555555555,145.6754
2024-04-18,Cairns,Palm Cove,TAWNY SHARK,Nebrius ferrugineus,Released Alive,Orectolobiformes,palmcove,-16.744905555555555,145.6754
2024-04-18,Cairns,Palm Cove,TAWNY SHARK,Nebrius ferrugineus,Released Alive,Orectolobiformes,palmcove,-16.744905555555555,145.6754
2024-04-18,Cairns,Palm Cove,TAWNY SHARK,Nebrius ferrugineus,Released Alive,Orectolobiformes,palmcove,-16.744905555555555,145.6754
2024-04-19,Cairns,Yorkeys,BULL WHALER,Carcharhinus leucas,Deceased,Carcharhiniformes,yorkeys,-16.805583333333335,145.73073
2024-04-19,Capricorn Coast,Farnborough Beach,BULL WHALER,Carcharhinus leucas,Deceased,Carcharhiniformes,farnboroughbeach,-23.116036666666666,150.75383666666667
2024-04-19,Cairns,Palm Cove,TAWNY SHARK,Nebrius ferrugineus,Released Alive,Orectolobiformes,palmcove,-16.744905555555555,145.6754
2024-04-19,Cairns,Palm Cove,TAWNY SHARK,Nebrius ferrugineus,Released Alive,Orectolobiformes,palmcove,-16.744905555555555,145.6754
2024-04-19,Cairns,Buchans,TIGER SHARK,Galeocerdo cuvier,Released Alive,Carcharhiniformes,buchans,-16.725916666666667,145.66339166666666
2024-04-20,Capricorn Coast,Fishermans Beach,PIGEYE WHALER,Carcharhinus amboinensis,Deceased,Carcharhiniformes,fishermansbeach,-23.243136666666665,150.82846999999998
2024-04-20,Townsville,Radical Bay,TIGER SHARK,Galeocerdo cuvier,Deceased,Carcharhiniformes,radicalbay,-19.108173333333333,146.87670666666668
2024-04-24,Cairns,Palm Cove,SPOT-TAIL WHALER,Carcharhinus sorrah,Deceased,Carcharhiniformes,palmcove,-16.744905555555555,145.6754
2024-04-24,Cairns,Ellis Beach,TIGER SHARK,Galeocerdo cuvier,Released Alive,Carcharhiniformes,ellisbeach,-16.72147142857143,145.65029761904762
2024-04-25,Capricorn Coast,Fishermans Beach,PIGEYE WHALER,Carcharhinus amboinensis,Released Alive,Carcharhiniformes,fishermansbeach,-23.243136666666665,150.82846999999998
2024-04-25,Townsville,Picnic Bay,TAWNY SHARK,Nebrius ferrugineus,Released Alive,Orectolobiformes,picnicbay,-19.182850000000002,146.84146666666666
2024-04-26,Mackay,Bucasia Beach,GREAT HAMMERHEAD,Sphyrna mokarran,Deceased,Carcharhiniformes,bucasiabeach,-21.0204,149.16325277777779
2024-04-26,Cairns,Clifton,TAWNY SHARK,Nebrius ferrugineus,Released Alive,Orectolobiformes,clifton,-16.759525,145.68219583333334
2024-04-26,Cairns,Clifton,TAWNY SHARK,Nebrius ferrugineus,Released Alive,Orectolobiformes,clifton,-16.759525,145.68219583333334
2024-04-26,Townsville,Florence Bay,TIGER SHARK,Galeocerdo cuvier,Deceased,Carcharhiniformes,florencebay,-19.123693333333332,146.88541
2024-04-30,Cairns,Palm Cove,TAWNY SHARK,Nebrius ferrugineus,Released Alive,Orectolobiformes,palmcove,-16.744905555555555,145.6754
2024-05-02,Cairns,Ellis Beach,PIGEYE WHALER,Carcharhinus amboinensis,Deceased,Carcharhiniformes,ellisbeach,-16.72147142857143,145.65029761904762
2024-05-03,Cairns,Palm Cove,TAWNY SHARK,Nebrius ferrugineus,Released Alive,Orectolobiformes,palmcove,-16.744905555555555,145.6754
2024-05-04,Townsville,Florence Bay,BULL WHALER,Carcharhinus leucas,Deceased,Carcharhiniformes,florencebay,-19.123693333333332,146.88541
2024-05-04,Townsville,Florence Bay,BULL WHALER,Carcharhinus leucas,Deceased,Carcharhiniformes,florencebay,-19.123693333333332,146.88541
2024-05-04,Townsville,Florence Bay,COMMON BLACKTIP WHALER,Carcharhinus limbatus,Deceased,Carcharhiniformes,florencebay,-19.123693333333332,146.88541
2024-05-04,Gladstone,Tannum Sands,PIGEYE WHALER,Carcharhinus amboinensis,Deceased,Carcharhiniformes,tannumsands,-23.939119444444444,151.3756861111111
2024-05-04,Townsville,Horseshoe Bay,TIGER SHARK,Galeocerdo cuvier,Euthanised,Carcharhiniformes,horseshoebay,-19.11187361111111,146.85320555555555
2024-05-06,Capricorn Coast,Mullambin Beach,BULL WHALER,Carcharhinus leucas,Released Alive,Carcharhiniformes,mullambinbeach,-23.18919,150.79873
2024-05-07,Townsville,Picnic Bay,COMMON BLACKTIP WHALER,Carcharhinus limbatus,Deceased,Carcharhiniformes,picnicbay,-19.182850000000002,146.84146666666666
2024-05-07,Townsville,Horseshoe Bay,PIGEYE WHALER,Carcharhinus amboinensis,Deceased,Carcharhiniformes,horseshoebay,-19.11187361111111,146.85320555555555
2024-05-07,Cairns,Trinity,TIGER SHARK,Galeocerdo cuvier,Deceased,Carcharhiniformes,trinity,-16.777091666666667,145.7011611111111
2024-05-07,Capricorn Coast,Cooee Bay,TIGER SHARK,Galeocerdo cuvier,Released Alive,Carcharhiniformes,cooeebay,-23.139136666666666,150.76271333333335
2024-05-09,Cairns,Ellis Beach,BULL WHALER,Carcharhinus leucas,Released Alive,Carcharhiniformes,ellisbeach,-16.72147142857143,145.65029761904762
2024-05-09,Cairns,Palm Cove,TAWNY SHARK,Nebrius ferrugineus,Released Alive,Orectolobiformes,palmcove,-16.744905555555555,145.6754
2024-05-09,Cairns,Palm Cove,TAWNY SHARK,Nebrius ferrugineus,Released Alive,Orectolobiformes,palmcove,-16.744905555555555,145.6754
2024-05-09,Townsville,Horseshoe Bay,TIGER SHARK,Galeocerdo cuvier,Deceased,Carcharhiniformes,horseshoebay,-19.11187361111111,146.85320555555555
2024-05-10,Townsville,Alma Bay,TIGER SHARK,Galeocerdo cuvier,Deceased,Carcharhiniformes,almabay,-19.149697222222223,146.87386944444447
2024-05-11,Capricorn Coast,Tanby Point,PIGEYE WHALER,Carcharhinus amboinensis,Released Alive,Carcharhiniformes,tanbypoint,-23.22792666666667,150.82419666666667
2024-05-11,Townsville,Radical Bay,TIGER SHARK,Galeocerdo cuvier,Deceased,Carcharhiniformes,radicalbay,-19.108173333333333,146.87670666666668
2024-05-11,Townsville,Florence Bay,TIGER SHARK,Galeocerdo cuvier,Released Alive,Carcharhiniformes,florencebay,-19.123693333333332,146.88541
2024-05-12,Capricorn Coast,Cooee Bay,TIGER SHARK,Galeocerdo cuvier,Released Alive,Carcharhiniformes,cooeebay,-23.139136666666666,150.76271333333335
2024-05-13,Capricorn Coast,Mullambin Beach,PIGEYE WHALER,Carcharhinus amboinensis,Deceased,Carcharhiniformes,mullambinbeach,-23.18919,150.79873
2024-05-13,Capricorn Coast,Emu Park,TIGER SHARK,Galeocerdo cuvier,Deceased,Carcharhiniformes,emupark,-23.262438095238092,150.8322357142857
2024-05-14,Capricorn Coast,Mullambin Beach,TIGER SHARK,Galeocerdo cuvier,Released Alive,Carcharhiniformes,mullambinbeach,-23.18919,150.79873
2024-05-15,Townsville,Horseshoe Bay,COMMON BLACKTIP WHALER,Carcharhinus limbatus,Deceased,Carcharhiniformes,horseshoebay,-19.11187361111111,146.85320555555555
2024-05-15,Gladstone,Tannum Sands,PIGEYE WHALER,Carcharhinus amboinensis,Deceased,Carcharhiniformes,tannumsands,-23.939119444444444,151.3756861111111
2024-05-15,Townsville,Alma Bay,TIGER SHARK,Galeocerdo cuvier,Deceased,Carcharhiniformes,almabay,-19.149697222222223,146.87386944444447
2024-05-15,Capricorn Coast,Fishermans Beach,TIGER SHARK,Galeocerdo cuvier,Deceased,Carcharhiniformes,fishermansbeach,-23.243136666666665,150.82846999999998
2024-05-16,Capricorn Coast,Emu Park,BULL WHALER,Carcharhinus leucas,Deceased,Carcharhiniformes,emupark,-23.262438095238092,150.8322357142857
2024-05-17,Capricorn Coast,Tanby Point,PIGEYE WHALER,Carcharhinus amboinensis,Deceased,Carcharhiniformes,tanbypoint,-23.22792666666667,150.82419666666667
2024-05-17,Townsville,Horseshoe Bay,TIGER SHARK,Galeocerdo cuvier,Euthanised,Carcharhiniformes,horseshoebay,-19.11187361111111,146.85320555555555
2024-05-18,Townsville,Alma Bay,TIGER SHARK,Galeocerdo cuvier,Deceased,Carcharhiniformes,almabay,-19.149697222222223,146.87386944444447
2024-05-22,Cairns,Palm Cove,BULL WHALER,Carcharhinus leucas,Released Alive,Carcharhiniformes,palmcove,-16.744905555555555,145.6754
2024-05-22,Capricorn Coast,Farnborough Beach,PIGEYE WHALER,Carcharhinus amboinensis,Deceased,Carcharhiniformes,farnboroughbeach,-23.116036666666666,150.75383666666667
2024-05-22,Cairns,Ellis Beach,TAWNY SHARK,Nebrius ferrugineus,Released Alive,Orectolobiformes,ellisbeach,-16.72147142857143,145.65029761904762
2024-05-22,Cairns,Ellis Beach,TAWNY SHARK,Nebrius ferrugineus,Released Alive,Orectolobiformes,ellisbeach,-16.72147142857143,145.65029761904762
2024-05-23,Cairns,Palm Cove,TIGER SHARK,Galeocerdo cuvier,Released Alive,Carcharhiniformes,palmcove,-16.744905555555555,145.6754
2024-05-24,Capricorn Coast,Mullambin Beach,PIGEYE WHALER,Carcharhinus amboinensis,Released Alive,Carcharhiniformes,mullambinbeach,-23.18919,150.79873
2024-05-24,Townsville,Nelly Bay,TAWNY SHARK,Nebrius ferrugineus,Released Alive,Orectolobiformes,nellybay,-19.17364523809524,146.85039523809525
2024-05-24,Cairns,Palm Cove,TIGER SHARK,Galeocerdo cuvier,Released Alive,Carcharhiniformes,palmcove,-16.744905555555555,145.6754
2024-05-24,Mackay,Blacks Beach,TIGER SHARK,Galeocerdo cuvier,Released Alive,Carcharhiniformes,blacksbeach,-21.045294444444444,149.19208333333333
2024-05-25,Mackay,Bucasia Beach,BULL WHALER,Carcharhinus leucas,Released Alive,Carcharhiniformes,bucasiabeach,-21.0204,149.16325277777779
2024-05-26,Gladstone,Tannum Sands,BULL WHALER,Carcharhinus leucas,Deceased,Carcharhiniformes,tannumsands,-23.939119444444444,151.3756861111111
2024-05-28,Townsville,Horseshoe Bay,TIGER SHARK,Galeocerdo cuvier,Deceased,Carcharhiniformes,horseshoebay,-19.11187361111111,146.85320555555555
2024-05-29,Mackay,Bucasia Beach,TIGER SHARK,Galeocerdo cuvier,Deceased,Carcharhiniformes,bucasiabeach,-21.0204,149.16325277777779
2024-05-29,Townsville,Alma Bay,TIGER SHARK,Galeocerdo cuvier,Deceased,Carcharhiniformes,almabay,-19.149697222222223,146.87386944444447
2024-05-30,Townsville,Florence Bay,BULL WHALER,Carcharhinus leucas,Deceased,Carcharhiniformes,florencebay,-19.123693333333332,146.88541
2024-05-30,Townsville,Nelly Bay,COMMON BLACKTIP WHALER,Carcharhinus limbatus,Deceased,Carcharhiniformes,nellybay,-19.17364523809524,146.85039523809525
2024-05-30,Townsville,Nelly Bay,GREAT HAMMERHEAD,Sphyrna mokarran,Deceased,Carcharhiniformes,nellybay,-19.17364523809524,146.85039523809525
2024-06-01,Townsville,Horseshoe Bay,TIGER SHARK,Galeocerdo cuvier,Deceased,Carcharhiniformes,horseshoebay,-19.11187361111111,146.85320555555555
2024-06-01,Townsville,Horseshoe Bay,TIGER SHARK,Galeocerdo cuvier,Deceased,Carcharhiniformes,horseshoebay,-19.11187361111111,146.85320555555555
2024-06-01,Townsville,Florence Bay,TIGER SHARK,Galeocerdo cuvier,Released Alive,Carcharhiniformes,florencebay,-19.123693333333332,146.88541
2024-06-03,Capricorn Coast,Tanby Point,PIGEYE WHALER,Carcharhinus amboinensis,Released Alive,Carcharhiniformes,tanbypoint,-23.22792666666667,150.82419666666667
2024-06-04,Mackay,Eimeo Beach,BULL WHALER,Carcharhinus leucas,Released Alive,Carcharhiniformes,eimeobeach,-21.030911111111113,149.18116666666666
2024-06-04,Cairns,Ellis Beach,SPOT-TAIL WHALER,Carcharhinus sorrah,Deceased,Carcharhiniformes,ellisbeach,-16.72147142857143,145.65029761904762
2024-06-06,Cairns,Ellis Beach,SPOT-TAIL WHALER,Carcharhinus sorrah,Deceased,Carcharhiniformes,ellisbeach,-16.72147142857143,145.65029761904762
2024-06-06,Cairns,Palm Cove,TAWNY SHARK,Nebrius ferrugineus,Released Alive,Orectolobiformes,palmcove,-16.744905555555555,145.6754
2024-06-06,Cairns,Palm Cove,TAWNY SHARK,Nebrius ferrugineus,Released Alive,Orectolobiformes,palmcove,-16.744905555555555,145.6754
2024-06-06,Townsville,Radical Bay,TIGER SHARK,Galeocerdo cuvier,Deceased,Carcharhiniformes,radicalbay,-19.108173333333333,146.87670666666668
2024-06-07,Cairns,Clifton,SPOT-TAIL WHALER,Carcharhinus sorrah,Deceased,Carcharhiniformes,clifton,-16.759525,145.68219583333334
2024-06-08,Cairns,Clifton,GREAT HAMMERHEAD,Sphyrna mokarran,Deceased,Carcharhiniformes,clifton,-16.759525,145.68219583333334
2024-06-08,Townsville,Horseshoe Bay,TIGER SHARK,Galeocerdo cuvier,Euthanised,Carcharhiniformes,horseshoebay,-19.11187361111111,146.85320555555555
2024-06-09,Capricorn Coast,Tanby Point,BULL WHALER,Carcharhinus leucas,Released Alive,Carcharhiniformes,tanbypoint,-23.22792666666667,150.82419666666667
2024-06-11,Cairns,Ellis Beach,SPOT-TAIL WHALER,Carcharhinus sorrah,Released Alive,Carcharhiniformes,ellisbeach,-16.72147142857143,145.65029761904762
2024-06-11,Cairns,Ellis Beach,SPOT-TAIL WHALER,Carcharhinus sorrah,Released Alive,Carcharhiniformes,ellisbeach,-16.72147142857143,145.65029761904762
2024-06-11,Cairns,Trinity,TAWNY SHARK,Nebrius ferrugineus,Released Alive,Orectolobiformes,trinity,-16.777091666666667,145.7011611111111
2024-06-11,Mackay,Eimeo Beach,TIGER SHARK,Galeocerdo cuvier,Released Alive,Carcharhiniformes,eimeobeach,-21.030911111111113,149.18116666666666
2024-06-12,Cairns,Palm Cove,BULL WHALER,Carcharhinus leucas,Released Alive,Carcharhiniformes,palmcove,-16.744905555555555,145.6754
2024-06-12,Mackay,Blacks Beach,BULL WHALER,Carcharhinus leucas,Deceased,Carcharhiniformes,blacksbeach,-21.045294444444444,149.19208333333333
2024-06-12,Cairns,Palm Cove,LONG NOSE WHALER,Carcharhinus brevipinna,Deceased,Carcharhiniformes,palmcove,-16.744905555555555,145.6754
2024-06-13,Townsville,Florence Bay,COMMON BLACKTIP WHALER,Carcharhinus limbatus,Deceased,Carcharhiniformes,florencebay,-19.123693333333332,146.88541
2024-06-13,Townsville,Picnic Bay,SCALLOPED HAMMERHEAD,Sphyrna lewini,Deceased,Carcharhiniformes,picnicbay,-19.182850000000002,146.84146666666666
2024-06-14,Mackay,Bucasia Beach,TAWNY SHARK,Nebrius ferrugineus,Released Alive,Orectolobiformes,bucasiabeach,-21.0204,149.16325277777779
2024-06-14,Capricorn Coast,Tanby Point,TIGER SHARK,Galeocerdo cuvier,Released Alive,Carcharhiniformes,tanbypoint,-23.22792666666667,150.82419666666667
2024-06-14,Capricorn Coast,Fishermans Beach,TIGER SHARK,Galeocerdo cuvier,Released Alive,Carcharhiniformes,fishermansbeach,-23.243136666666665,150.82846999999998
2024-06-15,Mackay,Bucasia Beach,BULL WHALER,Carcharhinus leucas,Released Alive,Carcharhiniformes,bucasiabeach,-21.0204,149.16325277777779
2024-06-15,Capricorn Coast,Farnborough Beach,BULL WHALER,Carcharhinus leucas,Released Alive,Carcharhiniformes,farnboroughbeach,-23.116036666666666,150.75383666666667
2024-06-15,Cairns,Ellis Beach,TIGER SHARK,Galeocerdo cuvier,Released Alive,Carcharhiniformes,ellisbeach,-16.72147142857143,145.65029761904762
2024-06-15,Mackay,Bucasia Beach,TIGER SHARK,Galeocerdo cuvier,Euthanised,Carcharhiniformes,bucasiabeach,-21.0204,149.16325277777779
2024-06-15,Capricorn Coast,Fishermans Beach,TIGER SHARK,Galeocerdo cuvier,Released Alive,Carcharhiniformes,fishermansbeach,-23.243136666666665,150.82846999999998
2024-06-16,Capricorn Coast,Tanby Point,TIGER SHARK,Galeocerdo cuvier,Released Alive,Carcharhiniformes,tanbypoint,-23.22792666666667,150.82419666666667
2024-06-16,Capricorn Coast,Tanby Point,TIGER SHARK,Galeocerdo cuvier,Released Alive,Carcharhiniformes,tanbypoint,-23.22792666666667,150.82419666666667
2024-06-17,Capricorn Coast,Fishermans Beach,TIGER SHARK,Galeocerdo cuvier,Released Alive,Carcharhiniformes,fishermansbeach,-23.243136666666665,150.82846999999998
2024-06-21,Mackay,Bucasia Beach,BULL WHALER,Carcharhinus leucas,Released Alive,Carcharhiniformes,bucasiabeach,-21.0204,149.16325277777779
2024-06-21,Cairns,Yorkeys,LONG NOSE WHALER,Carcharhinus brevipinna,Deceased,Carcharhiniformes,yorkeys,-16.805583333333335,145.73073
2024-06-21,Cairns,Yorkeys,SHARPTOOTH SHARK,Negaprion acutidens,Deceased,Carcharhiniformes,yorkeys,-16.805583333333335,145.73073
2024-06-21,Townsville,Horseshoe Bay,TIGER SHARK,Galeocerdo cuvier,Deceased,Carcharhiniformes,horseshoebay,-19.11187361111111,146.85320555555555
2024-06-22,Mackay,Blacks Beach,TIGER SHARK,Galeocerdo cuvier,Deceased,Carcharhiniformes,blacksbeach,-21.045294444444444,149.19208333333333
2024-06-22,Mackay,Blacks Beach,TIGER SHARK,Galeocerdo cuvier,Released Alive,Carcharhiniformes,blacksbeach,-21.045294444444444,149.19208333333333
2024-06-25,Cairns,Trinity,BULL WHALER,Carcharhinus leucas,Deceased,Carcharhiniformes,trinity,-16.777091666666667,145.7011611111111
2024-06-25,Mackay,Bucasia Beach,BULL WHALER,Carcharhinus leucas,Deceased,Carcharhiniformes,bucasiabeach,-21.0204,149.16325277777779
2024-06-25,Cairns,Holloways,SPOT-TAIL WHALER,Carcharhinus sorrah,Deceased,Carcharhiniformes,holloways,-16.83081,145.74805666666666
2024-06-25,Cairns,Trinity,TIGER SHARK,Galeocerdo cuvier,Deceased,Carcharhiniformes,trinity,-16.777091666666667,145.7011611111111
2024-06-29,Townsville,Radical Bay,TIGER SHARK,Galeocerdo cuvier,Deceased,Carcharhiniformes,radicalbay,-19.108173333333333,146.87670666666668
2022-07-01,Townsville,Alma Bay,TIGER SHARK,Galeocerdo cuvier,Deceased,Carcharhiniformes,almabay,-19.149697222222223,146.87386944444447
2022-07-06,Capricorn Coast,Mullambin Beach,SILKY WHALER,Carcharhinus falciformis,Released Alive,Carcharhiniformes,mullambinbeach,-23.18919,150.79873
2022-07-07,Townsville,Radical Bay,BLACKTIP REEF WHALER,Carcharhinus melanopterus,Released Alive,Carcharhiniformes,radicalbay,-19.108173333333333,146.87670666666668
2022-07-07,Townsville,Radical Bay,BULL WHALER,Carcharhinus leucas,Released Alive,Carcharhiniformes,radicalbay,-19.108173333333333,146.87670666666668
2022-07-12,Townsville,Florence Bay,TIGER SHARK,Galeocerdo cuvier,Released Alive,Carcharhiniformes,florencebay,-19.123693333333332,146.88541
2022-07-14,Cairns,Ellis Beach,PIGEYE WHALER,Carcharhinus amboinensis,Deceased,Carcharhiniformes,ellisbeach,-16.72147142857143,145.65029761904762
2022-07-14,Townsville,Radical Bay,TIGER SHARK,Galeocerdo cuvier,Released Alive,Carcharhiniformes,radicalbay,-19.108173333333333,146.87670666666668
2022-07-16,Cairns,Palm Cove,TAWNY SHARK,Nebrius ferrugineus,Released Alive,Orectolobiformes,palmcove,-16.744905555555555,145.6754
2022-07-19,Gladstone,Tannum Sands,PIGEYE WHALER,Carcharhinus amboinensis,Deceased,Carcharhiniformes,tannumsands,-23.939119444444444,151.3756861111111
2022-07-20,Cairns,Ellis Beach,TIGER SHARK,Galeocerdo cuvier,Released Alive,Carcharhiniformes,ellisbeach,-16.72147142857143,145.65029761904762
2022-07-20,Townsville,Horseshoe Bay,LONG NOSE WHALER,Carcharhinus brevipinna,Deceased,Carcharhiniformes,horseshoebay,-19.11187361111111,146.85320555555555
2022-07-21,Townsville,Florence Bay,TIGER SHARK,Galeocerdo cuvier,Deceased,Carcharhiniformes,florencebay,-19.123693333333332,146.88541
2022-07-21,Townsville,Palarenda Beach,TIGER SHARK,Galeocerdo cuvier,Released Alive,Carcharhiniformes,palarendabeach,-19.198694444444445,146.77763333333334
2022-07-23,Townsville,Radical Bay,TIGER SHARK,Galeocerdo cuvier,Released Alive,Carcharhiniformes,radicalbay,-19.108173333333333,146.87670666666668
2022-07-27,Mackay,Bucasia Beach,TIGER SHARK,Galeocerdo cuvier,Released Alive,Carcharhiniformes,bucasiabeach,-21.0204,149.16325277777779
2022-07-27,Townsville,Radical Bay,COMMON BLACKTIP WHALER,Carcharhinus limbatus,Deceased,Carcharhiniformes,radicalbay,-19.108173333333333,146.87670666666668
2022-07-27,Townsville,Radical Bay,TIGER SHARK,Galeocerdo cuvier,Released Alive,Carcharhiniformes,radicalbay,-19.108173333333333,146.87670666666668
2022-07-29,Cairns,Ellis Beach,SCHOOL SHARK,Galeorhinus galeus,Deceased,Carcharhiniformes,ellisbeach,-16.72147142857143,145.65029761904762
2022-07-29,Townsville,Florence Bay,TIGER SHARK,Galeocerdo cuvier,Released Alive,Carcharhiniformes,florencebay,-19.123693333333332,146.88541
2022-08-03,Townsville,Alma Bay,TIGER SHARK,Galeocerdo cuvier,Deceased,Carcharhiniformes,almabay,-19.149697222222223,146.87386944444447
2022-08-05,Mackay,Bucasia Beach,TIGER SHARK,Galeocerdo cuvier,Released Alive,Carcharhiniformes,bucasiabeach,-21.0204,149.16325277777779
2022-08-12,Cairns,Ellis Beach,TIGER SHARK,Galeocerdo cuvier,Released Alive,Carcharhiniformes,ellisbeach,-16.72147142857143,145.65029761904762
2022-08-12,Townsville,Florence Bay,COMMON BLACKTIP WHALER,Carcharhinus limbatus,Deceased,Carcharhiniformes,florencebay,-19.123693333333332,146.88541
2022-08-13,Cairns,Trinity,TIGER SHARK,Galeocerdo cuvier,Euthanised,Carcharhiniformes,trinity,-16.777091666666667,145.7011611111111
2022-08-19,Townsville,Horseshoe Bay,SPOT-TAIL WHALER,Carcharhinus sorrah,Deceased,Carcharhiniformes,horseshoebay,-19.11187361111111,146.85320555555555
2022-08-19,Gladstone,Tannum Sands,PIGEYE WHALER,Carcharhinus amboinensis,Deceased,Carcharhiniformes,tannumsands,-23.939119444444444,151.3756861111111
2022-08-20,Cairns,Holloways,TIGER SHARK,Galeocerdo cuvier,Euthanised,Carcharhiniformes,holloways,-16.83081,145.74805666666666
2022-08-26,Townsville,Alma Bay,TIGER SHARK,Galeocerdo cuvier,Released Alive,Carcharhiniformes,almabay,-19.149697222222223,146.87386944444447
2022-08-26,Cairns,Trinity,TIGER SHARK,Galeocerdo cuvier,Deceased,Carcharhiniformes,trinity,-16.777091666666667,145.7011611111111
2022-08-27,Townsville,Palarenda Beach,COMMON BLACKTIP WHALER,Carcharhinus limbatus,Deceased,Carcharhiniformes,palarendabeach,-19.198694444444445,146.77763333333334
2022-08-31,Mackay,Bucasia Beach,GREAT HAMMERHEAD,Sphyrna mokarran,Deceased,Carcharhiniformes,bucasiabeach,-21.0204,149.16325277777779
2022-08-31,Townsville,Radical Bay,PIGEYE WHALER,Carcharhinus amboinensis,Deceased,Carcharhiniformes,radicalbay,-19.108173333333333,146.87670666666668
2022-09-01,Capricorn Coast,Tanby Point,BULL WHALER,Carcharhinus leucas,Released Alive,Carcharhiniformes,tanbypoint,-23.22792666666667,150.82419666666667
2022-09-02,Mackay,Bucasia Beach,TIGER SHARK,Galeocerdo cuvier,Released Alive,Carcharhiniformes,bucasiabeach,-21.0204,149.16325277777779
2022-09-03,Townsville,Radical Bay,TIGER SHARK,Galeocerdo cuvier,Released Alive,Carcharhiniformes,radicalbay,-19.108173333333333,146.87670666666668
2022-09-07,Cairns,Ellis Beach,PIGEYE WHALER,Carcharhinus amboinensis,Deceased,Carcharhiniformes,ellisbeach,-16.72147142857143,145.65029761904762
2022-09-07,Cairns,Trinity,SPOT-TAIL WHALER,Carcharhinus sorrah,Deceased,Carcharhiniformes,trinity,-16.777091666666667,145.7011611111111
2022-09-08,Mackay,Blacks Beach,TIGER SHARK,Galeocerdo cuvier,Released Alive,Carcharhiniformes,blacksbeach,-21.045294444444444,149.19208333333333
2022-09-09,Capricorn Coast,Emu Park,SHARPTOOTH SHARK,Negaprion acutidens,Released Alive,Carcharhiniformes,emupark,-23.262438095238092,150.8322357142857
2022-09-10,Mackay,Bucasia Beach,BULL WHALER,Carcharhinus leucas,Deceased,Carcharhiniformes,bucasiabeach,-21.0204,149.16325277777779
2022-09-10,Mackay,Bucasia Beach,TAWNY SHARK,Nebrius ferrugineus,Deceased,Orectolobiformes,bucasiabeach,-21.0204,149.16325277777779
2022-09-15,Mackay,Eimeo Beach,TIGER SHARK,Galeocerdo cuvier,Released Alive,Carcharhiniformes,eimeobeach,-21.030911111111113,149.18116666666666
2022-09-16,Mackay,Blacks Beach,TIGER SHARK,Galeocerdo cuvier,Released Alive,Carcharhiniformes,blacksbeach,-21.045294444444444,149.19208333333333
2022-09-21,Capricorn Coast,Emu Park,TIGER SHARK,Galeocerdo cuvier,Released Alive,Carcharhiniformes,emupark,-23.262438095238092,150.8322357142857
2022-09-21,Townsville,Florence Bay,BULL WHALER,Carcharhinus leucas,Deceased,Carcharhiniformes,florencebay,-19.123693333333332,146.88541
2022-09-22,Townsville,Palarenda Beach,SPOT-TAIL WHALER,Carcharhinus sorrah,Deceased,Carcharhiniformes,palarendabeach,-19.198694444444445,146.77763333333334
2022-09-28,Mackay,Blacks Beach,TAWNY SHARK,Nebrius ferrugineus,Released Alive,Orectolobiformes,blacksbeach,-21.045294444444444,149.19208333333333
2022-09-30,Townsville,Picnic Bay,TAWNY SHARK,Nebrius ferrugineus,Released Alive,Orectolobiformes,picnicbay,-19.182850000000002,146.84146666666666
2022-10-03,Capricorn Coast,Emu Park,TIGER SHARK,Galeocerdo cuvier,Deceased,Carcharhiniformes,emupark,-23.262438095238092,150.8322357142857
2022-10-04,Townsville,Palarenda Beach,TIGER SHARK,Galeocerdo cuvier,Deceased,Carcharhiniformes,palarendabeach,-19.198694444444445,146.77763333333334
2022-10-07,Capricorn Coast,Emu Park,BULL WHALER,Carcharhinus leucas,Deceased,Carcharhiniformes,emupark,-23.262438095238092,150.8322357142857
2022-10-07,Capricorn Coast,Fishermans Beach,BULL WHALER,Carcharhinus leucas,Released Alive,Carcharhiniformes,fishermansbeach,-23.243136666666665,150.82846999999998
2022-10-07,Townsville,Nelly Bay,SPOT-TAIL WHALER,Carcharhinus sorrah,Deceased,Carcharhiniformes,nellybay,-19.17364523809524,146.85039523809525
2022-10-08,Capricorn Coast,Fishermans Beach,BULL WHALER,Carcharhinus leucas,Deceased,Carcharhiniformes,fishermansbeach,-23.243136666666665,150.82846999999998
2022-10-08,Capricorn Coast,Tanby Point,PIGEYE WHALER,Carcharhinus amboinensis,Deceased,Carcharhiniformes,tanbypoint,-23.22792666666667,150.82419666666667
2022-10-08,Capricorn Coast,Tanby Point,SHARPTOOTH SHARK,Negaprion acutidens,Deceased,Carcharhiniformes,tanbypoint,-23.22792666666667,150.82419666666667
2022-10-09,Capricorn Coast,Emu Park,BULL WHALER,Carcharhinus leucas,Released Alive,Carcharhiniformes,emupark,-23.262438095238092,150.8322357142857
2022-10-15,Capricorn Coast,Emu Park,BULL WHALER,Carcharhinus leucas,Released Alive,Carcharhiniformes,emupark,-23.262438095238092,150.8322357142857
2022-10-15,Capricorn Coast,Emu Park,BULL WHALER,Carcharhinus leucas,Deceased,Carcharhiniformes,emupark,-23.262438095238092,150.8322357142857
2022-10-15,Capricorn Coast,Emu Park,PIGEYE WHALER,Carcharhinus amboinensis,Deceased,Carcharhiniformes,emupark,-23.262438095238092,150.8322357142857
2022-10-15,Capricorn Coast,Emu Park,PIGEYE WHALER,Carcharhinus amboinensis,Released Alive,Carcharhiniformes,emupark,-23.262438095238092,150.8322357142857
2022-10-15,Townsville,Nelly Bay,TIGER SHARK,Galeocerdo cuvier,Deceased,Carcharhiniformes,nellybay,-19.17364523809524,146.85039523809525
2022-10-15,Townsville,Picnic Bay,TAWNY SHARK,Nebrius ferrugineus,Released Alive,Orectolobiformes,picnicbay,-19.182850000000002,146.84146666666666
2022-10-19,Mackay,Bucasia Beach,SHARPTOOTH SHARK,Negaprion acutidens,Deceased,Carcharhiniformes,bucasiabeach,-21.0204,149.16325277777779
2022-10-19,Capricorn Coast,Emu Park,BULL WHALER,Carcharhinus leucas,Deceased,Carcharhiniformes,emupark,-23.262438095238092,150.8322357142857
2022-10-19,Capricorn Coast,Emu Park,BULL WHALER,Carcharhinus leucas,Deceased,Carcharhiniformes,emupark,-23.262438095238092,150.8322357142857
2022-10-19,Townsville,Horseshoe Bay,SPOT-TAIL WHALER,Carcharhinus sorrah,Deceased,Carcharhiniformes,horseshoebay,-19.11187361111111,146.85320555555555
2022-10-21,Capricorn Coast,Tanby Point,BULL WHALER,Carcharhinus leucas,Released Alive,Carcharhiniformes,tanbypoint,-23.22792666666667,150.82419666666667
2022-10-21,Gladstone,Tannum Sands,LONG NOSE WHALER,Carcharhinus brevipinna,Deceased,Carcharhiniformes,tannumsands,-23.939119444444444,151.3756861111111
2022-10-22,Capricorn Coast,Yeppoon Beach,BULL WHALER,Carcharhinus leucas,Deceased,Carcharhiniformes,yeppoonbeach,-23.128226666666666,150.75462666666667
2022-10-27,Cairns,Ellis Beach,SPOT-TAIL WHALER,Carcharhinus sorrah,Deceased,Carcharhiniformes,ellisbeach,-16.72147142857143,145.65029761904762
2022-10-28,Capricorn Coast,Fishermans Beach,PIGEYE WHALER,Carcharhinus amboinensis,Deceased,Carcharhiniformes,fishermansbeach,-23.243136666666665,150.82846999999998
2022-10-28,Townsville,Florence Bay,SPOT-TAIL WHALER,Carcharhinus sorrah,Deceased,Carcharhiniformes,florencebay,-19.123693333333332,146.88541
2022-10-28,Townsville,Horseshoe Bay,SPOT-TAIL WHALER,Carcharhinus sorrah,Deceased,Carcharhiniformes,horseshoebay,-19.11187361111111,146.85320555555555
2022-10-28,Capricorn Coast,Mullambin Beach,PIGEYE WHALER,Carcharhinus amboinensis,Deceased,Carcharhiniformes,mullambinbeach,-23.18919,150.79873
2022-10-29,Mackay,Blacks Beach,BULL WHALER,Carcharhinus leucas,Deceased,Carcharhiniformes,blacksbeach,-21.045294444444444,149.19208333333333
2022-10-29,Mackay,Bucasia Beach,GREAT HAMMERHEAD,Sphyrna mokarran,Deceased,Carcharhiniformes,bucasiabeach,-21.0204,149.16325277777779
2022-10-29,Cairns,Clifton,BULL WHALER,Carcharhinus leucas,Deceased,Carcharhiniformes,clifton,-16.759525,145.68219583333334
2022-10-29,Gladstone,Tannum Sands,MILK SHARK,Rhizoprionodon acutus,Deceased,Carcharhiniformes,tannumsands,-23.939119444444444,151.3756861111111
2022-10-30,Gladstone,Tannum Sands,PIGEYE WHALER,Carcharhinus amboinensis,Deceased,Carcharhiniformes,tannumsands,-23.939119444444444,151.3756861111111
2022-10-31,Capricorn Coast,Tanby Point,TAWNY SHARK,Nebrius ferrugineus,Released Alive,Orectolobiformes,tanbypoint,-23.22792666666667,150.82419666666667
2022-10-31,Capricorn Coast,Tanby Point,TIGER SHARK,Galeocerdo cuvier,Released Alive,Carcharhiniformes,tanbypoint,-23.22792666666667,150.82419666666667
2022-11-02,Cairns,Buchans,SPOT-TAIL WHALER,Carcharhinus sorrah,Deceased,Carcharhiniformes,buchans,-16.725916666666667,145.66339166666666
2022-11-02,Townsville,Nelly Bay,BLACKTIP REEF WHALER,Carcharhinus melanopterus,Deceased,Carcharhiniformes,nellybay,-19.17364523809524,146.85039523809525
2022-11-02,Gladstone,Tannum Sands,TIGER SHARK,Galeocerdo cuvier,Deceased,Carcharhiniformes,tannumsands,-23.939119444444444,151.3756861111111
2022-11-03,Townsville,Alma Bay,GREAT HAMMERHEAD,Sphyrna mokarran,Deceased,Carcharhiniformes,almabay,-19.149697222222223,146.87386944444447
2022-11-03,Townsville,Horseshoe Bay,SPOT-TAIL WHALER,Carcharhinus sorrah,Deceased,Carcharhiniformes,horseshoebay,-19.11187361111111,146.85320555555555
2022-11-03,Gladstone,Tannum Sands,SPOT-TAIL WHALER,Carcharhinus sorrah,Deceased,Carcharhiniformes,tannumsands,-23.939119444444444,151.3756861111111
2022-11-09,Townsville,Florence Bay,BLACKTIP REEF WHALER,Carcharhinus melanopterus,Deceased,Carcharhiniformes,florencebay,-19.123693333333332,146.88541
2022-11-10,Townsville,Nelly Bay,TAWNY SHARK,Nebrius ferrugineus,Released Alive,Orectolobiformes,nellybay,-19.17364523809524,146.85039523809525
2022-11-10,Townsville,Radical Bay,BULL WHALER,Carcharhinus leucas,Deceased,Carcharhiniformes,radicalbay,-19.108173333333333,146.87670666666668
2022-11-10,Townsville,Radical Bay,SPOT-TAIL WHALER,Carcharhinus sorrah,Deceased,Carcharhiniformes,radicalbay,-19.108173333333333,146.87670666666668
2022-11-11,Capricorn Coast,Emu Park,BULL WHALER,Carcharhinus leucas,Released Alive,Carcharhiniformes,emupark,-23.262438095238092,150.8322357142857
2022-11-11,Capricorn Coast,Fishermans Beach,PIGEYE WHALER,Carcharhinus amboinensis,Released Alive,Carcharhiniformes,fishermansbeach,-23.243136666666665,150.82846999999998
2022-11-11,Townsville,Florence Bay,SCALLOPED HAMMERHEAD,Sphyrna lewini,Deceased,Carcharhiniformes,florencebay,-19.123693333333332,146.88541
2022-11-11,Townsville,Horseshoe Bay,PIGEYE WHALER,Carcharhinus amboinensis,Deceased,Carcharhiniformes,horseshoebay,-19.11187361111111,146.85320555555555
2022-11-12,Capricorn Coast,Emu Park,BULL WHALER,Carcharhinus leucas,Deceased,Carcharhiniformes,emupark,-23.262438095238092,150.8322357142857
2022-11-12,Capricorn Coast,Emu Park,PIGEYE WHALER,Carcharhinus amboinensis,Deceased,Carcharhiniformes,emupark,-23.262438095238092,150.8322357142857
2022-11-12,Capricorn Coast,Emu Park,BULL WHALER,Carcharhinus leucas,Released Alive,Carcharhiniformes,emupark,-23.262438095238092,150.8322357142857
2022-11-12,Capricorn Coast,Fishermans Beach,BULL WHALER,Carcharhinus leucas,Deceased,Carcharhiniformes,fishermansbeach,-23.243136666666665,150.82846999999998
2022-11-12,Townsville,Horseshoe Bay,TIGER SHARK,Galeocerdo cuvier,Euthanised,Carcharhiniformes,horseshoebay,-19.11187361111111,146.85320555555555
2022-11-12,Townsville,Palarenda Beach,TIGER SHARK,Galeocerdo cuvier,Released Alive,Carcharhiniformes,palarendabeach,-19.198694444444445,146.77763333333334
2022-11-12,Capricorn Coast,Tanby Point,PIGEYE WHALER,Carcharhinus amboinensis,Deceased,Carcharhiniformes,tanbypoint,-23.22792666666667,150.82419666666667
2022-11-12,Capricorn Coast,Tanby Point,BULL WHALER,Carcharhinus leucas,Deceased,Carcharhiniformes,tanbypoint,-23.22792666666667,150.82419666666667
2022-11-13,Capricorn Coast,Lammermoor Beach,BULL WHALER,Carcharhinus leucas,Deceased,Carcharhiniformes,lammermoorbeach,-23.155048484848486,150.77348333333333
2022-11-13,Capricorn Coast,Tanby Point,BULL WHALER,Carcharhinus leucas,Released Alive,Carcharhiniformes,tanbypoint,-23.22792666666667,150.82419666666667
2022-11-14,Capricorn Coast,Emu Park,BULL WHALER,Carcharhinus leucas,Deceased,Carcharhiniformes,emupark,-23.262438095238092,150.8322357142857
2022-11-14,Capricorn Coast,Fishermans Beach,BULL WHALER,Carcharhinus leucas,Deceased,Carcharhiniformes,fishermansbeach,-23.243136666666665,150.82846999999998
2022-11-14,Capricorn Coast,Fishermans Beach,PIGEYE WHALER,Carcharhinus amboinensis,Deceased,Carcharhiniformes,fishermansbeach,-23.243136666666665,150.82846999999998
2022-11-15,Capricorn Coast,Tanby Point,TIGER SHARK,Galeocerdo cuvier,Released Alive,Carcharhiniformes,tanbypoint,-23.22792666666667,150.82419666666667
2022-11-17,Capricorn Coast,Emu Park,TIGER SHARK,Galeocerdo cuvier,Released Alive,Carcharhiniformes,emupark,-23.262438095238092,150.8322357142857
2022-11-17,Capricorn Coast,Emu Park,TIGER SHARK,Galeocerdo cuvier,Released Alive,Carcharhiniformes,emupark,-23.262438095238092,150.8322357142857
2022-11-18,Capricorn Coast,Emu Park,TIGER SHARK,Galeocerdo cuvier,Released Alive,Carcharhiniformes,emupark,-23.262438095238092,150.8322357142857
2022-11-19,Mackay,Blacks Beach,SHARPTOOTH SHARK,Negaprion acutidens,Deceased,Carcharhiniformes,blacksbeach,-21.045294444444444,149.19208333333333
2022-11-19,Cairns,Holloways,SPOT-TAIL WHALER,Carcharhinus sorrah,Deceased,Carcharhiniformes,holloways,-16.83081,145.74805666666666
2022-11-19,Townsville,Palarenda Beach,TIGER SHARK,Galeocerdo cuvier,Released Alive,Carcharhiniformes,palarendabeach,-19.198694444444445,146.77763333333334
2022-11-19,Cairns,Palm Cove,TAWNY SHARK,Nebrius ferrugineus,Released Alive,Orectolobiformes,palmcove,-16.744905555555555,145.6754
2022-11-23,Townsville,Palarenda Beach,PIGEYE WHALER,Carcharhinus amboinensis,Deceased,Carcharhiniformes,palarendabeach,-19.198694444444445,146.77763333333334
2022-11-24,Townsville,Nelly Bay,TAWNY SHARK,Nebrius ferrugineus,Released Alive,Orectolobiformes,nellybay,-19.17364523809524,146.85039523809525
2022-11-25,Townsville,Nelly Bay,BLACKTIP REEF WHALER,Carcharhinus melanopterus,Deceased,Carcharhiniformes,nellybay,-19.17364523809524,146.85039523809525
2022-11-25,Townsville,Nelly Bay,TIGER SHARK,Galeocerdo cuvier,Deceased,Carcharhiniformes,nellybay,-19.17364523809524,146.85039523809525
2022-11-25,Townsville,Nelly Bay,TIGER SHARK,Galeocerdo cuvier,Released Alive,Carcharhiniformes,nellybay,-19.17364523809524,146.85039523809525
2022-11-26,Cairns,Holloways,SCALLOPED HAMMERHEAD,Sphyrna lewini,Deceased,Carcharhiniformes,holloways,-16.83081,145.74805666666666
2022-11-28,Capricorn Coast,Emu Park,TIGER SHARK,Galeocerdo cuvier,Released Alive,Carcharhiniformes,emupark,-23.262438095238092,150.8322357142857
2022-11-30,Townsville,Alma Bay,SPOT-TAIL WHALER,Carcharhinus sorrah,Deceased,Carcharhiniformes,almabay,-19.149697222222223,146.87386944444447
2022-11-30,Cairns,Buchans,TAWNY SHARK,Nebrius ferrugineus,Deceased,Orectolobiformes,buchans,-16.725916666666667,145.66339166666666
2022-11-30,Townsville,Palarenda Beach,SPOT-TAIL WHALER,Carcharhinus sorrah,Deceased,Carcharhiniformes,palarendabeach,-19.198694444444445,146.77763333333334
2022-12-01,Cairns,Holloways,COMMON BLACKTIP WHALER,Carcharhinus limbatus,Deceased,Carcharhiniformes,holloways,-16.83081,145.74805666666666
2022-12-01,Townsville,Palarenda Beach,TIGER SHARK,Galeocerdo cuvier,Released Alive,Carcharhiniformes,palarendabeach,-19.198694444444445,146.77763333333334
2022-12-01,Cairns,Yorkeys,SPOT-TAIL WHALER,Carcharhinus sorrah,Deceased,Carcharhiniformes,yorkeys,-16.805583333333335,145.73073
2022-12-03,Cairns,Holloways,SPOT-TAIL WHALER,Carcharhinus sorrah,Deceased,Carcharhiniformes,holloways,-16.83081,145.74805666666666
2022-12-05,Capricorn Coast,Emu Park,BULL WHALER,Carcharhinus leucas,Deceased,Carcharhiniformes,emupark,-23.262438095238092,150.8322357142857
2022-12-05,Capricorn Coast,Emu Park,SANDBAR WHALER,Carcharhinus plumbeus,Released Alive,Carcharhiniformes,emupark,-23.262438095238092,150.8322357142857
2022-12-05,Capricorn Coast,Emu Park,PIGEYE WHALER,Carcharhinus amboinensis,Deceased,Carcharhiniformes,emupark,-23.262438095238092,150.8322357142857
2022-12-05,Capricorn Coast,Mullambin Beach,BULL WHALER,Carcharhinus leucas,Deceased,Carcharhiniformes,mullambinbeach,-23.18919,150.79873
2022-12-05,Capricorn Coast,Tanby Point,BULL WHALER,Carcharhinus leucas,Released Alive,Carcharhiniformes,tanbypoint,-23.22792666666667,150.82419666666667
2022-12-06,Capricorn Coast,Emu Park,BULL WHALER,Carcharhinus leucas,Deceased,Carcharhiniformes,emupark,-23.262438095238092,150.8322357142857
2022-12-06,Capricorn Coast,Emu Park,BULL WHALER,Carcharhinus leucas,Deceased,Carcharhiniformes,emupark,-23.262438095238092,150.8322357142857
2022-12-06,Cairns,Holloways,TIGER SHARK,Galeocerdo cuvier,Deceased,Carcharhiniformes,holloways,-16.83081,145.74805666666666
2022-12-06,Capricorn Coast,Mullambin Beach,BULL WHALER,Carcharhinus leucas,Deceased,Carcharhiniformes,mullambinbeach,-23.18919,150.79873
2022-12-06,Capricorn Coast,Mullambin Beach,BULL WHALER,Carcharhinus leucas,Deceased,Carcharhiniformes,mullambinbeach,-23.18919,150.79873
2022-12-06,Capricorn Coast,Tanby Point,BULL WHALER,Carcharhinus leucas,Deceased,Carcharhiniformes,tanbypoint,-23.22792666666667,150.82419666666667
2022-12-06,Capricorn Coast,Tanby Point,BULL WHALER,Carcharhinus leucas,Deceased,Carcharhiniformes,tanbypoint,-23.22792666666667,150.82419666666667
2022-12-06,Gladstone,Tannum Sands,BULL WHALER,Carcharhinus leucas,Deceased,Carcharhiniformes,tannumsands,-23.939119444444444,151.3756861111111
2022-12-07,Townsville,Alma Bay,SPOT-TAIL WHALER,Carcharhinus sorrah,Deceased,Carcharhiniformes,almabay,-19.149697222222223,146.87386944444447
2022-12-07,Capricorn Coast,Farnborough Beach,BULL WHALER,Carcharhinus leucas,Deceased,Carcharhiniformes,farnboroughbeach,-23.116036666666666,150.75383666666667
2022-12-08,Townsville,Alma Bay,SPOT-TAIL WHALER,Carcharhinus sorrah,Deceased,Carcharhiniformes,almabay,-19.149697222222223,146.87386944444447
2022-12-08,Capricorn Coast,Cooee Bay,BULL WHALER,Carcharhinus leucas,Deceased,Carcharhiniformes,cooeebay,-23.139136666666666,150.76271333333335
2022-12-12,Cairns,Ellis Beach,TIGER SHARK,Galeocerdo cuvier,Released Alive,Carcharhiniformes,ellisbeach,-16.72147142857143,145.65029761904762
2022-12-12,Capricorn Coast,Fishermans Beach,TIGER SHARK,Galeocerdo cuvier,Released Alive,Carcharhiniformes,fishermansbeach,-23.243136666666665,150.82846999999998
2022-12-12,Capricorn Coast,Tanby Point,BULL WHALER,Carcharhinus leucas,Released Alive,Carcharhiniformes,tanbypoint,-23.22792666666667,150.82419666666667
2022-12-13,Capricorn Coast,Fishermans Beach,BULL WHALER,Carcharhinus leucas,Deceased,Carcharhiniformes,fishermansbeach,-23.243136666666665,150.82846999999998
2022-12-13,Capricorn Coast,Tanby Point,PIGEYE WHALER,Carcharhinus amboinensis,Deceased,Carcharhiniformes,tanbypoint,-23.22792666666667,150.82419666666667
2022-12-13,Gladstone,Tannum Sands,SPOT-TAIL WHALER,Carcharhinus sorrah,Deceased,Carcharhiniformes,tannumsands,-23.939119444444444,151.3756861111111
2022-12-13,Gladstone,Tannum Sands,SPOT-TAIL WHALER,Carcharhinus sorrah,Deceased,Carcharhiniformes,tannumsands,-23.939119444444444,151.3756861111111
2022-12-13,Gladstone,Tannum Sands,SPOT-TAIL WHALER,Carcharhinus sorrah,Deceased,Carcharhiniformes,tannumsands,-23.939119444444444,151.3756861111111
2022-12-14,Capricorn Coast,Fishermans Beach,TIGER SHARK,Galeocerdo cuvier,Released Alive,Carcharhiniformes,fishermansbeach,-23.243136666666665,150.82846999999998
2022-12-15,Capricorn Coast,Farnborough Beach,COMMON BLACKTIP WHALER,Carcharhinus limbatus,Deceased,Carcharhiniformes,farnboroughbeach,-23.116036666666666,150.75383666666667
2022-12-16,Capricorn Coast,Emu Park,COMMON BLACKTIP WHALER,Carcharhinus limbatus,Released Alive,Carcharhiniformes,emupark,-23.262438095238092,150.8322357142857
2022-12-16,Townsville,Nelly Bay,AUSTRALIAN BLACKTIP,Carcharhinus tilstoni,Deceased,Carcharhiniformes,nellybay,-19.17364523809524,146.85039523809525
2022-12-16,Cairns,Palm Cove,SHARPTOOTH SHARK,Negaprion acutidens,Deceased,Carcharhiniformes,palmcove,-16.744905555555555,145.6754
2022-12-22,Capricorn Coast,Emu Park,BULL WHALER,Carcharhinus leucas,Released Alive,Carcharhiniformes,emupark,-23.262438095238092,150.8322357142857
2022-12-23,Mackay,Blacks Beach,LONG NOSE WHALER,Carcharhinus brevipinna,Deceased,Carcharhiniformes,blacksbeach,-21.045294444444444,149.19208333333333
2022-12-23,Capricorn Coast,Cooee Bay,PIGEYE WHALER,Carcharhinus amboinensis,Deceased,Carcharhiniformes,cooeebay,-23.139136666666666,150.76271333333335
2022-12-23,Capricorn Coast,Emu Park,BULL WHALER,Carcharhinus leucas,Deceased,Carcharhiniformes,emupark,-23.262438095238092,150.8322357142857
2022-12-23,Capricorn Coast,Emu Park,PIGEYE WHALER,Carcharhinus amboinensis,Deceased,Carcharhiniformes,emupark,-23.262438095238092,150.8322357142857
2022-12-23,Capricorn Coast,Farnborough Beach,PIGEYE WHALER,Carcharhinus amboinensis,Deceased,Carcharhiniformes,farnboroughbeach,-23.116036666666666,150.75383666666667
2022-12-23,Capricorn Coast,Fishermans Beach,PIGEYE WHALER,Carcharhinus amboinensis,Deceased,Carcharhiniformes,fishermansbeach,-23.243136666666665,150.82846999999998
2022-12-23,Townsville,Florence Bay,TAWNY SHARK,Nebrius ferrugineus,Released Alive,Orectolobiformes,florencebay,-19.123693333333332,146.88541
2022-12-23,Townsville,Horseshoe Bay,BULL WHALER,Carcharhinus leucas,Deceased,Carcharhiniformes,horseshoebay,-19.11187361111111,146.85320555555555
2022-12-23,Townsville,Nelly Bay,TIGER SHARK,Galeocerdo cuvier,Deceased,Carcharhiniformes,nellybay,-19.17364523809524,146.85039523809525
2022-12-23,Townsville,Picnic Bay,AUSTRALIAN BLACKTIP,Carcharhinus tilstoni,Deceased,Carcharhiniformes,picnicbay,-19.182850000000002,146.84146666666666
2022-12-23,Townsville,Radical Bay,PIGEYE WHALER,Carcharhinus amboinensis,Deceased,Carcharhiniformes,radicalbay,-19.108173333333333,146.87670666666668
2022-12-23,Capricorn Coast,Tanby Point,BULL WHALER,Carcharhinus leucas,Released Alive,Carcharhiniformes,tanbypoint,-23.22792666666667,150.82419666666667
2022-12-24,Townsville,Alma Bay,PIGEYE WHALER,Carcharhinus amboinensis,Deceased,Carcharhiniformes,almabay,-19.149697222222223,146.87386944444447
2022-12-24,Capricorn Coast,Emu Park,COMMON BLACKTIP WHALER,Carcharhinus limbatus,Deceased,Carcharhiniformes,emupark,-23.262438095238092,150.8322357142857
2022-12-24,Capricorn Coast,Farnborough Beach,BULL WHALER,Carcharhinus leucas,Deceased,Carcharhiniformes,farnboroughbeach,-23.116036666666666,150.75383666666667
2022-12-24,Capricorn Coast,Farnborough Beach,BULL WHALER,Carcharhinus leucas,Deceased,Carcharhiniformes,farnboroughbeach,-23.116036666666666,150.75383666666667
2022-12-24,Capricorn Coast,Fishermans Beach,PIGEYE WHALER,Carcharhinus amboinensis,Deceased,Carcharhiniformes,fishermansbeach,-23.243136666666665,150.82846999999998
2022-12-24,Capricorn Coast,Mullambin Beach,BULL WHALER,Carcharhinus leucas,Deceased,Carcharhiniformes,mullambinbeach,-23.18919,150.79873
2022-12-24,Capricorn Coast,Yeppoon Beach,BULL WHALER,Carcharhinus leucas,Deceased,Carcharhiniformes,yeppoonbeach,-23.128226666666666,150.75462666666667
2022-12-27,Townsville,Florence Bay,TIGER SHARK,Galeocerdo cuvier,Released Alive,Carcharhiniformes,florencebay,-19.123693333333332,146.88541
2022-12-29,Capricorn Coast,Emu Park,BULL WHALER,Carcharhinus leucas,Released Alive,Carcharhiniformes,emupark,-23.262438095238092,150.8322357142857
2022-12-29,Townsville,Florence Bay,COMMON BLACKTIP WHALER,Carcharhinus limbatus,Deceased,Carcharhiniformes,florencebay,-19.123693333333332,146.88541
2022-12-29,Townsville,Horseshoe Bay,COMMON BLACKTIP WHALER,Carcharhinus limbatus,Deceased,Carcharhiniformes,horseshoebay,-19.11187361111111,146.85320555555555
2022-12-29,Townsville,Radical Bay,COMMON BLACKTIP WHALER,Carcharhinus limbatus,Deceased,Carcharhiniformes,radicalbay,-19.108173333333333,146.87670666666668
2022-12-29,Townsville,Radical Bay,TIGER SHARK,Galeocerdo cuvier,Released Alive,Carcharhiniformes,radicalbay,-19.108173333333333,146.87670666666668
2023-01-01,Gladstone,Tannum Sands,BULL WHALER,Carcharhinus leucas,Deceased,Carcharhiniformes,tannumsands,-23.939119444444444,151.3756861111111
2023-01-02,Cairns,Trinity,SPOT-TAIL WHALER,Carcharhinus sorrah,Deceased,Carcharhiniformes,trinity,-16.777091666666667,145.7011611111111
2023-01-03,Capricorn Coast,Fishermans Beach,BULL WHALER,Carcharhinus leucas,Released Alive,Carcharhiniformes,fishermansbeach,-23.243136666666665,150.82846999999998
2023-01-03,Capricorn Coast,Fishermans Beach,BULL WHALER,Carcharhinus leucas,Deceased,Carcharhiniformes,fishermansbeach,-23.243136666666665,150.82846999999998
2023-01-04,Capricorn Coast,Cooee Bay,BULL WHALER,Carcharhinus leucas,Deceased,Carcharhiniformes,cooeebay,-23.139136666666666,150.76271333333335
2023-01-04,Cairns,Palm Cove,TAWNY SHARK,Nebrius ferrugineus,Released Alive,Orectolobiformes,palmcove,-16.744905555555555,145.6754
2023-01-05,Cairns,Ellis Beach,SPOT-TAIL WHALER,Carcharhinus sorrah,Deceased,Carcharhiniformes,ellisbeach,-16.72147142857143,145.65029761904762
2023-01-05,Capricorn Coast,Emu Park,BULL WHALER,Carcharhinus leucas,Released Alive,Carcharhiniformes,emupark,-23.262438095238092,150.8322357142857
2023-01-06,Cairns,Ellis Beach,TIGER SHARK,Galeocerdo cuvier,Deceased,Carcharhiniformes,ellisbeach,-16.72147142857143,145.65029761904762
2023-01-06,Capricorn Coast,Emu Park,COMMON BLACKTIP WHALER,Carcharhinus limbatus,Deceased,Carcharhiniformes,emupark,-23.262438095238092,150.8322357142857
2023-01-06,Cairns,Holloways,TIGER SHARK,Galeocerdo cuvier,Deceased,Carcharhiniformes,holloways,-16.83081,145.74805666666666
2023-01-06,Capricorn Coast,Yeppoon Beach,PIGEYE WHALER,Carcharhinus amboinensis,Released Alive,Carcharhiniformes,yeppoonbeach,-23.128226666666666,150.75462666666667
2023-01-09,Capricorn Coast,Emu Park,BULL WHALER,Carcharhinus leucas,Deceased,Carcharhiniformes,emupark,-23.262438095238092,150.8322357142857
2023-01-10,Capricorn Coast,Cooee Bay,PIGEYE WHALER,Carcharhinus amboinensis,Deceased,Carcharhiniformes,cooeebay,-23.139136666666666,150.76271333333335
2023-01-10,Capricorn Coast,Emu Park,BULL WHALER,Carcharhinus leucas,Deceased,Carcharhiniformes,emupark,-23.262438095238092,150.8322357142857
2023-01-10,Capricorn Coast,Lammermoor Beach,SPOT-TAIL WHALER,Carcharhinus sorrah,Deceased,Carcharhiniformes,lammermoorbeach,-23.155048484848486,150.77348333333333
2023-01-11,Capricorn Coast,Farnborough Beach,PIGEYE WHALER,Carcharhinus amboinensis,Deceased,Carcharhiniformes,farnboroughbeach,-23.116036666666666,150.75383666666667
2023-01-11,Capricorn Coast,Farnborough Beach,SPOT-TAIL WHALER,Carcharhinus sorrah,Deceased,Carcharhiniformes,farnboroughbeach,-23.116036666666666,150.75383666666667
2023-01-11,Townsville,Horseshoe Bay,COMMON BLACKTIP WHALER,Carcharhinus limbatus,Deceased,Carcharhiniformes,horseshoebay,-19.11187361111111,146.85320555555555
2023-01-11,Capricorn Coast,Yeppoon Beach,TIGER SHARK,Galeocerdo cuvier,Deceased,Carcharhiniformes,yeppoonbeach,-23.128226666666666,150.75462666666667
2023-01-11,Cairns,Yorkeys,TIGER SHARK,Galeocerdo cuvier,Deceased,Carcharhiniformes,yorkeys,-16.805583333333335,145.73073
2023-01-12,Townsville,Radical Bay,COMMON BLACKTIP WHALER,Carcharhinus limbatus,Deceased,Carcharhiniformes,radicalbay,-19.108173333333333,146.87670666666668
2023-01-12,Townsville,Radical Bay,TIGER SHARK,Galeocerdo cuvier,Deceased,Carcharhiniformes,radicalbay,-19.108173333333333,146.87670666666668
2023-01-13,Capricorn Coast,Fishermans Beach,SPOT-TAIL WHALER,Carcharhinus sorrah,Released Alive,Carcharhiniformes,fishermansbeach,-23.243136666666665,150.82846999999998
2023-01-14,Cairns,Holloways,SPOT-TAIL WHALER,Carcharhinus sorrah,Deceased,Carcharhiniformes,holloways,-16.83081,145.74805666666666
2023-01-14,Townsville,Horseshoe Bay,PIGEYE WHALER,Carcharhinus amboinensis,Deceased,Carcharhiniformes,horseshoebay,-19.11187361111111,146.85320555555555
2023-01-14,Gladstone,Tannum Sands,PIGEYE WHALER,Carcharhinus amboinensis,Deceased,Carcharhiniformes,tannumsands,-23.939119444444444,151.3756861111111
2023-01-15,Capricorn Coast,Farnborough Beach,TAWNY SHARK,Nebrius ferrugineus,Released Alive,Orectolobiformes,farnboroughbeach,-23.116036666666666,150.75383666666667
2023-01-15,Capricorn Coast,Fishermans Beach,BULL WHALER,Carcharhinus leucas,Deceased,Carcharhiniformes,fishermansbeach,-23.243136666666665,150.82846999999998
2023-01-15,Capricorn Coast,Fishermans Beach,BULL WHALER,Carcharhinus leucas,Deceased,Carcharhiniformes,fishermansbeach,-23.243136666666665,150.82846999999998
2023-01-15,Capricorn Coast,Tanby Point,BULL WHALER,Carcharhinus leucas,Deceased,Carcharhiniformes,tanbypoint,-23.22792666666667,150.82419666666667
2023-01-17,Townsville,Nelly Bay,TAWNY SHARK,Nebrius ferrugineus,Released Alive,Orectolobiformes,nellybay,-19.17364523809524,146.85039523809525
2023-01-17,Townsville,Palarenda Beach,TAWNY SHARK,Nebrius ferrugineus,Released Alive,Orectolobiformes,palarendabeach,-19.198694444444445,146.77763333333334
2023-01-19,Capricorn Coast,Emu Park,PIGEYE WHALER,Carcharhinus amboinensis,Released Alive,Carcharhiniformes,emupark,-23.262438095238092,150.8322357142857
2023-01-19,Capricorn Coast,Mullambin Beach,PIGEYE WHALER,Carcharhinus amboinensis,Released Alive,Carcharhiniformes,mullambinbeach,-23.18919,150.79873
2023-01-20,Capricorn Coast,Emu Park,PIGEYE WHALER,Carcharhinus amboinensis,Deceased,Carcharhiniformes,emupark,-23.262438095238092,150.8322357142857
2023-01-20,Capricorn Coast,Farnborough Beach,PIGEYE WHALER,Carcharhinus amboinensis,Deceased,Carcharhiniformes,farnboroughbeach,-23.116036666666666,150.75383666666667
2023-01-20,Townsville,Horseshoe Bay,COMMON BLACKTIP WHALER,Carcharhinus limbatus,Deceased,Carcharhiniformes,horseshoebay,-19.11187361111111,146.85320555555555
2023-01-20,Capricorn Coast,Lammermoor Beach,BULL WHALER,Carcharhinus leucas,Deceased,Carcharhiniformes,lammermoorbeach,-23.155048484848486,150.77348333333333
2023-01-20,Capricorn Coast,Tanby Point,PIGEYE WHALER,Carcharhinus amboinensis,Deceased,Carcharhiniformes,tanbypoint,-23.22792666666667,150.82419666666667
2023-01-22,Capricorn Coast,Cooee Bay,BULL WHALER,Carcharhinus leucas,Deceased,Carcharhiniformes,cooeebay,-23.139136666666666,150.76271333333335
2023-01-22,Capricorn Coast,Fishermans Beach,BULL WHALER,Carcharhinus leucas,Deceased,Carcharhiniformes,fishermansbeach,-23.243136666666665,150.82846999999998
2023-01-24,Townsville,Horseshoe Bay,TAWNY SHARK,Nebrius ferrugineus,Released Alive,Orectolobiformes,horseshoebay,-19.11187361111111,146.85320555555555
2023-01-24,Townsville,Radical Bay,TAWNY SHARK,Nebrius ferrugineus,Released Alive,Orectolobiformes,radicalbay,-19.108173333333333,146.87670666666668
2023-01-25,Cairns,Ellis Beach,SPOT-TAIL WHALER,Carcharhinus sorrah,Deceased,Carcharhiniformes,ellisbeach,-16.72147142857143,145.65029761904762
2023-01-25,Capricorn Coast,Farnborough Beach,PIGEYE WHALER,Carcharhinus amboinensis,Released Alive,Carcharhiniformes,farnboroughbeach,-23.116036666666666,150.75383666666667
2023-01-25,Capricorn Coast,Kemp Beach,LONG NOSE WHALER,Carcharhinus brevipinna,Deceased,Carcharhiniformes,kempbeach,-23.1712,150.79471944444444
2023-01-25,Capricorn Coast,Lammermoor Beach,PIGEYE WHALER,Carcharhinus amboinensis,Deceased,Carcharhiniformes,lammermoorbeach,-23.155048484848486,150.77348333333333
2023-01-26,Capricorn Coast,Mullambin Beach,TIGER SHARK,Galeocerdo cuvier,Released Alive,Carcharhiniformes,mullambinbeach,-23.18919,150.79873
2023-01-28,Cairns,Clifton,SPOT-TAIL WHALER,Carcharhinus sorrah,Deceased,Carcharhiniformes,clifton,-16.759525,145.68219583333334
2023-01-30,Capricorn Coast,Fishermans Beach,BULL WHALER,Carcharhinus leucas,Released Alive,Carcharhiniformes,fishermansbeach,-23.243136666666665,150.82846999999998
2023-01-30,Townsville,Horseshoe Bay,BULL WHALER,Carcharhinus leucas,Deceased,Carcharhiniformes,horseshoebay,-19.11187361111111,146.85320555555555
2023-01-30,Townsville,Radical Bay,COMMON BLACKTIP WHALER,Carcharhinus limbatus,Deceased,Carcharhiniformes,radicalbay,-19.108173333333333,146.87670666666668
2023-01-31,Townsville,Florence Bay,COMMON BLACKTIP WHALER,Carcharhinus limbatus,Deceased,Carcharhiniformes,florencebay,-19.123693333333332,146.88541
2023-01-31,Townsville,Radical Bay,COMMON BLACKTIP WHALER,Carcharhinus limbatus,Deceased,Carcharhiniformes,radicalbay,-19.108173333333333,146.87670666666668
2023-02-01,Townsville,Florence Bay,COMMON BLACKTIP WHALER,Carcharhinus limbatus,Deceased,Carcharhiniformes,florencebay,-19.123693333333332,146.88541
2023-02-02,Townsville,Florence Bay,TIGER SHARK,Galeocerdo cuvier,Released Alive,Carcharhiniformes,florencebay,-19.123693333333332,146.88541
2023-02-02,Townsville,Palarenda Beach,COMMON BLACKTIP WHALER,Carcharhinus limbatus,Deceased,Carcharhiniformes,palarendabeach,-19.198694444444445,146.77763333333334
2023-02-03,Capricorn Coast,Emu Park,TIGER SHARK,Galeocerdo cuvier,Released Alive,Carcharhiniformes,emupark,-23.262438095238092,150.8322357142857
2023-02-04,Cairns,Ellis Beach,SPOT-TAIL WHALER,Carcharhinus sorrah,Deceased,Carcharhiniformes,ellisbeach,-16.72147142857143,145.65029761904762
2023-02-04,Cairns,Ellis Beach,TIGER SHARK,Galeocerdo cuvier,Released Alive,Carcharhiniformes,ellisbeach,-16.72147142857143,145.65029761904762
2023-02-05,Townsville,Horseshoe Bay,BULL WHALER,Carcharhinus leucas,Deceased,Carcharhiniformes,horseshoebay,-19.11187361111111,146.85320555555555
2023-02-05,Capricorn Coast,Tanby Point,TIGER SHARK,Galeocerdo cuvier,Released Alive,Carcharhiniformes,tanbypoint,-23.22792666666667,150.82419666666667
2023-02-06,Townsville,Horseshoe Bay,TAWNY SHARK,Nebrius ferrugineus,Released Alive,Orectolobiformes,horseshoebay,-19.11187361111111,146.85320555555555
2023-02-06,Townsville,Radical Bay,PIGEYE WHALER,Carcharhinus amboinensis,Deceased,Carcharhiniformes,radicalbay,-19.108173333333333,146.87670666666668
2023-02-07,Townsville,Palarenda Beach,PIGEYE WHALER,Carcharhinus amboinensis,Deceased,Carcharhiniformes,palarendabeach,-19.198694444444445,146.77763333333334
2023-02-09,Townsville,Florence Bay,COMMON BLACKTIP WHALER,Carcharhinus limbatus,Deceased,Carcharhiniformes,florencebay,-19.123693333333332,146.88541
2023-02-11,Mackay,Eimeo Beach,BULL WHALER,Carcharhinus leucas,Deceased,Carcharhiniformes,eimeobeach,-21.030911111111113,149.18116666666666
2023-02-11,Capricorn Coast,Emu Park,BULL WHALER,Carcharhinus leucas,Deceased,Carcharhiniformes,emupark,-23.262438095238092,150.8322357142857
2023-02-11,Capricorn Coast,Fishermans Beach,PIGEYE WHALER,Carcharhinus amboinensis,Released Alive,Carcharhiniformes,fishermansbeach,-23.243136666666665,150.82846999999998
2023-02-12,Townsville,Horseshoe Bay,TIGER SHARK,Galeocerdo cuvier,Deceased,Carcharhiniformes,horseshoebay,-19.11187361111111,146.85320555555555
2023-02-12,Capricorn Coast,Mullambin Beach,PIGEYE WHALER,Carcharhinus amboinensis,Deceased,Carcharhiniformes,mullambinbeach,-23.18919,150.79873
2023-02-12,Capricorn Coast,Tanby Point,BULL WHALER,Carcharhinus leucas,Deceased,Carcharhiniformes,tanbypoint,-23.22792666666667,150.82419666666667
2023-02-13,Capricorn Coast,Fishermans Beach,COMMON BLACKTIP WHALER,Carcharhinus limbatus,Deceased,Carcharhiniformes,fishermansbeach,-23.243136666666665,150.82846999999998
2023-02-13,Capricorn Coast,Mullambin Beach,TAWNY SHARK,Nebrius ferrugineus,Released Alive,Orectolobiformes,mullambinbeach,-23.18919,150.79873
2023-02-14,Capricorn Coast,Cooee Bay,TIGER SHARK,Galeocerdo cuvier,Released Alive,Carcharhiniformes,cooeebay,-23.139136666666666,150.76271333333335
2023-02-14,Capricorn Coast,Farnborough Beach,PIGEYE WHALER,Carcharhinus amboinensis,Released Alive,Carcharhiniformes,farnboroughbeach,-23.116036666666666,150.75383666666667
2023-02-14,Capricorn Coast,Fishermans Beach,TIGER SHARK,Galeocerdo cuvier,Released Alive,Carcharhiniformes,fishermansbeach,-23.243136666666665,150.82846999999998
2023-02-15,Mackay,Eimeo Beach,TAWNY SHARK,Nebrius ferrugineus,Released Alive,Orectolobiformes,eimeobeach,-21.030911111111113,149.18116666666666
2023-02-15,Capricorn Coast,Fishermans Beach,TIGER SHARK,Galeocerdo cuvier,Deceased,Carcharhiniformes,fishermansbeach,-23.243136666666665,150.82846999999998
2023-02-16,Townsville,Horseshoe Bay,COMMON BLACKTIP WHALER,Carcharhinus limbatus,Deceased,Carcharhiniformes,horseshoebay,-19.11187361111111,146.85320555555555
2023-02-17,Capricorn Coast,Emu Park,PIGEYE WHALER,Carcharhinus amboinensis,Deceased,Carcharhiniformes,emupark,-23.262438095238092,150.8322357142857
2023-02-17,Capricorn Coast,Farnborough Beach,SHARPTOOTH SHARK,Negaprion acutidens,Released Alive,Carcharhiniformes,farnboroughbeach,-23.116036666666666,150.75383666666667
2023-02-17,Capricorn Coast,Fishermans Beach,TIGER SHARK,Galeocerdo cuvier,Released Alive,Carcharhiniformes,fishermansbeach,-23.243136666666665,150.82846999999998
2023-02-18,Capricorn Coast,Emu Park,PIGEYE WHALER,Carcharhinus amboinensis,Deceased,Carcharhiniformes,emupark,-23.262438095238092,150.8322357142857
2023-02-18,Capricorn Coast,Farnborough Beach,PIGEYE WHALER,Carcharhinus amboinensis,Deceased,Carcharhiniformes,farnboroughbeach,-23.116036666666666,150.75383666666667
2023-02-18,Capricorn Coast,Fishermans Beach,BULL WHALER,Carcharhinus leucas,Deceased,Carcharhiniformes,fishermansbeach,-23.243136666666665,150.82846999999998
2023-02-18,Capricorn Coast,Fishermans Beach,BULL WHALER,Carcharhinus leucas,Deceased,Carcharhiniformes,fishermansbeach,-23.243136666666665,150.82846999999998
2023-02-18,Capricorn Coast,Tanby Point,BULL WHALER,Carcharhinus leucas,Deceased,Carcharhiniformes,tanbypoint,-23.22792666666667,150.82419666666667
2023-02-18,Capricorn Coast,Tanby Point,BULL WHALER,Carcharhinus leucas,Deceased,Carcharhiniformes,tanbypoint,-23.22792666666667,150.82419666666667
2023-02-18,Capricorn Coast,Yeppoon Beach,PIGEYE WHALER,Carcharhinus amboinensis,Released Alive,Carcharhiniformes,yeppoonbeach,-23.128226666666666,150.75462666666667
2023-02-19,Capricorn Coast,Fishermans Beach,PIGEYE WHALER,Carcharhinus amboinensis,Deceased,Carcharhiniformes,fishermansbeach,-23.243136666666665,150.82846999999998
2023-02-20,Capricorn Coast,Farnborough Beach,BULL WHALER,Carcharhinus leucas,Deceased,Carcharhiniformes,farnboroughbeach,-23.116036666666666,150.75383666666667
2023-02-26,Capricorn Coast,Tanby Point,TIGER SHARK,Galeocerdo cuvier,Released Alive,Carcharhiniformes,tanbypoint,-23.22792666666667,150.82419666666667
2023-02-27,Capricorn Coast,Emu Park,PIGEYE WHALER,Carcharhinus amboinensis,Deceased,Carcharhiniformes,emupark,-23.262438095238092,150.8322357142857
2023-02-27,Capricorn Coast,Tanby Point,BULL WHALER,Carcharhinus leucas,Deceased,Carcharhiniformes,tanbypoint,-23.22792666666667,150.82419666666667
2023-02-28,Townsville,Horseshoe Bay,COMMON BLACKTIP WHALER,Carcharhinus limbatus,Deceased,Carcharhiniformes,horseshoebay,-19.11187361111111,146.85320555555555
2023-03-01,Townsville,Alma Bay,TIGER SHARK,Galeocerdo cuvier,Released Alive,Carcharhiniformes,almabay,-19.149697222222223,146.87386944444447
2023-03-01,Mackay,Eimeo Beach,TAWNY SHARK,Nebrius ferrugineus,Released Alive,Orectolobiformes,eimeobeach,-21.030911111111113,149.18116666666666
2023-03-01,Townsville,Horseshoe Bay,PIGEYE WHALER,Carcharhinus amboinensis,Deceased,Carcharhiniformes,horseshoebay,-19.11187361111111,146.85320555555555
2023-03-02,Mackay,Blacks Beach,BLACKTIP REEF WHALER,Carcharhinus melanopterus,Deceased,Carcharhiniformes,blacksbeach,-21.045294444444444,149.19208333333333
2023-03-02,Mackay,Bucasia Beach,CREEK WHALER,Carcharhinus fitzroyensis,Deceased,Carcharhiniformes,bucasiabeach,-21.0204,149.16325277777779
2023-03-02,Capricorn Coast,Farnborough Beach,PIGEYE WHALER,Carcharhinus amboinensis,Deceased,Carcharhiniformes,farnboroughbeach,-23.116036666666666,150.75383666666667
2023-03-03,Capricorn Coast,Farnborough Beach,PIGEYE WHALER,Carcharhinus amboinensis,Deceased,Carcharhiniformes,farnboroughbeach,-23.116036666666666,150.75383666666667
2023-03-03,Capricorn Coast,Farnborough Beach,PIGEYE WHALER,Carcharhinus amboinensis,Deceased,Carcharhiniformes,farnboroughbeach,-23.116036666666666,150.75383666666667
2023-03-04,Cairns,Trinity,TIGER SHARK,Galeocerdo cuvier,Deceased,Carcharhiniformes,trinity,-16.777091666666667,145.7011611111111
2023-03-06,Capricorn Coast,Fishermans Beach,PIGEYE WHALER,Carcharhinus amboinensis,Released Alive,Carcharhiniformes,fishermansbeach,-23.243136666666665,150.82846999999998
2023-03-06,Capricorn Coast,Mullambin Beach,PIGEYE WHALER,Carcharhinus amboinensis,Released Alive,Carcharhiniformes,mullambinbeach,-23.18919,150.79873
2023-03-07,Capricorn Coast,Emu Park,BULL WHALER,Carcharhinus leucas,Deceased,Carcharhiniformes,emupark,-23.262438095238092,150.8322357142857
2023-03-07,Capricorn Coast,Fishermans Beach,BULL WHALER,Carcharhinus leucas,Deceased,Carcharhiniformes,fishermansbeach,-23.243136666666665,150.82846999999998
2023-03-07,Capricorn Coast,Kemp Beach,PIGEYE WHALER,Carcharhinus amboinensis,Deceased,Carcharhiniformes,kempbeach,-23.1712,150.79471944444444
2023-03-07,Capricorn Coast,Kemp Beach,TIGER SHARK,Galeocerdo cuvier,Released Alive,Carcharhiniformes,kempbeach,-23.1712,150.79471944444444
2023-03-07,Capricorn Coast,Tanby Point,BULL WHALER,Carcharhinus leucas,Deceased,Carcharhiniformes,tanbypoint,-23.22792666666667,150.82419666666667
2023-03-08,Capricorn Coast,Tanby Point,SHARPTOOTH SHARK,Negaprion acutidens,Released Alive,Carcharhiniformes,tanbypoint,-23.22792666666667,150.82419666666667
2023-03-09,Capricorn Coast,Emu Park,PIGEYE WHALER,Carcharhinus amboinensis,Deceased,Carcharhiniformes,emupark,-23.262438095238092,150.8322357142857
2023-03-09,Capricorn Coast,Farnborough Beach,PIGEYE WHALER,Carcharhinus amboinensis,Deceased,Carcharhiniformes,farnboroughbeach,-23.116036666666666,150.75383666666667
2023-03-09,Townsville,Palarenda Beach,TIGER SHARK,Galeocerdo cuvier,Deceased,Carcharhiniformes,palarendabeach,-19.198694444444445,146.77763333333334
2023-03-10,Cairns,Buchans,PIGEYE WHALER,Carcharhinus amboinensis,Deceased,Carcharhiniformes,buchans,-16.725916666666667,145.66339166666666
2023-03-10,Gladstone,Tannum Sands,BULL WHALER,Carcharhinus leucas,Deceased,Carcharhiniformes,tannumsands,-23.939119444444444,151.3756861111111
2023-03-11,Cairns,Trinity,TIGER SHARK,Galeocerdo cuvier,Euthanised,Carcharhiniformes,trinity,-16.777091666666667,145.7011611111111
2023-03-12,Capricorn Coast,Emu Park,PIGEYE WHALER,Carcharhinus amboinensis,Released Alive,Carcharhiniformes,emupark,-23.262438095238092,150.8322357142857
2023-03-13,Townsville,Alma Bay,TIGER SHARK,Galeocerdo cuvier,Deceased,Carcharhiniformes,almabay,-19.149697222222223,146.87386944444447
2023-03-13,Townsville,Horseshoe Bay,COMMON BLACKTIP WHALER,Carcharhinus limbatus,Deceased,Carcharhiniformes,horseshoebay,-19.11187361111111,146.85320555555555
2023-03-13,Capricorn Coast,Tanby Point,PIGEYE WHALER,Carcharhinus amboinensis,Deceased,Carcharhiniformes,tanbypoint,-23.22792666666667,150.82419666666667
2023-03-15,Mackay,Blacks Beach,BULL WHALER,Carcharhinus leucas,Deceased,Carcharhiniformes,blacksbeach,-21.045294444444444,149.19208333333333
2023-03-15,Capricorn Coast,Mullambin Beach,TAWNY SHARK,Nebrius ferrugineus,Released Alive,Orectolobiformes,mullambinbeach,-23.18919,150.79873
2023-03-15,Cairns,Palm Cove,TIGER SHARK,Galeocerdo cuvier,Released Alive,Carcharhiniformes,palmcove,-16.744905555555555,145.6754
2023-03-15,Gladstone,Tannum Sands,SPOT-TAIL WHALER,Carcharhinus sorrah,Deceased,Carcharhiniformes,tannumsands,-23.939119444444444,151.3756861111111
2023-03-15,Gladstone,Tannum Sands,TIGER SHARK,Galeocerdo cuvier,Euthanised,Carcharhiniformes,tannumsands,-23.939119444444444,151.3756861111111
2023-03-16,Capricorn Coast,Emu Park,TAWNY SHARK,Nebrius ferrugineus,Released Alive,Orectolobiformes,emupark,-23.262438095238092,150.8322357142857
2023-03-17,Capricorn Coast,Fishermans Beach,SHARPTOOTH SHARK,Negaprion acutidens,Released Alive,Carcharhiniformes,fishermansbeach,-23.243136666666665,150.82846999999998
2023-03-19,Townsville,Horseshoe Bay,TIGER SHARK,Galeocerdo cuvier,Deceased,Carcharhiniformes,horseshoebay,-19.11187361111111,146.85320555555555
2023-03-20,Townsville,Radical Bay,COMMON BLACKTIP WHALER,Carcharhinus limbatus,Deceased,Carcharhiniformes,radicalbay,-19.108173333333333,146.87670666666668
2023-03-24,Capricorn Coast,Emu Park,PIGEYE WHALER,Carcharhinus amboinensis,Deceased,Carcharhiniformes,emupark,-23.262438095238092,150.8322357142857
2023-03-24,Capricorn Coast,Farnborough Beach,PIGEYE WHALER,Carcharhinus amboinensis,Deceased,Carcharhiniformes,farnboroughbeach,-23.116036666666666,150.75383666666667
2023-03-24,Capricorn Coast,Kemp Beach,BULL WHALER,Carcharhinus leucas,Deceased,Carcharhiniformes,kempbeach,-23.1712,150.79471944444444
2023-03-25,Capricorn Coast,Emu Park,BULL WHALER,Carcharhinus leucas,Released Alive,Carcharhiniformes,emupark,-23.262438095238092,150.8322357142857
2023-03-25,Capricorn Coast,Fishermans Beach,BULL WHALER,Carcharhinus leucas,Deceased,Carcharhiniformes,fishermansbeach,-23.243136666666665,150.82846999999998
2023-03-26,Gladstone,Tannum Sands,TIGER SHARK,Galeocerdo cuvier,Deceased,Carcharhiniformes,tannumsands,-23.939119444444444,151.3756861111111
2023-03-28,Capricorn Coast,Emu Park,BULL WHALER,Carcharhinus leucas,Deceased,Carcharhiniformes,emupark,-23.262438095238092,150.8322357142857
2023-03-28,Capricorn Coast,Lammermoor Beach,PIGEYE WHALER,Carcharhinus amboinensis,Deceased,Carcharhiniformes,lammermoorbeach,-23.155048484848486,150.77348333333333
2023-03-29,Capricorn Coast,Cooee Bay,BULL WHALER,Carcharhinus leucas,Deceased,Carcharhiniformes,cooeebay,-23.139136666666666,150.76271333333335
2023-03-29,Mackay,Eimeo Beach,TAWNY SHARK,Nebrius ferrugineus,Released Alive,Orectolobiformes,eimeobeach,-21.030911111111113,149.18116666666666
2023-03-29,Townsville,Horseshoe Bay,SHARPTOOTH SHARK,Negaprion acutidens,Released Alive,Carcharhiniformes,horseshoebay,-19.11187361111111,146.85320555555555
2023-03-29,Capricorn Coast,Mullambin Beach,PIGEYE WHALER,Carcharhinus amboinensis,Deceased,Carcharhiniformes,mullambinbeach,-23.18919,150.79873
2023-03-30,Townsville,Florence Bay,PIGEYE WHALER,Carcharhinus amboinensis,Deceased,Carcharhiniformes,florencebay,-19.123693333333332,146.88541
2023-04-01,Capricorn Coast,Lammermoor Beach,TIGER SHARK,Galeocerdo cuvier,Released Alive,Carcharhiniformes,lammermoorbeach,-23.155048484848486,150.77348333333333
2023-04-03,Capricorn Coast,Mullambin Beach,PIGEYE WHALER,Carcharhinus amboinensis,Deceased,Carcharhiniformes,mullambinbeach,-23.18919,150.79873
2023-04-05,Capricorn Coast,Cooee Bay,AUST SHARPNOSE SHARK,Rhizoprionodon taylori,Released Alive,Carcharhiniformes,cooeebay,-23.139136666666666,150.76271333333335
2023-04-05,Capricorn Coast,Emu Park,BULL WHALER,Carcharhinus leucas,Deceased,Carcharhiniformes,emupark,-23.262438095238092,150.8322357142857
2023-04-05,Townsville,Florence Bay,SPOT-TAIL WHALER,Carcharhinus sorrah,Deceased,Carcharhiniformes,florencebay,-19.123693333333332,146.88541
2023-04-08,Capricorn Coast,Emu Park,COMMON BLACKTIP WHALER,Carcharhinus limbatus,Deceased,Carcharhiniformes,emupark,-23.262438095238092,150.8322357142857
2023-04-08,Townsville,Palarenda Beach,TIGER SHARK,Galeocerdo cuvier,Released Alive,Carcharhiniformes,palarendabeach,-19.198694444444445,146.77763333333334
2023-04-08,Townsville,Radical Bay,TIGER SHARK,Galeocerdo cuvier,Deceased,Carcharhiniformes,radicalbay,-19.108173333333333,146.87670666666668
2023-04-11,Townsville,Alma Bay,TIGER SHARK,Galeocerdo cuvier,Released Alive,Carcharhiniformes,almabay,-19.149697222222223,146.87386944444447
2023-04-11,Capricorn Coast,Emu Park,TIGER SHARK,Galeocerdo cuvier,Released Alive,Carcharhiniformes,emupark,-23.262438095238092,150.8322357142857
2023-04-11,Townsville,Florence Bay,TIGER SHARK,Galeocerdo cuvier,Released Alive,Carcharhiniformes,florencebay,-19.123693333333332,146.88541
2023-04-11,Capricorn Coast,Tanby Point,COMMON BLACKTIP WHALER,Carcharhinus limbatus,Released Alive,Carcharhiniformes,tanbypoint,-23.22792666666667,150.82419666666667
2023-04-12,Townsville,Alma Bay,BLACKTIP REEF WHALER,Carcharhinus melanopterus,Deceased,Carcharhiniformes,almabay,-19.149697222222223,146.87386944444447
2023-04-12,Townsville,Radical Bay,TIGER SHARK,Galeocerdo cuvier,Deceased,Carcharhiniformes,radicalbay,-19.108173333333333,146.87670666666668
2023-04-14,Capricorn Coast,Emu Park,TAWNY SHARK,Nebrius ferrugineus,Released Alive,Orectolobiformes,emupark,-23.262438095238092,150.8322357142857
2023-04-14,Capricorn Coast,Emu Park,TIGER SHARK,Galeocerdo cuvier,Released Alive,Carcharhiniformes,emupark,-23.262438095238092,150.8322357142857
2023-04-14,Gladstone,Tannum Sands,TAWNY SHARK,Nebrius ferrugineus,Released Alive,Orectolobiformes,tannumsands,-23.939119444444444,151.3756861111111
2023-04-15,Capricorn Coast,Emu Park,TIGER SHARK,Galeocerdo cuvier,Released Alive,Carcharhiniformes,emupark,-23.262438095238092,150.8322357142857
2023-04-16,Capricorn Coast,Emu Park,TIGER SHARK,Galeocerdo cuvier,Released Alive,Carcharhiniformes,emupark,-23.262438095238092,150.8322357142857
2023-04-16,Capricorn Coast,Yeppoon Beach,TIGER SHARK,Galeocerdo cuvier,Released Alive,Carcharhiniformes,yeppoonbeach,-23.128226666666666,150.75462666666667
2023-04-18,Townsville,Radical Bay,SPOT-TAIL WHALER,Carcharhinus sorrah,Deceased,Carcharhiniformes,radicalbay,-19.108173333333333,146.87670666666668
2023-04-19,Gladstone,Tannum Sands,TIGER SHARK,Galeocerdo cuvier,Deceased,Carcharhiniformes,tannumsands,-23.939119444444444,151.3756861111111
2023-04-20,Townsville,Nelly Bay,SPOT-TAIL WHALER,Carcharhinus sorrah,Deceased,Carcharhiniformes,nellybay,-19.17364523809524,146.85039523809525
2023-04-22,Cairns,Ellis Beach,PIGEYE WHALER,Carcharhinus amboinensis,Deceased,Carcharhiniformes,ellisbeach,-16.72147142857143,145.65029761904762
2023-04-25,Townsville,Horseshoe Bay,COMMON BLACKTIP WHALER,Carcharhinus limbatus,Deceased,Carcharhiniformes,horseshoebay,-19.11187361111111,146.85320555555555
2023-04-25,Cairns,Trinity,TIGER SHARK,Galeocerdo cuvier,Deceased,Carcharhiniformes,trinity,-16.777091666666667,145.7011611111111
2023-04-26,Townsville,Florence Bay,PIGEYE WHALER,Carcharhinus amboinensis,Deceased,Carcharhiniformes,florencebay,-19.123693333333332,146.88541
2023-04-26,Townsville,Florence Bay,TIGER SHARK,Galeocerdo cuvier,Released Alive,Carcharhiniformes,florencebay,-19.123693333333332,146.88541
2023-04-26,Cairns,Trinity,TIGER SHARK,Galeocerdo cuvier,Deceased,Carcharhiniformes,trinity,-16.777091666666667,145.7011611111111
2023-04-27,Townsville,Alma Bay,TIGER SHARK,Galeocerdo cuvier,Deceased,Carcharhiniformes,almabay,-19.149697222222223,146.87386944444447
2023-04-27,Townsville,Florence Bay,BULL WHALER,Carcharhinus leucas,Deceased,Carcharhiniformes,florencebay,-19.123693333333332,146.88541
2023-04-28,Cairns,Ellis Beach,TIGER SHARK,Galeocerdo cuvier,Deceased,Carcharhiniformes,ellisbeach,-16.72147142857143,145.65029761904762
2023-04-28,Capricorn Coast,Mullambin Beach,PIGEYE WHALER,Carcharhinus amboinensis,Deceased,Carcharhiniformes,mullambinbeach,-23.18919,150.79873
2023-04-29,Capricorn Coast,Emu Park,PIGEYE WHALER,Carcharhinus amboinensis,Deceased,Carcharhiniformes,emupark,-23.262438095238092,150.8322357142857
2023-04-29,Capricorn Coast,Kemp Beach,BULL WHALER,Carcharhinus leucas,Deceased,Carcharhiniformes,kempbeach,-23.1712,150.79471944444444
2023-04-29,Capricorn Coast,Lammermoor Beach,PIGEYE WHALER,Carcharhinus amboinensis,Deceased,Carcharhiniformes,lammermoorbeach,-23.155048484848486,150.77348333333333
2023-04-29,Capricorn Coast,Tanby Point,PIGEYE WHALER,Carcharhinus amboinensis,Deceased,Carcharhiniformes,tanbypoint,-23.22792666666667,150.82419666666667
2023-04-29,Capricorn Coast,Yeppoon Beach,BULL WHALER,Carcharhinus leucas,Deceased,Carcharhiniformes,yeppoonbeach,-23.128226666666666,150.75462666666667
2023-04-30,Capricorn Coast,Lammermoor Beach,BULL WHALER,Carcharhinus leucas,Deceased,Carcharhiniformes,lammermoorbeach,-23.155048484848486,150.77348333333333
2023-04-30,Capricorn Coast,Tanby Point,PIGEYE WHALER,Carcharhinus amboinensis,Deceased,Carcharhiniformes,tanbypoint,-23.22792666666667,150.82419666666667
2023-05-01,Townsville,Radical Bay,SPOT-TAIL WHALER,Carcharhinus sorrah,Deceased,Carcharhiniformes,radicalbay,-19.108173333333333,146.87670666666668
2023-05-02,Cairns,Ellis Beach,TIGER SHARK,Galeocerdo cuvier,Released Alive,Carcharhiniformes,ellisbeach,-16.72147142857143,145.65029761904762
2023-05-02,Townsville,Horseshoe Bay,SPOT-TAIL WHALER,Carcharhinus sorrah,Deceased,Carcharhiniformes,horseshoebay,-19.11187361111111,146.85320555555555
2023-05-03,Capricorn Coast,Emu Park,TIGER SHARK,Galeocerdo cuvier,Released Alive,Carcharhiniformes,emupark,-23.262438095238092,150.8322357142857
2023-05-04,Cairns,Clifton,PIGEYE WHALER,Carcharhinus amboinensis,Deceased,Carcharhiniformes,clifton,-16.759525,145.68219583333334
2023-05-04,Capricorn Coast,Cooee Bay,GRACEFUL WHALER,Carcharhinus amblyrhynchoides,Deceased,Carcharhiniformes,cooeebay,-23.139136666666666,150.76271333333335
2023-05-04,Mackay,Eimeo Beach,TAWNY SHARK,Nebrius ferrugineus,Released Alive,Orectolobiformes,eimeobeach,-21.030911111111113,149.18116666666666
2023-05-04,Capricorn Coast,Fishermans Beach,BULL WHALER,Carcharhinus leucas,Deceased,Carcharhiniformes,fishermansbeach,-23.243136666666665,150.82846999999998
2023-05-04,Townsville,Radical Bay,TIGER SHARK,Galeocerdo cuvier,Released Alive,Carcharhiniformes,radicalbay,-19.108173333333333,146.87670666666668
2023-05-05,Capricorn Coast,Cooee Bay,PIGEYE WHALER,Carcharhinus amboinensis,Deceased,Carcharhiniformes,cooeebay,-23.139136666666666,150.76271333333335
2023-05-05,Capricorn Coast,Tanby Point,PIGEYE WHALER,Carcharhinus amboinensis,Released Alive,Carcharhiniformes,tanbypoint,-23.22792666666667,150.82419666666667
2023-05-06,Capricorn Coast,Emu Park,BULL WHALER,Carcharhinus leucas,Released Alive,Carcharhiniformes,emupark,-23.262438095238092,150.8322357142857
2023-05-06,Gladstone,Tannum Sands,AUST SHARPNOSE SHARK,Rhizoprionodon taylori,Deceased,Carcharhiniformes,tannumsands,-23.939119444444444,151.3756861111111
2023-05-08,Cairns,Ellis Beach,TIGER SHARK,Galeocerdo cuvier,Deceased,Carcharhiniformes,ellisbeach,-16.72147142857143,145.65029761904762
2023-05-08,Capricorn Coast,Emu Park,BULL WHALER,Carcharhinus leucas,Released Alive,Carcharhiniformes,emupark,-23.262438095238092,150.8322357142857
2023-05-08,Townsville,Horseshoe Bay,TIGER SHARK,Galeocerdo cuvier,Euthanised,Carcharhiniformes,horseshoebay,-19.11187361111111,146.85320555555555
2023-05-08,Townsville,Picnic Bay,TAWNY SHARK,Nebrius ferrugineus,Released Alive,Orectolobiformes,picnicbay,-19.182850000000002,146.84146666666666
2023-05-09,Capricorn Coast,Emu Park,BULL WHALER,Carcharhinus leucas,Deceased,Carcharhiniformes,emupark,-23.262438095238092,150.8322357142857
2023-05-10,Capricorn Coast,Lammermoor Beach,TIGER SHARK,Galeocerdo cuvier,Deceased,Carcharhiniformes,lammermoorbeach,-23.155048484848486,150.77348333333333
2023-05-10,Capricorn Coast,Tanby Point,BULL WHALER,Carcharhinus leucas,Released Alive,Carcharhiniformes,tanbypoint,-23.22792666666667,150.82419666666667
2023-05-15,Townsville,Horseshoe Bay,COMMON BLACKTIP WHALER,Carcharhinus limbatus,Deceased,Carcharhiniformes,horseshoebay,-19.11187361111111,146.85320555555555
2023-05-15,Townsville,Radical Bay,TIGER SHARK,Galeocerdo cuvier,Released Alive,Carcharhiniformes,radicalbay,-19.108173333333333,146.87670666666668
2023-05-16,Capricorn Coast,Tanby Point,TIGER SHARK,Galeocerdo cuvier,Released Alive,Carcharhiniformes,tanbypoint,-23.22792666666667,150.82419666666667
2023-05-17,Cairns,Buchans,PIGEYE WHALER,Carcharhinus amboinensis,Deceased,Carcharhiniformes,buchans,-16.725916666666667,145.66339166666666
2023-05-17,Cairns,Buchans,TIGER SHARK,Galeocerdo cuvier,Deceased,Carcharhiniformes,buchans,-16.725916666666667,145.66339166666666
2023-05-17,Capricorn Coast,Emu Park,TIGER SHARK,Galeocerdo cuvier,Released Alive,Carcharhiniformes,emupark,-23.262438095238092,150.8322357142857
2023-05-17,Capricorn Coast,Fishermans Beach,TIGER SHARK,Galeocerdo cuvier,Released Alive,Carcharhiniformes,fishermansbeach,-23.243136666666665,150.82846999999998
2023-05-17,Capricorn Coast,Fishermans Beach,TIGER SHARK,Galeocerdo cuvier,Deceased,Carcharhiniformes,fishermansbeach,-23.243136666666665,150.82846999999998
2023-05-17,Townsville,Florence Bay,COMMON BLACKTIP WHALER,Carcharhinus limbatus,Deceased,Carcharhiniformes,florencebay,-19.123693333333332,146.88541
2023-05-17,Townsville,Horseshoe Bay,SPOT-TAIL WHALER,Carcharhinus sorrah,Deceased,Carcharhiniformes,horseshoebay,-19.11187361111111,146.85320555555555
2023-05-18,Capricorn Coast,Tanby Point,BULL WHALER,Carcharhinus leucas,Released Alive,Carcharhiniformes,tanbypoint,-23.22792666666667,150.82419666666667
2023-05-19,Mackay,Eimeo Beach,TIGER SHARK,Galeocerdo cuvier,Released Alive,Carcharhiniformes,eimeobeach,-21.030911111111113,149.18116666666666
2023-05-20,Mackay,Eimeo Beach,TIGER SHARK,Galeocerdo cuvier,Deceased,Carcharhiniformes,eimeobeach,-21.030911111111113,149.18116666666666
2023-05-22,Capricorn Coast,Farnborough Beach,BULL WHALER,Carcharhinus leucas,Released Alive,Carcharhiniformes,farnboroughbeach,-23.116036666666666,150.75383666666667
2023-05-22,Gladstone,Tannum Sands,PIGEYE WHALER,Carcharhinus amboinensis,Deceased,Carcharhiniformes,tannumsands,-23.939119444444444,151.3756861111111
2023-05-25,Townsville,Radical Bay,COMMON BLACKTIP WHALER,Carcharhinus limbatus,Deceased,Carcharhiniformes,radicalbay,-19.108173333333333,146.87670666666668
2023-05-28,Capricorn Coast,Tanby Point,PIGEYE WHALER,Carcharhinus amboinensis,Deceased,Carcharhiniformes,tanbypoint,-23.22792666666667,150.82419666666667
2023-05-29,Capricorn Coast,Fishermans Beach,TIGER SHARK,Galeocerdo cuvier,Released Alive,Carcharhiniformes,fishermansbeach,-23.243136666666665,150.82846999999998
2023-05-31,Capricorn Coast,Farnborough Beach,TIGER SHARK,Galeocerdo cuvier,Deceased,Carcharhiniformes,farnboroughbeach,-23.116036666666666,150.75383666666667
2023-06-01,Mackay,Eimeo Beach,BLACKTIP REEF WHALER,Carcharhinus melanopterus,Deceased,Carcharhiniformes,eimeobeach,-21.030911111111113,149.18116666666666
2023-06-04,Capricorn Coast,Fishermans Beach,CREEK WHALER,Carcharhinus fitzroyensis,Deceased,Carcharhiniformes,fishermansbeach,-23.243136666666665,150.82846999999998
2023-06-04,Capricorn Coast,Kemp Beach,TIGER SHARK,Galeocerdo cuvier,Released Alive,Carcharhiniformes,kempbeach,-23.1712,150.79471944444444
2023-06-08,Townsville,Horseshoe Bay,TIGER SHARK,Galeocerdo cuvier,Euthanised,Carcharhiniformes,horseshoebay,-19.11187361111111,146.85320555555555
2023-06-09,Cairns,Buchans,TAWNY SHARK,Nebrius ferrugineus,Released Alive,Orectolobiformes,buchans,-16.725916666666667,145.66339166666666
2023-06-09,Cairns,Palm Cove,TAWNY SHARK,Nebrius ferrugineus,Released Alive,Orectolobiformes,palmcove,-16.744905555555555,145.6754
2023-06-09,Gladstone,Tannum Sands,PIGEYE WHALER,Carcharhinus amboinensis,Deceased,Carcharhiniformes,tannumsands,-23.939119444444444,151.3756861111111
2023-06-10,Gladstone,Tannum Sands,MILK SHARK,Rhizoprionodon acutus,Deceased,Carcharhiniformes,tannumsands,-23.939119444444444,151.3756861111111
2023-06-14,Townsville,Radical Bay,SPOT-TAIL WHALER,Carcharhinus sorrah,Deceased,Carcharhiniformes,radicalbay,-19.108173333333333,146.87670666666668
2023-06-14,Gladstone,Tannum Sands,PIGEYE WHALER,Carcharhinus amboinensis,Deceased,Carcharhiniformes,tannumsands,-23.939119444444444,151.3756861111111
2023-06-19,Capricorn Coast,Emu Park,PIGEYE WHALER,Carcharhinus amboinensis,Deceased,Carcharhiniformes,emupark,-23.262438095238092,150.8322357142857
2023-06-19,Gladstone,Tannum Sands,PIGEYE WHALER,Carcharhinus amboinensis,Released Alive,Carcharhiniformes,tannumsands,-23.939119444444444,151.3756861111111
2023-06-20,Gladstone,Tannum Sands,SPOT-TAIL WHALER,Carcharhinus sorrah,Deceased,Carcharhiniformes,tannumsands,-23.939119444444444,151.3756861111111
2023-06-21,Cairns,Clifton,TIGER SHARK,Galeocerdo cuvier,Released Alive,Carcharhiniformes,clifton,-16.759525,145.68219583333334
2023-06-22,Townsville,Horseshoe Bay,COMMON BLACKTIP WHALER,Carcharhinus limbatus,Deceased,Carcharhiniformes,horseshoebay,-19.11187361111111,146.85320555555555
2023-06-24,Gladstone,Tannum Sands,TIGER SHARK,Galeocerdo cuvier,Euthanised,Carcharhiniformes,tannumsands,-23.939119444444444,151.3756861111111
2023-06-27,Townsville,Alma Bay,TIGER SHARK,Galeocerdo cuvier,Released Alive,Carcharhiniformes,almabay,-19.149697222222223,146.87386944444447
2023-06-27,Townsville,Horseshoe Bay,BULL WHALER,Carcharhinus leucas,Euthanised,Carcharhiniformes,horseshoebay,-19.11187361111111,146.85320555555555
2023-06-27,Townsville,Palarenda Beach,SPOT-TAIL WHALER,Carcharhinus sorrah,Deceased,Carcharhiniformes,palarendabeach,-19.198694444444445,146.77763333333334
2021-12-17,Mackay,Blacks Beach,AUSTRALIAN BLACKTIP,Carcharhinus tilstoni,Deceased,Carcharhiniformes,blacksbeach,-21.045294444444444,149.19208333333333
2021-12-05,Capricorn Coast,Yeppoon Beach,AUSTRALIAN SHARPNOSE SHARK,Rhizoprionodon taylori,Deceased,Carcharhiniformes,yeppoonbeach,-23.128226666666666,150.75462666666667
2021-12-22,Capricorn Coast,Fishermans Beach,BLACKTIP REEF WHALER,Carcharhinus melanopterus,Deceased,Carcharhiniformes,fishermansbeach,-23.243136666666665,150.82846999999998
2022-01-15,Mackay,Blacks Beach,BLACKTIP REEF WHALER,Carcharhinus melanopterus,Deceased,Carcharhiniformes,blacksbeach,-21.045294444444444,149.19208333333333
2022-04-16,Townsville,Alma Bay,BLACKTIP REEF WHALER,Carcharhinus melanopterus,Deceased,Carcharhiniformes,almabay,-19.149697222222223,146.87386944444447
2022-04-20,Townsville,Alma Bay,BLACKTIP REEF WHALER,Carcharhinus melanopterus,Deceased,Carcharhiniformes,almabay,-19.149697222222223,146.87386944444447
2021-07-12,Townsville,Nelly Bay,BLACKTIP REEF WHALER,Carcharhinus melanopterus,Deceased,Carcharhiniformes,nellybay,-19.17364523809524,146.85039523809525
2021-07-26,Townsville,Nelly Bay,BLACKTIP REEF WHALER,Carcharhinus melanopterus,Deceased,Carcharhiniformes,nellybay,-19.17364523809524,146.85039523809525
2021-08-10,Townsville,Nelly Bay,BLACKTIP REEF WHALER,Carcharhinus melanopterus,Deceased,Carcharhiniformes,nellybay,-19.17364523809524,146.85039523809525
2021-10-18,Townsville,Nelly Bay,BLACKTIP REEF WHALER,Carcharhinus melanopterus,Deceased,Carcharhiniformes,nellybay,-19.17364523809524,146.85039523809525
2022-03-21,Townsville,Nelly Bay,BLACKTIP REEF WHALER,Carcharhinus melanopterus,Deceased,Carcharhiniformes,nellybay,-19.17364523809524,146.85039523809525
2022-03-09,Townsville,Picnic Bay,BLACKTIP REEF WHALER,Carcharhinus melanopterus,Deceased,Carcharhiniformes,picnicbay,-19.182850000000002,146.84146666666666
2022-06-02,Townsville,Picnic Bay,BLACKTIP REEF WHALER,Carcharhinus melanopterus,Deceased,Carcharhiniformes,picnicbay,-19.182850000000002,146.84146666666666
2021-08-03,Townsville,Radical Bay,BLACKTIP REEF WHALER,Carcharhinus melanopterus,Deceased,Carcharhiniformes,radicalbay,-19.108173333333333,146.87670666666668
2021-07-01,Townsville,Alma Bay,BULL WHALER,Carcharhinus leucas,Released Alive,Carcharhiniformes,almabay,-19.149697222222223,146.87386944444447
2021-07-01,Townsville,Picnic Bay,BULL WHALER,Carcharhinus leucas,Deceased,Carcharhiniformes,picnicbay,-19.182850000000002,146.84146666666666
2021-07-10,Capricorn Coast,Tanby Point,BULL WHALER,Carcharhinus leucas,Deceased,Carcharhiniformes,tanbypoint,-23.22792666666667,150.82419666666667
2021-07-10,Mackay,Blacks Beach,BULL WHALER,Carcharhinus leucas,Released Alive,Carcharhiniformes,blacksbeach,-21.045294444444444,149.19208333333333
2021-07-12,Townsville,Radical Bay,TIGER SHARK,Galeocerdo cuvier,Released Alive,Carcharhiniformes,radicalbay,-19.108173333333333,146.87670666666668
2021-07-15,Cairns,Trinity,TIGER SHARK,Galeocerdo cuvier,Deceased,Carcharhiniformes,trinity,-16.777091666666667,145.7011611111111
2021-07-22,Mackay,Bucasia Beach,TIGER SHARK,Galeocerdo cuvier,Released Alive,Carcharhiniformes,bucasiabeach,-21.0204,149.16325277777779
2021-07-23,Mackay,Bucasia Beach,TIGER SHARK,Galeocerdo cuvier,Released Alive,Carcharhiniformes,bucasiabeach,-21.0204,149.16325277777779
2021-07-27,Townsville,Florence Bay,TIGER SHARK,Galeocerdo cuvier,Released Alive,Carcharhiniformes,florencebay,-19.123693333333332,146.88541
2021-07-28,Townsville,Horseshoe Bay,BULL WHALER,Carcharhinus leucas,Deceased,Carcharhiniformes,horseshoebay,-19.11187361111111,146.85320555555555
2021-07-28,Townsville,Nelly Bay,TIGER SHARK,Galeocerdo cuvier,Deceased,Carcharhiniformes,nellybay,-19.17364523809524,146.85039523809525
2021-08-12,Cairns,Buchans,TIGER SHARK,Galeocerdo cuvier,Released Alive,Carcharhiniformes,buchans,-16.725916666666667,145.66339166666666
2021-08-13,Cairns,Buchans,TIGER SHARK,Galeocerdo cuvier,Released Alive,Carcharhiniformes,buchans,-16.725916666666667,145.66339166666666
2021-08-14,Capricorn Coast,Tanby Point,BULL WHALER,Carcharhinus leucas,Deceased,Carcharhiniformes,tanbypoint,-23.22792666666667,150.82419666666667
2021-08-21,Cairns,Palm Cove,TIGER SHARK,Galeocerdo cuvier,Deceased,Carcharhiniformes,palmcove,-16.744905555555555,145.6754
2021-08-28,Mackay,Blacks Beach,TIGER SHARK,Galeocerdo cuvier,Released Alive,Carcharhiniformes,blacksbeach,-21.045294444444444,149.19208333333333
2021-08-28,Mackay,Eimeo Beach,TIGER SHARK,Galeocerdo cuvier,Released Alive,Carcharhiniformes,eimeobeach,-21.030911111111113,149.18116666666666
2021-08-29,Capricorn Coast,Tanby Point,TIGER SHARK,Galeocerdo cuvier,Released Alive,Carcharhiniformes,tanbypoint,-23.22792666666667,150.82419666666667
2021-09-05,Capricorn Coast,Emu Park,BULL WHALER,Carcharhinus leucas,Deceased,Carcharhiniformes,emupark,-23.262438095238092,150.8322357142857
2021-09-05,Capricorn Coast,Emu Park,BULL WHALER,Carcharhinus leucas,Deceased,Carcharhiniformes,emupark,-23.262438095238092,150.8322357142857
2021-09-05,Capricorn Coast,Farnborough Beach,BULL WHALER,Carcharhinus leucas,Deceased,Carcharhiniformes,farnboroughbeach,-23.116036666666666,150.75383666666667
2021-09-09,Capricorn Coast,Fishermans Beach,BULL WHALER,Carcharhinus leucas,Released Alive,Carcharhiniformes,fishermansbeach,-23.243136666666665,150.82846999999998
2021-09-18,Gladstone,Tannum Sands,TIGER SHARK,Galeocerdo cuvier,Euthanised,Carcharhiniformes,tannumsands,-23.939119444444444,151.3756861111111
2021-09-20,Townsville,Horseshoe Bay,BULL WHALER,Carcharhinus leucas,Euthanised,Carcharhiniformes,horseshoebay,-19.11187361111111,146.85320555555555
2021-09-25,Cairns,Ellis Beach,TIGER SHARK,Galeocerdo cuvier,Released Alive,Carcharhiniformes,ellisbeach,-16.72147142857143,145.65029761904762
2021-09-25,Capricorn Coast,Farnborough Beach,BULL WHALER,Carcharhinus leucas,Released Alive,Carcharhiniformes,farnboroughbeach,-23.116036666666666,150.75383666666667
2021-10-05,Townsville,Florence Bay,TIGER SHARK,Galeocerdo cuvier,Released Alive,Carcharhiniformes,florencebay,-19.123693333333332,146.88541
2021-10-06,Townsville,Horseshoe Bay,TIGER SHARK,Galeocerdo cuvier,Euthanised,Carcharhiniformes,horseshoebay,-19.11187361111111,146.85320555555555
2021-10-11,Capricorn Coast,Emu Park,TIGER SHARK,Galeocerdo cuvier,Released Alive,Carcharhiniformes,emupark,-23.262438095238092,150.8322357142857
2021-10-11,Capricorn Coast,Mullambin Beach,TIGER SHARK,Galeocerdo cuvier,Released Alive,Carcharhiniformes,mullambinbeach,-23.18919,150.79873
2021-10-11,Capricorn Coast,Tanby Point,TIGER SHARK,Galeocerdo cuvier,Released Alive,Carcharhiniformes,tanbypoint,-23.22792666666667,150.82419666666667
2021-10-14,Gladstone,Tannum Sands,TIGER SHARK,Galeocerdo cuvier,Euthanised,Carcharhiniformes,tannumsands,-23.939119444444444,151.3756861111111
2021-10-23,Cairns,Ellis Beach,TIGER SHARK,Galeocerdo cuvier,Released Alive,Carcharhiniformes,ellisbeach,-16.72147142857143,145.65029761904762
2021-10-23,Capricorn Coast,Emu Park,BULL WHALER,Carcharhinus leucas,Deceased,Carcharhiniformes,emupark,-23.262438095238092,150.8322357142857
2021-10-23,Capricorn Coast,Emu Park,TIGER SHARK,Galeocerdo cuvier,Released Alive,Carcharhiniformes,emupark,-23.262438095238092,150.8322357142857
2021-10-24,Townsville,Alma Bay,TIGER SHARK,Galeocerdo cuvier,Released Alive,Carcharhiniformes,almabay,-19.149697222222223,146.87386944444447
2021-10-27,Cairns,Buchans,TIGER SHARK,Galeocerdo cuvier,Released Alive,Carcharhiniformes,buchans,-16.725916666666667,145.66339166666666
2021-10-27,Townsville,Alma Bay,TIGER SHARK,Galeocerdo cuvier,Released Alive,Carcharhiniformes,almabay,-19.149697222222223,146.87386944444447
2021-11-05,Capricorn Coast,Tanby Point,BULL WHALER,Carcharhinus leucas,Deceased,Carcharhiniformes,tanbypoint,-23.22792666666667,150.82419666666667
2021-11-06,Capricorn Coast,Emu Park,BULL WHALER,Carcharhinus leucas,Deceased,Carcharhiniformes,emupark,-23.262438095238092,150.8322357142857
2021-11-06,Capricorn Coast,Emu Park,BULL WHALER,Carcharhinus leucas,Deceased,Carcharhiniformes,emupark,-23.262438095238092,150.8322357142857
2021-11-06,Capricorn Coast,Farnborough Beach,BULL WHALER,Carcharhinus leucas,Deceased,Carcharhiniformes,farnboroughbeach,-23.116036666666666,150.75383666666667
2021-11-06,Capricorn Coast,Lammermoor Beach,BULL WHALER,Carcharhinus leucas,Deceased,Carcharhiniformes,lammermoorbeach,-23.155048484848486,150.77348333333333
2021-11-06,Capricorn Coast,Mullambin Beach,BULL WHALER,Carcharhinus leucas,Deceased,Carcharhiniformes,mullambinbeach,-23.18919,150.79873
2021-11-06,Capricorn Coast,Tanby Point,BULL WHALER,Carcharhinus leucas,Deceased,Carcharhiniformes,tanbypoint,-23.22792666666667,150.82419666666667
2021-11-10,Mackay,Blacks Beach,BULL WHALER,Carcharhinus leucas,Deceased,Carcharhiniformes,blacksbeach,-21.045294444444444,149.19208333333333
2021-11-15,Townsville,Picnic Bay,TIGER SHARK,Galeocerdo cuvier,Released Alive,Carcharhiniformes,picnicbay,-19.182850000000002,146.84146666666666
2021-11-17,Townsville,Radical Bay,TIGER SHARK,Galeocerdo cuvier,Released Alive,Carcharhiniformes,radicalbay,-19.108173333333333,146.87670666666668
2021-11-20,Capricorn Coast,Emu Park,BULL WHALER,Carcharhinus leucas,Deceased,Carcharhiniformes,emupark,-23.262438095238092,150.8322357142857
2021-11-20,Capricorn Coast,Tanby Point,BULL WHALER,Carcharhinus leucas,Deceased,Carcharhiniformes,tanbypoint,-23.22792666666667,150.82419666666667
2021-11-21,Capricorn Coast,Emu Park,BULL WHALER,Carcharhinus leucas,Deceased,Carcharhiniformes,emupark,-23.262438095238092,150.8322357142857
2021-11-23,Townsville,Nelly Bay,TIGER SHARK,Galeocerdo cuvier,Released Alive,Carcharhiniformes,nellybay,-19.17364523809524,146.85039523809525
2021-11-24,Mackay,Blacks Beach,BULL WHALER,Carcharhinus leucas,Deceased,Carcharhiniformes,blacksbeach,-21.045294444444444,149.19208333333333
2021-11-24,Townsville,Horseshoe Bay,TIGER SHARK,Galeocerdo cuvier,Euthanised,Carcharhiniformes,horseshoebay,-19.11187361111111,146.85320555555555
2021-11-27,Capricorn Coast,Fishermans Beach,BULL WHALER,Carcharhinus leucas,Released Alive,Carcharhiniformes,fishermansbeach,-23.243136666666665,150.82846999999998
2021-11-28,Capricorn Coast,Tanby Point,TIGER SHARK,Galeocerdo cuvier,Released Alive,Carcharhiniformes,tanbypoint,-23.22792666666667,150.82419666666667
2021-11-29,Capricorn Coast,Emu Park,BULL WHALER,Carcharhinus leucas,Released Alive,Carcharhiniformes,emupark,-23.262438095238092,150.8322357142857
2021-11-29,Townsville,Horseshoe Bay,TIGER SHARK,Galeocerdo cuvier,Deceased,Carcharhiniformes,horseshoebay,-19.11187361111111,146.85320555555555
2021-11-30,Gladstone,Tannum Sands,TIGER SHARK,Galeocerdo cuvier,Euthanised,Carcharhiniformes,tannumsands,-23.939119444444444,151.3756861111111
2021-11-30,Townsville,Nelly Bay,TIGER SHARK,Galeocerdo cuvier,Deceased,Carcharhiniformes,nellybay,-19.17364523809524,146.85039523809525
2021-12-01,Capricorn Coast,Fishermans Beach,BULL WHALER,Carcharhinus leucas,Deceased,Carcharhiniformes,fishermansbeach,-23.243136666666665,150.82846999999998
2021-12-01,Capricorn Coast,Tanby Point,TIGER SHARK,Galeocerdo cuvier,Released Alive,Carcharhiniformes,tanbypoint,-23.22792666666667,150.82419666666667
2021-12-02,Capricorn Coast,Kemp Beach,TIGER SHARK,Galeocerdo cuvier,Deceased,Carcharhiniformes,kempbeach,-23.1712,150.79471944444444
2021-12-03,Capricorn Coast,Tanby Point,TIGER SHARK,Galeocerdo cuvier,Released Alive,Carcharhiniformes,tanbypoint,-23.22792666666667,150.82419666666667
2021-12-05,Townsville,Alma Bay,TIGER SHARK,Galeocerdo cuvier,Deceased,Carcharhiniformes,almabay,-19.149697222222223,146.87386944444447
2021-12-07,Capricorn Coast,Emu Park,BULL WHALER,Carcharhinus leucas,Deceased,Carcharhiniformes,emupark,-23.262438095238092,150.8322357142857
2021-12-08,Capricorn Coast,Emu Park,BULL WHALER,Carcharhinus leucas,Deceased,Carcharhiniformes,emupark,-23.262438095238092,150.8322357142857
2021-12-08,Capricorn Coast,Mullambin Beach,BULL WHALER,Carcharhinus leucas,Deceased,Carcharhiniformes,mullambinbeach,-23.18919,150.79873
2021-12-08,Capricorn Coast,Tanby Point,BULL WHALER,Carcharhinus leucas,Released Alive,Carcharhiniformes,tanbypoint,-23.22792666666667,150.82419666666667
2021-12-08,Townsville,Radical Bay,TIGER SHARK,Galeocerdo cuvier,Released Alive,Carcharhiniformes,radicalbay,-19.108173333333333,146.87670666666668
2021-12-10,Capricorn Coast,Mullambin Beach,TIGER SHARK,Galeocerdo cuvier,Deceased,Carcharhiniformes,mullambinbeach,-23.18919,150.79873
2021-12-11,Capricorn Coast,Emu Park,BULL WHALER,Carcharhinus leucas,Released Alive,Carcharhiniformes,emupark,-23.262438095238092,150.8322357142857
2021-12-14,Capricorn Coast,Tanby Point,BULL WHALER,Carcharhinus leucas,Released Alive,Carcharhiniformes,tanbypoint,-23.22792666666667,150.82419666666667
2021-12-14,Capricorn Coast,Tanby Point,BULL WHALER,Carcharhinus leucas,Released Alive,Carcharhiniformes,tanbypoint,-23.22792666666667,150.82419666666667
2021-12-14,Capricorn Coast,Emu Park,BULL WHALER,Carcharhinus leucas,Released Alive,Carcharhiniformes,emupark,-23.262438095238092,150.8322357142857
2021-12-14,Townsville,Alma Bay,TIGER SHARK,Galeocerdo cuvier,Released Alive,Carcharhiniformes,almabay,-19.149697222222223,146.87386944444447
2021-12-15,Capricorn Coast,Emu Park,BULL WHALER,Carcharhinus leucas,Deceased,Carcharhiniformes,emupark,-23.262438095238092,150.8322357142857
2021-12-15,Capricorn Coast,Mullambin Beach,BULL WHALER,Carcharhinus leucas,Deceased,Carcharhiniformes,mullambinbeach,-23.18919,150.79873
2021-12-15,Capricorn Coast,Tanby Point,BULL WHALER,Carcharhinus leucas,Deceased,Carcharhiniformes,tanbypoint,-23.22792666666667,150.82419666666667
2021-12-16,Cairns,Ellis Beach,TIGER SHARK,Galeocerdo cuvier,Deceased,Carcharhiniformes,ellisbeach,-16.72147142857143,145.65029761904762
2021-12-17,Gladstone,Tannum Sands,TIGER SHARK,Galeocerdo cuvier,Deceased,Carcharhiniformes,tannumsands,-23.939119444444444,151.3756861111111
2021-12-19,Capricorn Coast,Emu Park,BULL WHALER,Carcharhinus leucas,Deceased,Carcharhiniformes,emupark,-23.262438095238092,150.8322357142857
2021-12-19,Capricorn Coast,Emu Park,BULL WHALER,Carcharhinus leucas,Deceased,Carcharhiniformes,emupark,-23.262438095238092,150.8322357142857
2021-12-19,Capricorn Coast,Fishermans Beach,BULL WHALER,Carcharhinus leucas,Deceased,Carcharhiniformes,fishermansbeach,-23.243136666666665,150.82846999999998
2021-12-22,Mackay,Blacks Beach,TIGER SHARK,Galeocerdo cuvier,Deceased,Carcharhiniformes,blacksbeach,-21.045294444444444,149.19208333333333
2021-12-22,Mackay,Blacks Beach,TIGER SHARK,Galeocerdo cuvier,Released Alive,Carcharhiniformes,blacksbeach,-21.045294444444444,149.19208333333333
2022-01-11,Townsville,Horseshoe Bay,COMMON BLACKTIP WHALER,Carcharhinus limbatus,Deceased,Carcharhiniformes,horseshoebay,-19.11187361111111,146.85320555555555
2022-02-01,Townsville,Horseshoe Bay,COMMON BLACKTIP WHALER,Carcharhinus limbatus,Deceased,Carcharhiniformes,horseshoebay,-19.11187361111111,146.85320555555555
2022-03-19,Cairns,Buchans,COMMON BLACKTIP WHALER,Carcharhinus limbatus,Deceased,Carcharhiniformes,buchans,-16.725916666666667,145.66339166666666
2022-03-18,Cairns,Ellis Beach,COMMON BLACKTIP WHALER,Carcharhinus limbatus,Deceased,Carcharhiniformes,ellisbeach,-16.72147142857143,145.65029761904762
2021-12-23,Capricorn Coast,Emu Park,COMMON BLACKTIP WHALER,Carcharhinus limbatus,Deceased,Carcharhiniformes,emupark,-23.262438095238092,150.8322357142857
2021-09-29,Townsville,Florence Bay,COMMON BLACKTIP WHALER,Carcharhinus limbatus,Deceased,Carcharhiniformes,florencebay,-19.123693333333332,146.88541
2022-04-16,Townsville,Florence Bay,COMMON BLACKTIP WHALER,Carcharhinus limbatus,Deceased,Carcharhiniformes,florencebay,-19.123693333333332,146.88541
2022-04-15,Townsville,Nelly Bay,COMMON BLACKTIP WHALER,Carcharhinus limbatus,Deceased,Carcharhiniformes,nellybay,-19.17364523809524,146.85039523809525
2022-05-07,Townsville,Nelly Bay,COMMON BLACKTIP WHALER,Carcharhinus limbatus,Deceased,Carcharhiniformes,nellybay,-19.17364523809524,146.85039523809525
2022-01-31,Townsville,Radical Bay,COMMON BLACKTIP WHALER,Carcharhinus limbatus,Deceased,Carcharhiniformes,radicalbay,-19.108173333333333,146.87670666666668
2022-06-10,Townsville,Radical Bay,COMMON BLACKTIP WHALER,Carcharhinus limbatus,Deceased,Carcharhiniformes,radicalbay,-19.108173333333333,146.87670666666668
2022-02-25,Cairns,Yorkeys,GREAT HAMMERHEAD,Sphyrna mokarran,Deceased,Carcharhiniformes,yorkeys,-16.805583333333335,145.73073
2021-08-07,Cairns,Palm Cove,GREAT HAMMERHEAD,Sphyrna mokarran,Released Alive,Carcharhiniformes,palmcove,-16.744905555555555,145.6754
2022-03-06,Capricorn Coast,Emu Park,GREAT HAMMERHEAD,Sphyrna mokarran,Released Alive,Carcharhiniformes,emupark,-23.262438095238092,150.8322357142857
2022-05-29,Mackay,Sth Lamberts Beach,GREAT HAMMERHEAD,Sphyrna mokarran,Deceased,Carcharhiniformes,sthlambertsbeach,,
2021-08-03,Townsville,Alma Bay,GREAT HAMMERHEAD,Sphyrna mokarran,Deceased,Carcharhiniformes,almabay,-19.149697222222223,146.87386944444447
2022-01-31,Townsville,Alma Bay,GREAT HAMMERHEAD,Sphyrna mokarran,Deceased,Carcharhiniformes,almabay,-19.149697222222223,146.87386944444447
2021-07-05,Townsville,Florence Bay,GREAT HAMMERHEAD,Sphyrna mokarran,Released Alive,Carcharhiniformes,florencebay,-19.123693333333332,146.88541
2021-11-01,Townsville,Horseshoe Bay,LEMON SHARK (SHARPTOOTH SHARK),Negaprion brevirostris,Euthanised,Carcharhiniformes,horseshoebay,-19.11187361111111,146.85320555555555
2021-11-15,Capricorn Coast,Emu Park,LEMON SHARK (SHARPTOOTH SHARK),Negaprion brevirostris,Deceased,Carcharhiniformes,emupark,-23.262438095238092,150.8322357142857
2021-09-11,Capricorn Coast,Farnborough Beach,LEMON SHARK (SHARPTOOTH SHARK),Negaprion brevirostris,Released Alive,Carcharhiniformes,farnboroughbeach,-23.116036666666666,150.75383666666667
2021-10-10,Capricorn Coast,Farnborough Beach,LEMON SHARK (SHARPTOOTH SHARK),Negaprion brevirostris,Deceased,Carcharhiniformes,farnboroughbeach,-23.116036666666666,150.75383666666667
2021-10-31,Capricorn Coast,Fishermans Beach,LEMON SHARK (SHARPTOOTH SHARK),Negaprion brevirostris,Deceased,Carcharhiniformes,fishermansbeach,-23.243136666666665,150.82846999999998
2021-12-09,Capricorn Coast,Fishermans Beach,LEMON SHARK (SHARPTOOTH SHARK),Negaprion brevirostris,Deceased,Carcharhiniformes,fishermansbeach,-23.243136666666665,150.82846999999998
2022-02-02,Capricorn Coast,Kemp Beach,LEMON SHARK (SHARPTOOTH SHARK),Negaprion brevirostris,Deceased,Carcharhiniformes,kempbeach,-23.1712,150.79471944444444
2021-12-09,Capricorn Coast,Mullambin Beach,LEMON SHARK (SHARPTOOTH SHARK),Negaprion brevirostris,Deceased,Carcharhiniformes,mullambinbeach,-23.18919,150.79873
2021-11-27,Capricorn Coast,Tanby Point,LEMON SHARK (SHARPTOOTH SHARK),Negaprion brevirostris,Released Alive,Carcharhiniformes,tanbypoint,-23.22792666666667,150.82419666666667
2021-11-14,Capricorn Coast,Emu Park,LEMON SHARK (SHARPTOOTH SHARK),Negaprion brevirostris,Released Alive,Carcharhiniformes,emupark,-23.262438095238092,150.8322357142857
2021-10-23,Capricorn Coast,Tanby Point,LEMON SHARK (SHARPTOOTH SHARK),Negaprion brevirostris,Released Alive,Carcharhiniformes,tanbypoint,-23.22792666666667,150.82419666666667
2021-10-28,Capricorn Coast,Tanby Point,LEMON SHARK (SHARPTOOTH SHARK),Negaprion brevirostris,Released Alive,Carcharhiniformes,tanbypoint,-23.22792666666667,150.82419666666667
2022-03-23,Capricorn Coast,Tanby Point,LEMON SHARK (SHARPTOOTH SHARK),Negaprion brevirostris,Deceased,Carcharhiniformes,tanbypoint,-23.22792666666667,150.82419666666667
2021-11-26,Mackay,Blacks Beach,LEMON SHARK (SHARPTOOTH SHARK),Negaprion brevirostris,Deceased,Carcharhiniformes,blacksbeach,-21.045294444444444,149.19208333333333
2021-10-01,Mackay,Lamberts Beach,LEMON SHARK (SHARPTOOTH SHARK),Negaprion brevirostris,Deceased,Carcharhiniformes,lambertsbeach,-21.07249722222222,149.23150833333332
2021-09-11,Gladstone,Tannum Sands,PIGEYE WHALER,Carcharhinus amboinensis,Deceased,Carcharhiniformes,tannumsands,-23.939119444444444,151.3756861111111
2021-11-06,Gladstone,Tannum Sands,PIGEYE WHALER,Carcharhinus amboinensis,Deceased,Carcharhiniformes,tannumsands,-23.939119444444444,151.3756861111111
2022-01-03,Gladstone,Tannum Sands,PIGEYE WHALER,Carcharhinus amboinensis,Deceased,Carcharhiniformes,tannumsands,-23.939119444444444,151.3756861111111
2022-01-04,Gladstone,Tannum Sands,PIGEYE WHALER,Carcharhinus amboinensis,Deceased,Carcharhiniformes,tannumsands,-23.939119444444444,151.3756861111111
2022-05-19,Gladstone,Tannum Sands,PIGEYE WHALER,Carcharhinus amboinensis,Deceased,Carcharhiniformes,tannumsands,-23.939119444444444,151.3756861111111
2022-05-25,Gladstone,Tannum Sands,PIGEYE WHALER,Carcharhinus amboinensis,Deceased,Carcharhiniformes,tannumsands,-23.939119444444444,151.3756861111111
2022-05-31,Gladstone,Tannum Sands,PIGEYE WHALER,Carcharhinus amboinensis,Deceased,Carcharhiniformes,tannumsands,-23.939119444444444,151.3756861111111
2021-12-14,Townsville,Horseshoe Bay,PIGEYE WHALER,Carcharhinus amboinensis,Deceased,Carcharhiniformes,horseshoebay,-19.11187361111111,146.85320555555555
2022-06-16,Townsville,Horseshoe Bay,PIGEYE WHALER,Carcharhinus amboinensis,Deceased,Carcharhiniformes,horseshoebay,-19.11187361111111,146.85320555555555
2022-06-25,Townsville,Horseshoe Bay,PIGEYE WHALER,Carcharhinus amboinensis,Euthanised,Carcharhiniformes,horseshoebay,-19.11187361111111,146.85320555555555
2021-09-23,Cairns,Ellis Beach,PIGEYE WHALER,Carcharhinus amboinensis,Deceased,Carcharhiniformes,ellisbeach,-16.72147142857143,145.65029761904762
2022-04-16,Cairns,Ellis Beach,PIGEYE WHALER,Carcharhinus amboinensis,Deceased,Carcharhiniformes,ellisbeach,-16.72147142857143,145.65029761904762
2022-02-03,Capricorn Coast,Cooee Bay,PIGEYE WHALER,Carcharhinus amboinensis,Deceased,Carcharhiniformes,cooeebay,-23.139136666666666,150.76271333333335
2021-08-17,Capricorn Coast,Emu Park,PIGEYE WHALER,Carcharhinus amboinensis,Deceased,Carcharhiniformes,emupark,-23.262438095238092,150.8322357142857
2021-10-05,Capricorn Coast,Emu Park,PIGEYE WHALER,Carcharhinus amboinensis,Deceased,Carcharhiniformes,emupark,-23.262438095238092,150.8322357142857
2021-10-23,Capricorn Coast,Emu Park,PIGEYE WHALER,Carcharhinus amboinensis,Deceased,Carcharhiniformes,emupark,-23.262438095238092,150.8322357142857
2021-11-20,Capricorn Coast,Emu Park,PIGEYE WHALER,Carcharhinus amboinensis,Deceased,Carcharhiniformes,emupark,-23.262438095238092,150.8322357142857
2021-11-20,Capricorn Coast,Emu Park,PIGEYE WHALER,Carcharhinus amboinensis,Deceased,Carcharhiniformes,emupark,-23.262438095238092,150.8322357142857
2021-11-21,Capricorn Coast,Emu Park,PIGEYE WHALER,Carcharhinus amboinensis,Deceased,Carcharhiniformes,emupark,-23.262438095238092,150.8322357142857
2021-11-29,Capricorn Coast,Emu Park,PIGEYE WHALER,Carcharhinus amboinensis,Released Alive,Carcharhiniformes,emupark,-23.262438095238092,150.8322357142857
2021-12-01,Capricorn Coast,Emu Park,PIGEYE WHALER,Carcharhinus amboinensis,Deceased,Carcharhiniformes,emupark,-23.262438095238092,150.8322357142857
2021-12-02,Capricorn Coast,Emu Park,PIGEYE WHALER,Carcharhinus amboinensis,Deceased,Carcharhiniformes,emupark,-23.262438095238092,150.8322357142857
2021-12-03,Capricorn Coast,Emu Park,PIGEYE WHALER,Carcharhinus amboinensis,Deceased,Carcharhiniformes,emupark,-23.262438095238092,150.8322357142857
2021-12-03,Capricorn Coast,Emu Park,PIGEYE WHALER,Carcharhinus amboinensis,Deceased,Carcharhiniformes,emupark,-23.262438095238092,150.8322357142857
2021-12-03,Capricorn Coast,Emu Park,PIGEYE WHALER,Carcharhinus amboinensis,Deceased,Carcharhiniformes,emupark,-23.262438095238092,150.8322357142857
2021-12-05,Capricorn Coast,Emu Park,PIGEYE WHALER,Carcharhinus amboinensis,Deceased,Carcharhiniformes,emupark,-23.262438095238092,150.8322357142857
2021-12-18,Capricorn Coast,Emu Park,PIGEYE WHALER,Carcharhinus amboinensis,Released Alive,Carcharhiniformes,emupark,-23.262438095238092,150.8322357142857
2022-01-05,Capricorn Coast,Emu Park,PIGEYE WHALER,Carcharhinus amboinensis,Deceased,Carcharhiniformes,emupark,-23.262438095238092,150.8322357142857
2022-01-09,Capricorn Coast,Emu Park,PIGEYE WHALER,Carcharhinus amboinensis,Deceased,Carcharhiniformes,emupark,-23.262438095238092,150.8322357142857
2022-01-31,Capricorn Coast,Emu Park,PIGEYE WHALER,Carcharhinus amboinensis,Deceased,Carcharhiniformes,emupark,-23.262438095238092,150.8322357142857
2022-02-24,Capricorn Coast,Emu Park,PIGEYE WHALER,Carcharhinus amboinensis,Deceased,Carcharhiniformes,emupark,-23.262438095238092,150.8322357142857
2022-02-26,Capricorn Coast,Emu Park,PIGEYE WHALER,Carcharhinus amboinensis,Deceased,Carcharhiniformes,emupark,-23.262438095238092,150.8322357142857
2022-02-26,Capricorn Coast,Emu Park,PIGEYE WHALER,Carcharhinus amboinensis,Deceased,Carcharhiniformes,emupark,-23.262438095238092,150.8322357142857
2022-03-02,Capricorn Coast,Emu Park,PIGEYE WHALER,Carcharhinus amboinensis,Deceased,Carcharhiniformes,emupark,-23.262438095238092,150.8322357142857
2022-03-06,Capricorn Coast,Emu Park,PIGEYE WHALER,Carcharhinus amboinensis,Deceased,Carcharhiniformes,emupark,-23.262438095238092,150.8322357142857
2022-03-09,Capricorn Coast,Emu Park,PIGEYE WHALER,Carcharhinus amboinensis,Deceased,Carcharhiniformes,emupark,-23.262438095238092,150.8322357142857
2022-03-18,Capricorn Coast,Emu Park,PIGEYE WHALER,Carcharhinus amboinensis,Deceased,Carcharhiniformes,emupark,-23.262438095238092,150.8322357142857
2021-11-20,Capricorn Coast,Farnborough Beach,PIGEYE WHALER,Carcharhinus amboinensis,Deceased,Carcharhiniformes,farnboroughbeach,-23.116036666666666,150.75383666666667
2022-01-17,Capricorn Coast,Farnborough Beach,PIGEYE WHALER,Carcharhinus amboinensis,Deceased,Carcharhiniformes,farnboroughbeach,-23.116036666666666,150.75383666666667
2022-03-24,Capricorn Coast,Farnborough Beach,PIGEYE WHALER,Carcharhinus amboinensis,Deceased,Carcharhiniformes,farnboroughbeach,-23.116036666666666,150.75383666666667
2021-09-12,Capricorn Coast,Fishermans Beach,PIGEYE WHALER,Carcharhinus amboinensis,Deceased,Carcharhiniformes,fishermansbeach,-23.243136666666665,150.82846999999998
2021-11-06,Capricorn Coast,Fishermans Beach,PIGEYE WHALER,Carcharhinus amboinensis,Deceased,Carcharhiniformes,fishermansbeach,-23.243136666666665,150.82846999999998
2021-11-07,Capricorn Coast,Fishermans Beach,PIGEYE WHALER,Carcharhinus amboinensis,Deceased,Carcharhiniformes,fishermansbeach,-23.243136666666665,150.82846999999998
2021-11-22,Capricorn Coast,Fishermans Beach,PIGEYE WHALER,Carcharhinus amboinensis,Deceased,Carcharhiniformes,fishermansbeach,-23.243136666666665,150.82846999999998
2021-12-08,Capricorn Coast,Fishermans Beach,PIGEYE WHALER,Carcharhinus amboinensis,Deceased,Carcharhiniformes,fishermansbeach,-23.243136666666665,150.82846999999998
2021-12-19,Capricorn Coast,Fishermans Beach,PIGEYE WHALER,Carcharhinus amboinensis,Released Alive,Carcharhiniformes,fishermansbeach,-23.243136666666665,150.82846999999998
2021-12-24,Capricorn Coast,Fishermans Beach,PIGEYE WHALER,Carcharhinus amboinensis,Released Alive,Carcharhiniformes,fishermansbeach,-23.243136666666665,150.82846999999998
2022-02-10,Capricorn Coast,Fishermans Beach,PIGEYE WHALER,Carcharhinus amboinensis,Deceased,Carcharhiniformes,fishermansbeach,-23.243136666666665,150.82846999999998
2022-03-08,Capricorn Coast,Fishermans Beach,PIGEYE WHALER,Carcharhinus amboinensis,Deceased,Carcharhiniformes,fishermansbeach,-23.243136666666665,150.82846999999998
2022-05-05,Capricorn Coast,Fishermans Beach,PIGEYE WHALER,Carcharhinus amboinensis,Deceased,Carcharhiniformes,fishermansbeach,-23.243136666666665,150.82846999999998
2022-06-01,Capricorn Coast,Fishermans Beach,PIGEYE WHALER,Carcharhinus amboinensis,Released Alive,Carcharhiniformes,fishermansbeach,-23.243136666666665,150.82846999999998
2022-01-31,Capricorn Coast,Kemp Beach,PIGEYE WHALER,Carcharhinus amboinensis,Deceased,Carcharhiniformes,kempbeach,-23.1712,150.79471944444444
2022-02-03,Capricorn Coast,Kemp Beach,PIGEYE WHALER,Carcharhinus amboinensis,Deceased,Carcharhiniformes,kempbeach,-23.1712,150.79471944444444
2022-02-01,Capricorn Coast,Lammermoor Beach,PIGEYE WHALER,Carcharhinus amboinensis,Deceased,Carcharhiniformes,lammermoorbeach,-23.155048484848486,150.77348333333333
2022-04-12,Capricorn Coast,Lammermoor Beach,PIGEYE WHALER,Carcharhinus amboinensis,Deceased,Carcharhiniformes,lammermoorbeach,-23.155048484848486,150.77348333333333
2021-08-15,Capricorn Coast,Mullambin Beach,PIGEYE WHALER,Carcharhinus amboinensis,Deceased,Carcharhiniformes,mullambinbeach,-23.18919,150.79873
2021-11-06,Capricorn Coast,Mullambin Beach,PIGEYE WHALER,Carcharhinus amboinensis,Deceased,Carcharhiniformes,mullambinbeach,-23.18919,150.79873
2021-11-20,Capricorn Coast,Mullambin Beach,PIGEYE WHALER,Carcharhinus amboinensis,Deceased,Carcharhiniformes,mullambinbeach,-23.18919,150.79873
2022-01-10,Capricorn Coast,Mullambin Beach,PIGEYE WHALER,Carcharhinus amboinensis,Deceased,Carcharhiniformes,mullambinbeach,-23.18919,150.79873
2022-02-23,Capricorn Coast,Mullambin Beach,PIGEYE WHALER,Carcharhinus amboinensis,Deceased,Carcharhiniformes,mullambinbeach,-23.18919,150.79873
2022-05-02,Capricorn Coast,Mullambin Beach,PIGEYE WHALER,Carcharhinus amboinensis,Deceased,Carcharhiniformes,mullambinbeach,-23.18919,150.79873
2022-05-04,Capricorn Coast,Mullambin Beach,PIGEYE WHALER,Carcharhinus amboinensis,Deceased,Carcharhiniformes,mullambinbeach,-23.18919,150.79873
2021-12-14,Capricorn Coast,Mullambin Beach,PIGEYE WHALER,Carcharhinus amboinensis,Released Alive,Carcharhiniformes,mullambinbeach,-23.18919,150.79873
2021-12-14,Capricorn Coast,Mullambin Beach,PIGEYE WHALER,Carcharhinus amboinensis,Deceased,Carcharhiniformes,mullambinbeach,-23.18919,150.79873
2021-11-05,Capricorn Coast,Mullambin Beach,PIGEYE WHALER,Carcharhinus amboinensis,Deceased,Carcharhiniformes,mullambinbeach,-23.18919,150.79873
2021-11-29,Capricorn Coast,Mullambin Beach,PIGEYE WHALER,Carcharhinus amboinensis,Released Alive,Carcharhiniformes,mullambinbeach,-23.18919,150.79873
2022-01-30,Capricorn Coast,Tanby Point,PIGEYE WHALER,Carcharhinus amboinensis,Released Alive,Carcharhiniformes,tanbypoint,-23.22792666666667,150.82419666666667
2021-09-09,Capricorn Coast,Tanby Point,PIGEYE WHALER,Carcharhinus amboinensis,Deceased,Carcharhiniformes,tanbypoint,-23.22792666666667,150.82419666666667
2021-10-21,Capricorn Coast,Tanby Point,PIGEYE WHALER,Carcharhinus amboinensis,Deceased,Carcharhiniformes,tanbypoint,-23.22792666666667,150.82419666666667
2022-03-17,Capricorn Coast,Tanby Point,PIGEYE WHALER,Carcharhinus amboinensis,Released Alive,Carcharhiniformes,tanbypoint,-23.22792666666667,150.82419666666667
2021-11-29,Capricorn Coast,Fishermans Beach,PIGEYE WHALER,Carcharhinus amboinensis,Released Alive,Carcharhiniformes,fishermansbeach,-23.243136666666665,150.82846999999998
2022-01-15,Capricorn Coast,Fishermans Beach,PIGEYE WHALER,Carcharhinus amboinensis,Released Alive,Carcharhiniformes,fishermansbeach,-23.243136666666665,150.82846999999998
2022-01-30,Capricorn Coast,Fishermans Beach,PIGEYE WHALER,Carcharhinus amboinensis,Released Alive,Carcharhiniformes,fishermansbeach,-23.243136666666665,150.82846999999998
2022-02-17,Capricorn Coast,Fishermans Beach,PIGEYE WHALER,Carcharhinus amboinensis,Deceased,Carcharhiniformes,fishermansbeach,-23.243136666666665,150.82846999999998
2022-03-20,Capricorn Coast,Fishermans Beach,PIGEYE WHALER,Carcharhinus amboinensis,Deceased,Carcharhiniformes,fishermansbeach,-23.243136666666665,150.82846999999998
2021-11-08,Capricorn Coast,Fishermans Beach,PIGEYE WHALER,Carcharhinus amboinensis,Released Alive,Carcharhiniformes,fishermansbeach,-23.243136666666665,150.82846999999998
2022-02-10,Capricorn Coast,Fishermans Beach,PIGEYE WHALER,Carcharhinus amboinensis,Deceased,Carcharhiniformes,fishermansbeach,-23.243136666666665,150.82846999999998
2022-02-19,Capricorn Coast,Fishermans Beach,PIGEYE WHALER,Carcharhinus amboinensis,Released Alive,Carcharhiniformes,fishermansbeach,-23.243136666666665,150.82846999999998
2021-11-20,Capricorn Coast,Emu Park,PIGEYE WHALER,Carcharhinus amboinensis,Deceased,Carcharhiniformes,emupark,-23.262438095238092,150.8322357142857
2021-11-29,Capricorn Coast,Fishermans Beach,PIGEYE WHALER,Carcharhinus amboinensis,Deceased,Carcharhiniformes,fishermansbeach,-23.243136666666665,150.82846999999998
2022-01-09,Capricorn Coast,Fishermans Beach,PIGEYE WHALER,Carcharhinus amboinensis,Released Alive,Carcharhiniformes,fishermansbeach,-23.243136666666665,150.82846999999998
2022-02-10,Capricorn Coast,Fishermans Beach,PIGEYE WHALER,Carcharhinus amboinensis,Deceased,Carcharhiniformes,fishermansbeach,-23.243136666666665,150.82846999999998
2022-02-19,Capricorn Coast,Emu Park,PIGEYE WHALER,Carcharhinus amboinensis,Released Alive,Carcharhiniformes,emupark,-23.262438095238092,150.8322357142857
2021-11-19,Capricorn Coast,Emu Park,PIGEYE WHALER,Carcharhinus amboinensis,Deceased,Carcharhiniformes,emupark,-23.262438095238092,150.8322357142857
2021-11-29,Capricorn Coast,Emu Park,PIGEYE WHALER,Carcharhinus amboinensis,Released Alive,Carcharhiniformes,emupark,-23.262438095238092,150.8322357142857
2022-02-09,Capricorn Coast,Emu Park,PIGEYE WHALER,Carcharhinus amboinensis,Released Alive,Carcharhiniformes,emupark,-23.262438095238092,150.8322357142857
2022-02-10,Capricorn Coast,Emu Park,PIGEYE WHALER,Carcharhinus amboinensis,Released Alive,Carcharhiniformes,emupark,-23.262438095238092,150.8322357142857
2021-11-29,Capricorn Coast,Emu Park,PIGEYE WHALER,Carcharhinus amboinensis,Released Alive,Carcharhiniformes,emupark,-23.262438095238092,150.8322357142857
2022-01-03,Capricorn Coast,Emu Park,PIGEYE WHALER,Carcharhinus amboinensis,Released Alive,Carcharhiniformes,emupark,-23.262438095238092,150.8322357142857
2021-11-06,Capricorn Coast,Tanby Point,PIGEYE WHALER,Carcharhinus amboinensis,Deceased,Carcharhiniformes,tanbypoint,-23.22792666666667,150.82419666666667
2021-11-20,Capricorn Coast,Tanby Point,PIGEYE WHALER,Carcharhinus amboinensis,Deceased,Carcharhiniformes,tanbypoint,-23.22792666666667,150.82419666666667
2021-11-20,Capricorn Coast,Tanby Point,PIGEYE WHALER,Carcharhinus amboinensis,Deceased,Carcharhiniformes,tanbypoint,-23.22792666666667,150.82419666666667
2021-11-30,Capricorn Coast,Tanby Point,PIGEYE WHALER,Carcharhinus amboinensis,Deceased,Carcharhiniformes,tanbypoint,-23.22792666666667,150.82419666666667
2021-12-01,Capricorn Coast,Tanby Point,PIGEYE WHALER,Carcharhinus amboinensis,Deceased,Carcharhiniformes,tanbypoint,-23.22792666666667,150.82419666666667
2021-12-02,Capricorn Coast,Tanby Point,PIGEYE WHALER,Carcharhinus amboinensis,Deceased,Carcharhiniformes,tanbypoint,-23.22792666666667,150.82419666666667
2021-12-08,Capricorn Coast,Tanby Point,PIGEYE WHALER,Carcharhinus amboinensis,Deceased,Carcharhiniformes,tanbypoint,-23.22792666666667,150.82419666666667
2022-01-07,Capricorn Coast,Tanby Point,PIGEYE WHALER,Carcharhinus amboinensis,Deceased,Carcharhiniformes,tanbypoint,-23.22792666666667,150.82419666666667
2022-01-09,Capricorn Coast,Tanby Point,PIGEYE WHALER,Carcharhinus amboinensis,Released Alive,Carcharhiniformes,tanbypoint,-23.22792666666667,150.82419666666667
2022-01-31,Capricorn Coast,Tanby Point,PIGEYE WHALER,Carcharhinus amboinensis,Deceased,Carcharhiniformes,tanbypoint,-23.22792666666667,150.82419666666667
2022-02-10,Capricorn Coast,Tanby Point,PIGEYE WHALER,Carcharhinus amboinensis,Deceased,Carcharhiniformes,tanbypoint,-23.22792666666667,150.82419666666667
2022-02-11,Capricorn Coast,Tanby Point,PIGEYE WHALER,Carcharhinus amboinensis,Deceased,Carcharhiniformes,tanbypoint,-23.22792666666667,150.82419666666667
2022-02-27,Capricorn Coast,Tanby Point,PIGEYE WHALER,Carcharhinus amboinensis,Deceased,Carcharhiniformes,tanbypoint,-23.22792666666667,150.82419666666667
2022-03-01,Capricorn Coast,Tanby Point,PIGEYE WHALER,Carcharhinus amboinensis,Deceased,Carcharhiniformes,tanbypoint,-23.22792666666667,150.82419666666667
2022-03-08,Capricorn Coast,Tanby Point,PIGEYE WHALER,Carcharhinus amboinensis,Deceased,Carcharhiniformes,tanbypoint,-23.22792666666667,150.82419666666667
2022-05-02,Capricorn Coast,Tanby Point,PIGEYE WHALER,Carcharhinus amboinensis,Deceased,Carcharhiniformes,tanbypoint,-23.22792666666667,150.82419666666667
2022-01-18,Capricorn Coast,Yeppoon Beach,PIGEYE WHALER,Carcharhinus amboinensis,Deceased,Carcharhiniformes,yeppoonbeach,-23.128226666666666,150.75462666666667
2022-03-25,Capricorn Coast,Yeppoon Beach,PIGEYE WHALER,Carcharhinus amboinensis,Deceased,Carcharhiniformes,yeppoonbeach,-23.128226666666666,150.75462666666667
2021-10-19,Townsville,Florence Bay,PIGEYE WHALER,Carcharhinus amboinensis,Deceased,Carcharhiniformes,florencebay,-19.123693333333332,146.88541
2021-11-30,Townsville,Radical Bay,PIGEYE WHALER,Carcharhinus amboinensis,Released Alive,Carcharhiniformes,radicalbay,-19.108173333333333,146.87670666666668
2021-11-06,Gladstone,Tannum Sands,SCALLOPED HAMMERHEAD,Sphyrna lewini,Deceased,Carcharhiniformes,tannumsands,-23.939119444444444,151.3756861111111
2021-07-29,Townsville,Horseshoe Bay,SCALLOPED HAMMERHEAD,Sphyrna lewini,Deceased,Carcharhiniformes,horseshoebay,-19.11187361111111,146.85320555555555
2022-03-25,Townsville,Horseshoe Bay,SCALLOPED HAMMERHEAD,Sphyrna lewini,Deceased,Carcharhiniformes,horseshoebay,-19.11187361111111,146.85320555555555
2021-08-18,Townsville,Florence Bay,SCALLOPED HAMMERHEAD,Sphyrna lewini,Deceased,Carcharhiniformes,florencebay,-19.123693333333332,146.88541
2022-01-06,Cairns,Clifton,SCHOOL SHARK,Galeorhinus galeus,Deceased,Carcharhiniformes,clifton,-16.759525,145.68219583333334
2021-08-28,Capricorn Coast,Farnborough Beach,SILKY WHALER,Carcharhinus falciformis,Deceased,Carcharhiniformes,farnboroughbeach,-23.116036666666666,150.75383666666667
2021-08-12,Townsville,Horseshoe Bay,SPINNER SHARK (LONG NOSE WHALER),Carcharhinus brevipinna,Deceased,Carcharhiniformes,horseshoebay,-19.11187361111111,146.85320555555555
2021-09-28,Townsville,Horseshoe Bay,SPINNER SHARK (LONG NOSE WHALER),Carcharhinus brevipinna,Deceased,Carcharhiniformes,horseshoebay,-19.11187361111111,146.85320555555555
2022-03-21,Townsville,Horseshoe Bay,SPINNER SHARK (LONG NOSE WHALER),Carcharhinus brevipinna,Deceased,Carcharhiniformes,horseshoebay,-19.11187361111111,146.85320555555555
2022-05-18,Townsville,Palarenda Beach,SPINNER SHARK (LONG NOSE WHALER),Carcharhinus brevipinna,Deceased,Carcharhiniformes,palarendabeach,-19.198694444444445,146.77763333333334
2021-12-28,Cairns,Holloways,SPOT-TAIL WHALER,Carcharhinus sorrah,Deceased,Carcharhiniformes,holloways,-16.83081,145.74805666666666
2022-01-28,Cairns,Holloways,SPOT-TAIL WHALER,Carcharhinus sorrah,Deceased,Carcharhiniformes,holloways,-16.83081,145.74805666666666
2022-01-29,Cairns,Holloways,SPOT-TAIL WHALER,Carcharhinus sorrah,Deceased,Carcharhiniformes,holloways,-16.83081,145.74805666666666
2022-03-02,Cairns,Holloways,SPOT-TAIL WHALER,Carcharhinus sorrah,Deceased,Carcharhiniformes,holloways,-16.83081,145.74805666666666
2022-03-05,Cairns,Holloways,SPOT-TAIL WHALER,Carcharhinus sorrah,Deceased,Carcharhiniformes,holloways,-16.83081,145.74805666666666
2022-05-07,Cairns,Holloways,SPOT-TAIL WHALER,Carcharhinus sorrah,Deceased,Carcharhiniformes,holloways,-16.83081,145.74805666666666
2021-09-01,Cairns,Trinity,SPOT-TAIL WHALER,Carcharhinus sorrah,Deceased,Carcharhiniformes,trinity,-16.777091666666667,145.7011611111111
2021-11-27,Cairns,Trinity,SPOT-TAIL WHALER,Carcharhinus sorrah,Deceased,Carcharhiniformes,trinity,-16.777091666666667,145.7011611111111
2021-12-09,Cairns,Trinity,SPOT-TAIL WHALER,Carcharhinus sorrah,Deceased,Carcharhiniformes,trinity,-16.777091666666667,145.7011611111111
2022-01-01,Cairns,Trinity,SPOT-TAIL WHALER,Carcharhinus sorrah,Deceased,Carcharhiniformes,trinity,-16.777091666666667,145.7011611111111
2022-01-22,Cairns,Trinity,SPOT-TAIL WHALER,Carcharhinus sorrah,Deceased,Carcharhiniformes,trinity,-16.777091666666667,145.7011611111111
2021-10-20,Gladstone,Tannum Sands,SPOT-TAIL WHALER,Carcharhinus sorrah,Deceased,Carcharhiniformes,tannumsands,-23.939119444444444,151.3756861111111
2021-08-12,Townsville,Horseshoe Bay,SPOT-TAIL WHALER,Carcharhinus sorrah,Deceased,Carcharhiniformes,horseshoebay,-19.11187361111111,146.85320555555555
2021-09-20,Townsville,Horseshoe Bay,SPOT-TAIL WHALER,Carcharhinus sorrah,Deceased,Carcharhiniformes,horseshoebay,-19.11187361111111,146.85320555555555
2021-09-21,Townsville,Horseshoe Bay,SPOT-TAIL WHALER,Carcharhinus sorrah,Deceased,Carcharhiniformes,horseshoebay,-19.11187361111111,146.85320555555555
2021-09-22,Townsville,Horseshoe Bay,SPOT-TAIL WHALER,Carcharhinus sorrah,Deceased,Carcharhiniformes,horseshoebay,-19.11187361111111,146.85320555555555
2021-10-12,Townsville,Horseshoe Bay,SPOT-TAIL WHALER,Carcharhinus sorrah,Deceased,Carcharhiniformes,horseshoebay,-19.11187361111111,146.85320555555555
2021-10-31,Townsville,Horseshoe Bay,SPOT-TAIL WHALER,Carcharhinus sorrah,Deceased,Carcharhiniformes,horseshoebay,-19.11187361111111,146.85320555555555
2021-11-08,Townsville,Horseshoe Bay,SPOT-TAIL WHALER,Carcharhinus sorrah,Deceased,Carcharhiniformes,horseshoebay,-19.11187361111111,146.85320555555555
2021-11-28,Townsville,Horseshoe Bay,SPOT-TAIL WHALER,Carcharhinus sorrah,Deceased,Carcharhiniformes,horseshoebay,-19.11187361111111,146.85320555555555
2021-12-29,Townsville,Horseshoe Bay,SPOT-TAIL WHALER,Carcharhinus sorrah,Deceased,Carcharhiniformes,horseshoebay,-19.11187361111111,146.85320555555555
2022-04-15,Townsville,Horseshoe Bay,SPOT-TAIL WHALER,Carcharhinus sorrah,Deceased,Carcharhiniformes,horseshoebay,-19.11187361111111,146.85320555555555
2022-02-12,Cairns,Buchans,SPOT-TAIL WHALER,Carcharhinus sorrah,Deceased,Carcharhiniformes,buchans,-16.725916666666667,145.66339166666666
2022-04-08,Cairns,Buchans,SPOT-TAIL WHALER,Carcharhinus sorrah,Deceased,Carcharhiniformes,buchans,-16.725916666666667,145.66339166666666
2022-05-18,Cairns,Buchans,SPOT-TAIL WHALER,Carcharhinus sorrah,Deceased,Carcharhiniformes,buchans,-16.725916666666667,145.66339166666666
2022-02-05,Cairns,Clifton,SPOT-TAIL WHALER,Carcharhinus sorrah,Deceased,Carcharhiniformes,clifton,-16.759525,145.68219583333334
2022-03-11,Cairns,Clifton,SPOT-TAIL WHALER,Carcharhinus sorrah,Deceased,Carcharhiniformes,clifton,-16.759525,145.68219583333334
2022-05-14,Cairns,Clifton,SPOT-TAIL WHALER,Carcharhinus sorrah,Deceased,Carcharhiniformes,clifton,-16.759525,145.68219583333334
2021-10-23,Cairns,Ellis Beach,SPOT-TAIL WHALER,Carcharhinus sorrah,Deceased,Carcharhiniformes,ellisbeach,-16.72147142857143,145.65029761904762
2022-02-09,Cairns,Ellis Beach,SPOT-TAIL WHALER,Carcharhinus sorrah,Deceased,Carcharhiniformes,ellisbeach,-16.72147142857143,145.65029761904762
2022-02-17,Cairns,Ellis Beach,SPOT-TAIL WHALER,Carcharhinus sorrah,Deceased,Carcharhiniformes,ellisbeach,-16.72147142857143,145.65029761904762
2022-03-25,Cairns,Ellis Beach,SPOT-TAIL WHALER,Carcharhinus sorrah,Deceased,Carcharhiniformes,ellisbeach,-16.72147142857143,145.65029761904762
2022-05-19,Cairns,Ellis Beach,SPOT-TAIL WHALER,Carcharhinus sorrah,Deceased,Carcharhiniformes,ellisbeach,-16.72147142857143,145.65029761904762
2022-05-26,Cairns,Ellis Beach,SPOT-TAIL WHALER,Carcharhinus sorrah,Deceased,Carcharhiniformes,ellisbeach,-16.72147142857143,145.65029761904762
2021-08-01,Mackay,Bucasia Beach,SPOT-TAIL WHALER,Carcharhinus sorrah,Deceased,Carcharhiniformes,bucasiabeach,-21.0204,149.16325277777779
2021-08-06,Mackay,Bucasia Beach,SPOT-TAIL WHALER,Carcharhinus sorrah,Deceased,Carcharhiniformes,bucasiabeach,-21.0204,149.16325277777779
2021-07-20,Mackay,Lamberts Beach,SPOT-TAIL WHALER,Carcharhinus sorrah,Deceased,Carcharhiniformes,lambertsbeach,-21.07249722222222,149.23150833333332
2021-10-24,Townsville,Alma Bay,SPOT-TAIL WHALER,Carcharhinus sorrah,Deceased,Carcharhiniformes,almabay,-19.149697222222223,146.87386944444447
2022-01-19,Townsville,Alma Bay,SPOT-TAIL WHALER,Carcharhinus sorrah,Deceased,Carcharhiniformes,almabay,-19.149697222222223,146.87386944444447
2022-01-27,Townsville,Alma Bay,SPOT-TAIL WHALER,Carcharhinus sorrah,Deceased,Carcharhiniformes,almabay,-19.149697222222223,146.87386944444447
2021-10-05,Townsville,Florence Bay,SPOT-TAIL WHALER,Carcharhinus sorrah,Deceased,Carcharhiniformes,florencebay,-19.123693333333332,146.88541
2021-10-25,Townsville,Florence Bay,SPOT-TAIL WHALER,Carcharhinus sorrah,Deceased,Carcharhiniformes,florencebay,-19.123693333333332,146.88541
2022-04-20,Townsville,Florence Bay,SPOT-TAIL WHALER,Carcharhinus sorrah,Deceased,Carcharhiniformes,florencebay,-19.123693333333332,146.88541
2021-08-26,Townsville,Nelly Bay,SPOT-TAIL WHALER,Carcharhinus sorrah,Deceased,Carcharhiniformes,nellybay,-19.17364523809524,146.85039523809525
2021-10-13,Townsville,Nelly Bay,SPOT-TAIL WHALER,Carcharhinus sorrah,Deceased,Carcharhiniformes,nellybay,-19.17364523809524,146.85039523809525
2022-01-28,Townsville,Nelly Bay,SPOT-TAIL WHALER,Carcharhinus sorrah,Deceased,Carcharhiniformes,nellybay,-19.17364523809524,146.85039523809525
2021-09-07,Townsville,Palarenda Beach,SPOT-TAIL WHALER,Carcharhinus sorrah,Deceased,Carcharhiniformes,palarendabeach,-19.198694444444445,146.77763333333334
2021-07-05,Townsville,Radical Bay,SPOT-TAIL WHALER,Carcharhinus sorrah,Deceased,Carcharhiniformes,radicalbay,-19.108173333333333,146.87670666666668
2021-07-13,Townsville,Radical Bay,SPOT-TAIL WHALER,Carcharhinus sorrah,Deceased,Carcharhiniformes,radicalbay,-19.108173333333333,146.87670666666668
2021-07-26,Townsville,Radical Bay,SPOT-TAIL WHALER,Carcharhinus sorrah,Deceased,Carcharhiniformes,radicalbay,-19.108173333333333,146.87670666666668
2021-08-03,Townsville,Radical Bay,SPOT-TAIL WHALER,Carcharhinus sorrah,Released Alive,Carcharhiniformes,radicalbay,-19.108173333333333,146.87670666666668
2021-10-27,Townsville,Radical Bay,SPOT-TAIL WHALER,Carcharhinus sorrah,Deceased,Carcharhiniformes,radicalbay,-19.108173333333333,146.87670666666668
2021-12-09,Townsville,Radical Bay,SPOT-TAIL WHALER,Carcharhinus sorrah,Deceased,Carcharhiniformes,radicalbay,-19.108173333333333,146.87670666666668
2022-02-15,Townsville,Radical Bay,SPOT-TAIL WHALER,Carcharhinus sorrah,Deceased,Carcharhiniformes,radicalbay,-19.108173333333333,146.87670666666668
2022-03-02,Cairns,Holloways,TAWNY SHARK,Nebrius ferrugineus,Deceased,Orectolobiformes,holloways,-16.83081,145.74805666666666
2021-07-11,Townsville,Horseshoe Bay,TAWNY SHARK,Nebrius ferrugineus,Released Alive,Orectolobiformes,horseshoebay,-19.11187361111111,146.85320555555555
2021-11-16,Townsville,Horseshoe Bay,TAWNY SHARK,Nebrius ferrugineus,Released Alive,Orectolobiformes,horseshoebay,-19.11187361111111,146.85320555555555
2022-06-29,Townsville,Horseshoe Bay,TAWNY SHARK,Nebrius ferrugineus,Released Alive,Orectolobiformes,horseshoebay,-19.11187361111111,146.85320555555555
2022-04-19,Cairns,Clifton,TAWNY SHARK,Nebrius ferrugineus,Released Alive,Orectolobiformes,clifton,-16.759525,145.68219583333334
2021-08-27,Cairns,Ellis Beach,TAWNY SHARK,Nebrius ferrugineus,Released Alive,Orectolobiformes,ellisbeach,-16.72147142857143,145.65029761904762
2021-10-02,Cairns,Ellis Beach,TAWNY SHARK,Nebrius ferrugineus,Released Alive,Orectolobiformes,ellisbeach,-16.72147142857143,145.65029761904762
2022-03-09,Cairns,Palm Cove,TAWNY SHARK,Nebrius ferrugineus,Released Alive,Orectolobiformes,palmcove,-16.744905555555555,145.6754
2022-04-16,Cairns,Palm Cove,TAWNY SHARK,Nebrius ferrugineus,Released Alive,Orectolobiformes,palmcove,-16.744905555555555,145.6754
2022-02-02,Capricorn Coast,Cooee Bay,TAWNY SHARK,Nebrius ferrugineus,Released Alive,Orectolobiformes,cooeebay,-23.139136666666666,150.76271333333335
2021-08-28,Capricorn Coast,Emu Park,TAWNY SHARK,Nebrius ferrugineus,Released Alive,Orectolobiformes,emupark,-23.262438095238092,150.8322357142857
2021-10-11,Capricorn Coast,Emu Park,TAWNY SHARK,Nebrius ferrugineus,Released Alive,Orectolobiformes,emupark,-23.262438095238092,150.8322357142857
2022-03-26,Capricorn Coast,Fishermans Beach,TAWNY SHARK,Nebrius ferrugineus,Released Alive,Orectolobiformes,fishermansbeach,-23.243136666666665,150.82846999999998
2022-02-22,Capricorn Coast,Mullambin Beach,TAWNY SHARK,Nebrius ferrugineus,Released Alive,Orectolobiformes,mullambinbeach,-23.18919,150.79873
2021-12-23,Capricorn Coast,Tanby Point,TAWNY SHARK,Nebrius ferrugineus,Released Alive,Orectolobiformes,tanbypoint,-23.22792666666667,150.82419666666667
2021-12-11,Mackay,Blacks Beach,TAWNY SHARK,Nebrius ferrugineus,Released Alive,Orectolobiformes,blacksbeach,-21.045294444444444,149.19208333333333
2022-01-02,Mackay,Blacks Beach,TAWNY SHARK,Nebrius ferrugineus,Released Alive,Orectolobiformes,blacksbeach,-21.045294444444444,149.19208333333333
2021-08-14,Mackay,Bucasia Beach,TAWNY SHARK,Nebrius ferrugineus,Released Alive,Orectolobiformes,bucasiabeach,-21.0204,149.16325277777779
2021-11-06,Mackay,Eimeo Beach,TAWNY SHARK,Nebrius ferrugineus,Released Alive,Orectolobiformes,eimeobeach,-21.030911111111113,149.18116666666666
2022-04-02,Mackay,Eimeo Beach,TAWNY SHARK,Nebrius ferrugineus,Released Alive,Orectolobiformes,eimeobeach,-21.030911111111113,149.18116666666666
2021-09-12,Mackay,Lamberts Beach,TAWNY SHARK,Nebrius ferrugineus,Released Alive,Orectolobiformes,lambertsbeach,-21.07249722222222,149.23150833333332
2021-11-17,Mackay,South Lamberts,TAWNY SHARK,Nebrius ferrugineus,Released Alive,Orectolobiformes,southlamberts,-21.097335185185184,149.22896481481482
2021-12-04,Mackay,South Lamberts,TAWNY SHARK,Nebrius ferrugineus,Released Alive,Orectolobiformes,southlamberts,-21.097335185185184,149.22896481481482
2021-11-09,Townsville,Alma Bay,TAWNY SHARK,Nebrius ferrugineus,Released Alive,Orectolobiformes,almabay,-19.149697222222223,146.87386944444447
2022-03-01,Townsville,Alma Bay,TAWNY SHARK,Nebrius ferrugineus,Released Alive,Orectolobiformes,almabay,-19.149697222222223,146.87386944444447
2021-11-14,Townsville,Nelly Bay,TAWNY SHARK,Nebrius ferrugineus,Released Alive,Orectolobiformes,nellybay,-19.17364523809524,146.85039523809525
2021-10-10,Townsville,Picnic Bay,TAWNY SHARK,Nebrius ferrugineus,Released Alive,Orectolobiformes,picnicbay,-19.182850000000002,146.84146666666666
2021-12-27,Townsville,Picnic Bay,TAWNY SHARK,Nebrius ferrugineus,Released Alive,Orectolobiformes,picnicbay,-19.182850000000002,146.84146666666666
2021-12-23,Mackay,Eimeo Beach,TIGER SHARK,Galeocerdo cuvier,Released Alive,Carcharhiniformes,eimeobeach,-21.030911111111113,149.18116666666666
2021-12-24,Capricorn Coast,Emu Park,BULL WHALER,Carcharhinus leucas,Deceased,Carcharhiniformes,emupark,-23.262438095238092,150.8322357142857
2021-12-24,Capricorn Coast,Emu Park,TIGER SHARK,Galeocerdo cuvier,Released Alive,Carcharhiniformes,emupark,-23.262438095238092,150.8322357142857
2021-12-24,Capricorn Coast,Mullambin Beach,TIGER SHARK,Galeocerdo cuvier,Released Alive,Carcharhiniformes,mullambinbeach,-23.18919,150.79873
2021-12-24,Capricorn Coast,Yeppoon Beach,TIGER SHARK,Galeocerdo cuvier,Released Alive,Carcharhiniformes,yeppoonbeach,-23.128226666666666,150.75462666666667
2021-12-27,Cairns,Holloways,TIGER SHARK,Galeocerdo cuvier,Deceased,Carcharhiniformes,holloways,-16.83081,145.74805666666666
2021-12-27,Capricorn Coast,Tanby Point,TIGER SHARK,Galeocerdo cuvier,Released Alive,Carcharhiniformes,tanbypoint,-23.22792666666667,150.82419666666667
2021-12-27,Capricorn Coast,Fishermans Beach,TIGER SHARK,Galeocerdo cuvier,Deceased,Carcharhiniformes,fishermansbeach,-23.243136666666665,150.82846999999998
2021-12-28,Mackay,Eimeo Beach,TIGER SHARK,Galeocerdo cuvier,Deceased,Carcharhiniformes,eimeobeach,-21.030911111111113,149.18116666666666
2022-01-02,Mackay,Blacks Beach,TIGER SHARK,Galeocerdo cuvier,Released Alive,Carcharhiniformes,blacksbeach,-21.045294444444444,149.19208333333333
2022-01-04,Gladstone,Tannum Sands,TIGER SHARK,Galeocerdo cuvier,Deceased,Carcharhiniformes,tannumsands,-23.939119444444444,151.3756861111111
2022-01-05,Capricorn Coast,Kemp Beach,TIGER SHARK,Galeocerdo cuvier,Deceased,Carcharhiniformes,kempbeach,-23.1712,150.79471944444444
2022-01-06,Gladstone,Tannum Sands,TIGER SHARK,Galeocerdo cuvier,Deceased,Carcharhiniformes,tannumsands,-23.939119444444444,151.3756861111111
2022-01-18,Capricorn Coast,Fishermans Beach,BULL WHALER,Carcharhinus leucas,Deceased,Carcharhiniformes,fishermansbeach,-23.243136666666665,150.82846999999998
2022-01-24,Capricorn Coast,Tanby Point,BULL WHALER,Carcharhinus leucas,Released Alive,Carcharhiniformes,tanbypoint,-23.22792666666667,150.82419666666667
2022-01-24,Capricorn Coast,Emu Park,BULL WHALER,Carcharhinus leucas,Deceased,Carcharhiniformes,emupark,-23.262438095238092,150.8322357142857
2022-01-24,Townsville,Horseshoe Bay,TIGER SHARK,Galeocerdo cuvier,Euthanised,Carcharhiniformes,horseshoebay,-19.11187361111111,146.85320555555555
2022-01-25,Capricorn Coast,Farnborough Beach,BULL WHALER,Carcharhinus leucas,Deceased,Carcharhiniformes,farnboroughbeach,-23.116036666666666,150.75383666666667
2022-01-25,Capricorn Coast,Kemp Beach,BULL WHALER,Carcharhinus leucas,Deceased,Carcharhiniformes,kempbeach,-23.1712,150.79471944444444
2022-01-25,Capricorn Coast,Mullambin Beach,TIGER SHARK,Galeocerdo cuvier,Released Alive,Carcharhiniformes,mullambinbeach,-23.18919,150.79873
2022-01-26,Capricorn Coast,Emu Park,BULL WHALER,Carcharhinus leucas,Deceased,Carcharhiniformes,emupark,-23.262438095238092,150.8322357142857
2022-01-27,Capricorn Coast,Mullambin Beach,BULL WHALER,Carcharhinus leucas,Released Alive,Carcharhiniformes,mullambinbeach,-23.18919,150.79873
2022-01-31,Capricorn Coast,Fishermans Beach,BULL WHALER,Carcharhinus leucas,Deceased,Carcharhiniformes,fishermansbeach,-23.243136666666665,150.82846999999998
2022-02-01,Capricorn Coast,Farnborough Beach,BULL WHALER,Carcharhinus leucas,Deceased,Carcharhiniformes,farnboroughbeach,-23.116036666666666,150.75383666666667
2022-02-01,Capricorn Coast,Fishermans Beach,BULL WHALER,Carcharhinus leucas,Deceased,Carcharhiniformes,fishermansbeach,-23.243136666666665,150.82846999999998
2022-02-01,Capricorn Coast,Lammermoor Beach,BULL WHALER,Carcharhinus leucas,Deceased,Carcharhiniformes,lammermoorbeach,-23.155048484848486,150.77348333333333
2022-02-01,Townsville,Florence Bay,TIGER SHARK,Galeocerdo cuvier,Released Alive,Carcharhiniformes,florencebay,-19.123693333333332,146.88541
2022-02-03,Capricorn Coast,Yeppoon Beach,BULL WHALER,Carcharhinus leucas,Deceased,Carcharhiniformes,yeppoonbeach,-23.128226666666666,150.75462666666667
2022-02-09,Capricorn Coast,Emu Park,BULL WHALER,Carcharhinus leucas,Released Alive,Carcharhiniformes,emupark,-23.262438095238092,150.8322357142857
2022-02-10,Capricorn Coast,Tanby Point,BULL WHALER,Carcharhinus leucas,Deceased,Carcharhiniformes,tanbypoint,-23.22792666666667,150.82419666666667
2022-02-11,Capricorn Coast,Emu Park,BULL WHALER,Carcharhinus leucas,Deceased,Carcharhiniformes,emupark,-23.262438095238092,150.8322357142857
2022-02-12,Cairns,Buchans,TIGER SHARK,Galeocerdo cuvier,Released Alive,Carcharhiniformes,buchans,-16.725916666666667,145.66339166666666
2022-02-15,Townsville,Horseshoe Bay,TIGER SHARK,Galeocerdo cuvier,Euthanised,Carcharhiniformes,horseshoebay,-19.11187361111111,146.85320555555555
2022-02-17,Capricorn Coast,Mullambin Beach,BULL WHALER,Carcharhinus leucas,Released Alive,Carcharhiniformes,mullambinbeach,-23.18919,150.79873
2022-02-17,Capricorn Coast,Fishermans Beach,BULL WHALER,Carcharhinus leucas,Released Alive,Carcharhiniformes,fishermansbeach,-23.243136666666665,150.82846999999998
2022-02-17,Capricorn Coast,Emu Park,BULL WHALER,Carcharhinus leucas,Released Alive,Carcharhiniformes,emupark,-23.262438095238092,150.8322357142857
2022-02-18,Gladstone,Tannum Sands,BULL WHALER,Carcharhinus leucas,Deceased,Carcharhiniformes,tannumsands,-23.939119444444444,151.3756861111111
2022-02-18,Gladstone,Tannum Sands,TIGER SHARK,Galeocerdo cuvier,Deceased,Carcharhiniformes,tannumsands,-23.939119444444444,151.3756861111111
2022-02-19,Capricorn Coast,Fishermans Beach,TIGER SHARK,Galeocerdo cuvier,Deceased,Carcharhiniformes,fishermansbeach,-23.243136666666665,150.82846999999998
2022-02-20,Capricorn Coast,Mullambin Beach,BULL WHALER,Carcharhinus leucas,Released Alive,Carcharhiniformes,mullambinbeach,-23.18919,150.79873
2022-02-20,Capricorn Coast,Fishermans Beach,BULL WHALER,Carcharhinus leucas,Released Alive,Carcharhiniformes,fishermansbeach,-23.243136666666665,150.82846999999998
2022-02-24,Capricorn Coast,Tanby Point,BULL WHALER,Carcharhinus leucas,Deceased,Carcharhiniformes,tanbypoint,-23.22792666666667,150.82419666666667
2022-02-24,Gladstone,Tannum Sands,TIGER SHARK,Galeocerdo cuvier,Euthanised,Carcharhiniformes,tannumsands,-23.939119444444444,151.3756861111111
2022-02-25,Capricorn Coast,Fishermans Beach,BULL WHALER,Carcharhinus leucas,Deceased,Carcharhiniformes,fishermansbeach,-23.243136666666665,150.82846999999998
2022-02-27,Capricorn Coast,Tanby Point,BULL WHALER,Carcharhinus leucas,Released Alive,Carcharhiniformes,tanbypoint,-23.22792666666667,150.82419666666667
2022-02-28,Capricorn Coast,Emu Park,BULL WHALER,Carcharhinus leucas,Released Alive,Carcharhiniformes,emupark,-23.262438095238092,150.8322357142857
2022-03-06,Capricorn Coast,Tanby Point,BULL WHALER,Carcharhinus leucas,Released Alive,Carcharhiniformes,tanbypoint,-23.22792666666667,150.82419666666667
2022-03-08,Gladstone,Tannum Sands,TIGER SHARK,Galeocerdo cuvier,Euthanised,Carcharhiniformes,tannumsands,-23.939119444444444,151.3756861111111
2022-03-09,Capricorn Coast,Mullambin Beach,BULL WHALER,Carcharhinus leucas,Deceased,Carcharhiniformes,mullambinbeach,-23.18919,150.79873
2022-03-11,Mackay,Bucasia Beach,TIGER SHARK,Galeocerdo cuvier,Deceased,Carcharhiniformes,bucasiabeach,-21.0204,149.16325277777779
2022-03-18,Capricorn Coast,Emu Park,BULL WHALER,Carcharhinus leucas,Deceased,Carcharhiniformes,emupark,-23.262438095238092,150.8322357142857
2022-03-20,Capricorn Coast,Fishermans Beach,BULL WHALER,Carcharhinus leucas,Deceased,Carcharhiniformes,fishermansbeach,-23.243136666666665,150.82846999999998
2022-03-22,Townsville,Radical Bay,TIGER SHARK,Galeocerdo cuvier,Deceased,Carcharhiniformes,radicalbay,-19.108173333333333,146.87670666666668
2022-03-24,Capricorn Coast,Yeppoon Beach,BULL WHALER,Carcharhinus leucas,Deceased,Carcharhiniformes,yeppoonbeach,-23.128226666666666,150.75462666666667
2022-03-24,Capricorn Coast,Emu Park,TIGER SHARK,Galeocerdo cuvier,Released Alive,Carcharhiniformes,emupark,-23.262438095238092,150.8322357142857
2022-03-24,Capricorn Coast,Fishermans Beach,TIGER SHARK,Galeocerdo cuvier,Released Alive,Carcharhiniformes,fishermansbeach,-23.243136666666665,150.82846999999998
2022-03-25,Capricorn Coast,Emu Park,BULL WHALER,Carcharhinus leucas,Deceased,Carcharhiniformes,emupark,-23.262438095238092,150.8322357142857
2022-03-25,Townsville,Radical Bay,TIGER SHARK,Galeocerdo cuvier,Released Alive,Carcharhiniformes,radicalbay,-19.108173333333333,146.87670666666668
2022-03-29,Townsville,Horseshoe Bay,TIGER SHARK,Galeocerdo cuvier,Deceased,Carcharhiniformes,horseshoebay,-19.11187361111111,146.85320555555555
2022-03-31,Capricorn Coast,Farnborough Beach,TIGER SHARK,Galeocerdo cuvier,Deceased,Carcharhiniformes,farnboroughbeach,-23.116036666666666,150.75383666666667
2022-04-01,Cairns,Ellis Beach,TIGER SHARK,Galeocerdo cuvier,Released Alive,Carcharhiniformes,ellisbeach,-16.72147142857143,145.65029761904762
2022-04-01,Cairns,Ellis Beach,TIGER SHARK,Galeocerdo cuvier,Deceased,Carcharhiniformes,ellisbeach,-16.72147142857143,145.65029761904762
2022-04-01,Cairns,Palm Cove,TIGER SHARK,Galeocerdo cuvier,Released Alive,Carcharhiniformes,palmcove,-16.744905555555555,145.6754
2022-04-02,Cairns,Ellis Beach,TIGER SHARK,Galeocerdo cuvier,Released Alive,Carcharhiniformes,ellisbeach,-16.72147142857143,145.65029761904762
2022-04-04,Capricorn Coast,Emu Park,TIGER SHARK,Galeocerdo cuvier,Released Alive,Carcharhiniformes,emupark,-23.262438095238092,150.8322357142857
2022-04-04,Capricorn Coast,Tanby Point,TIGER SHARK,Galeocerdo cuvier,Released Alive,Carcharhiniformes,tanbypoint,-23.22792666666667,150.82419666666667
2022-04-11,Capricorn Coast,Mullambin Beach,BULL WHALER,Carcharhinus leucas,Released Alive,Carcharhiniformes,mullambinbeach,-23.18919,150.79873
2022-04-15,Cairns,Yorkeys,TIGER SHARK,Galeocerdo cuvier,Deceased,Carcharhiniformes,yorkeys,-16.805583333333335,145.73073
2022-04-16,Gladstone,Tannum Sands,BULL WHALER,Carcharhinus leucas,Deceased,Carcharhiniformes,tannumsands,-23.939119444444444,151.3756861111111
2022-04-16,Townsville,Horseshoe Bay,TIGER SHARK,Galeocerdo cuvier,Euthanised,Carcharhiniformes,horseshoebay,-19.11187361111111,146.85320555555555
2022-04-21,Capricorn Coast,Emu Park,TIGER SHARK,Galeocerdo cuvier,Released Alive,Carcharhiniformes,emupark,-23.262438095238092,150.8322357142857
2022-04-28,Townsville,Horseshoe Bay,TIGER SHARK,Galeocerdo cuvier,Euthanised,Carcharhiniformes,horseshoebay,-19.11187361111111,146.85320555555555
2022-04-29,Townsville,Radical Bay,TIGER SHARK,Galeocerdo cuvier,Deceased,Carcharhiniformes,radicalbay,-19.108173333333333,146.87670666666668
2022-04-30,Townsville,Florence Bay,TIGER SHARK,Galeocerdo cuvier,Released Alive,Carcharhiniformes,florencebay,-19.123693333333332,146.88541
2022-05-02,Capricorn Coast,Mullambin Beach,TIGER SHARK,Galeocerdo cuvier,Deceased,Carcharhiniformes,mullambinbeach,-23.18919,150.79873
2022-05-03,Townsville,Florence Bay,TIGER SHARK,Galeocerdo cuvier,Released Alive,Carcharhiniformes,florencebay,-19.123693333333332,146.88541
2022-05-07,Capricorn Coast,Tanby Point,BULL WHALER,Carcharhinus leucas,Deceased,Carcharhiniformes,tanbypoint,-23.22792666666667,150.82419666666667
2022-05-10,Gladstone,Tannum Sands,BULL WHALER,Carcharhinus leucas,Deceased,Carcharhiniformes,tannumsands,-23.939119444444444,151.3756861111111
2022-05-13,Capricorn Coast,Emu Park,BULL WHALER,Carcharhinus leucas,Released Alive,Carcharhiniformes,emupark,-23.262438095238092,150.8322357142857
2022-05-14,Gladstone,Tannum Sands,BULL WHALER,Carcharhinus leucas,Deceased,Carcharhiniformes,tannumsands,-23.939119444444444,151.3756861111111
2022-05-21,Townsville,Florence Bay,TIGER SHARK,Galeocerdo cuvier,Released Alive,Carcharhiniformes,florencebay,-19.123693333333332,146.88541
2022-05-26,Capricorn Coast,Emu Park,BULL WHALER,Carcharhinus leucas,Deceased,Carcharhiniformes,emupark,-23.262438095238092,150.8322357142857
2022-05-26,Capricorn Coast,Emu Park,BULL WHALER,Carcharhinus leucas,Deceased,Carcharhiniformes,emupark,-23.262438095238092,150.8322357142857
2022-05-26,Townsville,Horseshoe Bay,TIGER SHARK,Galeocerdo cuvier,Deceased,Carcharhiniformes,horseshoebay,-19.11187361111111,146.85320555555555
2022-05-27,Cairns,Palm Cove,TIGER SHARK,Galeocerdo cuvier,Released Alive,Carcharhiniformes,palmcove,-16.744905555555555,145.6754
2022-05-28,Mackay,Bucasia Beach,TIGER SHARK,Galeocerdo cuvier,Deceased,Carcharhiniformes,bucasiabeach,-21.0204,149.16325277777779
2022-05-29,Mackay,Eimeo Beach,TIGER SHARK,Galeocerdo cuvier,Released Alive,Carcharhiniformes,eimeobeach,-21.030911111111113,149.18116666666666
2022-06-02,Cairns,Palm Cove,TIGER SHARK,Galeocerdo cuvier,Deceased,Carcharhiniformes,palmcove,-16.744905555555555,145.6754
2022-06-02,Gladstone,Tannum Sands,TIGER SHARK,Galeocerdo cuvier,Deceased,Carcharhiniformes,tannumsands,-23.939119444444444,151.3756861111111
2022-06-03,Cairns,Palm Cove,TIGER SHARK,Galeocerdo cuvier,Deceased,Carcharhiniformes,palmcove,-16.744905555555555,145.6754
2022-06-04,Capricorn Coast,Tanby Point,TIGER SHARK,Galeocerdo cuvier,Deceased,Carcharhiniformes,tanbypoint,-23.22792666666667,150.82419666666667
2022-06-04,Townsville,Alma Bay,BULL WHALER,Carcharhinus leucas,Deceased,Carcharhiniformes,almabay,-19.149697222222223,146.87386944444447
2022-06-08,Cairns,Ellis Beach,TIGER SHARK,Galeocerdo cuvier,Released Alive,Carcharhiniformes,ellisbeach,-16.72147142857143,145.65029761904762
2022-06-11,Gladstone,Tannum Sands,BULL WHALER,Carcharhinus leucas,Deceased,Carcharhiniformes,tannumsands,-23.939119444444444,151.3756861111111
2022-06-11,Townsville,Florence Bay,TIGER SHARK,Galeocerdo cuvier,Released Alive,Carcharhiniformes,florencebay,-19.123693333333332,146.88541
2022-06-12,Capricorn Coast,Tanby Point,TIGER SHARK,Galeocerdo cuvier,Released Alive,Carcharhiniformes,tanbypoint,-23.22792666666667,150.82419666666667
2022-06-16,Capricorn Coast,Emu Park,BULL WHALER,Carcharhinus leucas,Released Alive,Carcharhiniformes,emupark,-23.262438095238092,150.8322357142857
2022-06-16,Townsville,Horseshoe Bay,BULL WHALER,Carcharhinus leucas,Deceased,Carcharhiniformes,horseshoebay,-19.11187361111111,146.85320555555555
2022-06-21,Townsville,Horseshoe Bay,TIGER SHARK,Galeocerdo cuvier,Deceased,Carcharhiniformes,horseshoebay,-19.11187361111111,146.85320555555555
2022-06-24,Townsville,Palarenda Beach,TIGER SHARK,Galeocerdo cuvier,Released Alive,Carcharhiniformes,palarendabeach,-19.198694444444445,146.77763333333334
2022-06-30,Cairns,Ellis Beach,TIGER SHARK,Galeocerdo cuvier,Released Alive,Carcharhiniformes,ellisbeach,-16.72147142857143,145.65029761904762
2020-07-04,Townsville,Horseshoe Bay,TIGER SHARK,Galeocerdo cuvier,Deceased,Carcharhiniformes,horseshoebay,-19.11187361111111,146.85320555555555
2020-07-06,Mackay,Bucasia Beach,BULL WHALER,Carcharhinus leucas,Deceased,Carcharhiniformes,bucasiabeach,-21.0204,149.16325277777779
2020-07-13,Townsville,Horseshoe Bay,TIGER SHARK,Galeocerdo cuvier,Euthanised ,Carcharhiniformes,horseshoebay,-19.11187361111111,146.85320555555555
2020-07-14,Townsville,Radical Bay,HAMMERHEAD SHARK,Sphyrna sp.,Deceased,Carcharhiniformes,radicalbay,-19.108173333333333,146.87670666666668
2020-07-18,Cairns,Ellis Beach,TIGER SHARK,Galeocerdo cuvier,Released Alive,Carcharhiniformes,ellisbeach,-16.72147142857143,145.65029761904762
2020-07-22,Townsville,Radical Bay,TIGER SHARK,Galeocerdo cuvier,Released Alive,Carcharhiniformes,radicalbay,-19.108173333333333,146.87670666666668
2020-07-26,Townsville,Picnic Bay,TIGER SHARK,Galeocerdo cuvier,Deceased,Carcharhiniformes,picnicbay,-19.182850000000002,146.84146666666666
2020-07-27,Mackay,Blacks Beach,TIGER SHARK,Galeocerdo cuvier,Released Alive,Carcharhiniformes,blacksbeach,-21.045294444444444,149.19208333333333
2020-07-31,Cairns,Palm Cove,SCALLOPED HAMMERHEAD,Sphyrna lewini,Deceased,Carcharhiniformes,palmcove,-16.744905555555555,145.6754
2020-08-02,Townsville,Nelly Bay,TIGER SHARK,Galeocerdo cuvier,Deceased,Carcharhiniformes,nellybay,-19.17364523809524,146.85039523809525
2020-08-05,Townsville,Horseshoe Bay,COMMON BLACKTIP WHALER,Carcharhinus limbatus,Deceased,Carcharhiniformes,horseshoebay,-19.11187361111111,146.85320555555555
2020-08-08,Cairns,Palm Cove,LONG NOSE WHALER,Carcharhinus brevipinna,Deceased,Carcharhiniformes,palmcove,-16.744905555555555,145.6754
2020-08-08,Townsville,Horseshoe Bay,SHARPTOOTH SHARK,Negaprion brevirostris,Euthanised ,Carcharhiniformes,horseshoebay,-19.11187361111111,146.85320555555555
2020-08-08,Townsville,Horseshoe Bay,SPOT-TAIL WHALER,Carcharhinus sorrah,Deceased,Carcharhiniformes,horseshoebay,-19.11187361111111,146.85320555555555
2020-08-12,Cairns,Holloways,TIGER SHARK,Galeocerdo cuvier,Deceased,Carcharhiniformes,holloways,-16.83081,145.74805666666666
2020-08-13,Cairns,Ellis Beach,PIGEYE WHALER,Carcharhinus amboinensis,Deceased,Carcharhiniformes,ellisbeach,-16.72147142857143,145.65029761904762
2020-08-13,Townsville,Alma Bay,TIGER SHARK,Galeocerdo cuvier,Released Alive,Carcharhiniformes,almabay,-19.149697222222223,146.87386944444447
2020-08-13,Townsville,Florence Bay,TIGER SHARK,Galeocerdo cuvier,Deceased,Carcharhiniformes,florencebay,-19.123693333333332,146.88541
2020-08-14,Mackay,Bucasia Beach,TIGER SHARK,Galeocerdo cuvier,Released Alive,Carcharhiniformes,bucasiabeach,-21.0204,149.16325277777779
2020-08-17,Townsville,Nelly Bay,COMMON BLACKTIP WHALER,Carcharhinus limbatus,Deceased,Carcharhiniformes,nellybay,-19.17364523809524,146.85039523809525
2020-08-18,Capricorn Coast,Farnborough Beach,TIGER SHARK,Galeocerdo cuvier,Released Alive,Carcharhiniformes,farnboroughbeach,-23.116036666666666,150.75383666666667
2020-08-20,Gladstone,Tannum Sands,BULL WHALER,Carcharhinus leucas,Deceased,Carcharhiniformes,tannumsands,-23.939119444444444,151.3756861111111
2020-08-20,Townsville,Horseshoe Bay,TIGER SHARK,Galeocerdo cuvier,Euthanised ,Carcharhiniformes,horseshoebay,-19.11187361111111,146.85320555555555
2020-08-22,Capricorn Coast,Emu Park,SANDBAR WHALER,Carcharhinus plumbeus,Released Alive,Carcharhiniformes,emupark,-23.262438095238092,150.8322357142857
2020-08-24,Townsville,Florence Bay,SPOT-TAIL WHALER,Carcharhinus sorrah,Deceased,Carcharhiniformes,florencebay,-19.123693333333332,146.88541
2020-08-24,Townsville,Picnic Bay,TIGER SHARK,Galeocerdo cuvier,Released Alive,Carcharhiniformes,picnicbay,-19.182850000000002,146.84146666666666
2020-08-25,Townsville,Horseshoe Bay,TIGER SHARK,Galeocerdo cuvier,Euthanised ,Carcharhiniformes,horseshoebay,-19.11187361111111,146.85320555555555
2020-08-26,Townsville,Florence Bay,TIGER SHARK,Galeocerdo cuvier,Released Alive,Carcharhiniformes,florencebay,-19.123693333333332,146.88541
2020-08-30,Capricorn Coast,Fishermans Beach,BULL WHALER,Carcharhinus leucas,Deceased,Carcharhiniformes,fishermansbeach,-23.243136666666665,150.82846999999998
2020-08-30,Townsville,Florence Bay,BULL WHALER,Carcharhinus leucas,Deceased,Carcharhiniformes,florencebay,-19.123693333333332,146.88541
2020-08-31,Townsville,Nelly Bay,BULL WHALER,Carcharhinus leucas,Deceased,Carcharhiniformes,nellybay,-19.17364523809524,146.85039523809525
2020-08-31,Townsville,Horseshoe Bay,TIGER SHARK,Galeocerdo cuvier,Euthanised ,Carcharhiniformes,horseshoebay,-19.11187361111111,146.85320555555555
2020-09-02,Townsville,Horseshoe Bay,TIGER SHARK,Galeocerdo cuvier,Euthanised,Carcharhiniformes,horseshoebay,-19.11187361111111,146.85320555555555
2020-09-02,Cairns,Trinity,TIGER SHARK,Galeocerdo cuvier,Deceased,Carcharhiniformes,trinity,-16.777091666666667,145.7011611111111
2020-09-04,Mackay,Bucasia Beach,BLACKTIP REEF WHALER,Carcharhinus melanopterus,Deceased,Carcharhiniformes,bucasiabeach,-21.0204,149.16325277777779
2020-09-05,Cairns,Palm Cove,TAWNY SHARK,Nebrius ferrugineus,Deceased,Orectolobiformes,palmcove,-16.744905555555555,145.6754
2020-09-07,Townsville,Radical Bay,TIGER SHARK,Galeocerdo cuvier,Deceased,Carcharhiniformes,radicalbay,-19.108173333333333,146.87670666666668
2020-09-09,Townsville,Horseshoe Bay,SPOT-TAIL WHALER,Carcharhinus sorrah,Deceased,Carcharhiniformes,horseshoebay,-19.11187361111111,146.85320555555555
2020-09-11,Mackay,Bucasia Beach,AUSTRALIAN BLACKTIP,Carcharhinus tilstoni,Deceased,Carcharhiniformes,bucasiabeach,-21.0204,149.16325277777779
2020-09-11,Capricorn Coast,Mullambin Beach,BULL WHALER,Carcharhinus leucas,Deceased,Carcharhiniformes,mullambinbeach,-23.18919,150.79873
2020-09-11,Cairns,Clifton,TAWNY SHARK,Nebrius ferrugineus,Deceased,Orectolobiformes,clifton,-16.759525,145.68219583333334
2020-09-13,Capricorn Coast,Emu Park,BULL WHALER,Carcharhinus leucas,Deceased,Carcharhiniformes,emupark,-23.262438095238092,150.8322357142857
2020-09-14,Capricorn Coast,Fishermans Beach,BULL WHALER,Carcharhinus leucas,Deceased,Carcharhiniformes,fishermansbeach,-23.243136666666665,150.82846999999998
2020-09-14,Capricorn Coast,Lammermoor Beach,BULL WHALER,Carcharhinus leucas,Deceased,Carcharhiniformes,lammermoorbeach,-23.155048484848486,150.77348333333333
2020-09-14,Townsville,Alma Bay,TIGER SHARK,Galeocerdo cuvier,Released Alive,Carcharhiniformes,almabay,-19.149697222222223,146.87386944444447
2020-09-15,Capricorn Coast,Cooee Bay,BULL WHALER,Carcharhinus leucas,Deceased,Carcharhiniformes,cooeebay,-23.139136666666666,150.76271333333335
2020-09-17,Cairns,Buchans,LONG NOSE WHALER,Carcharhinus brevipinna,Deceased,Carcharhiniformes,buchans,-16.725916666666667,145.66339166666666
2020-09-19,Gladstone,Tannum Sands,BULL WHALER,Carcharhinus leucas,Deceased,Carcharhiniformes,tannumsands,-23.939119444444444,151.3756861111111
2020-09-20,Gladstone,Tannum Sands,BULL WHALER,Carcharhinus leucas,Deceased,Carcharhiniformes,tannumsands,-23.939119444444444,151.3756861111111
2020-09-21,Capricorn Coast,Tanby Point,AUST SHARPNOSE SHARK,Rhizoprionodon taylori,Deceased,Carcharhiniformes,tanbypoint,-23.22792666666667,150.82419666666667
2020-09-21,Townsville,Alma Bay,BULL WHALER,Carcharhinus leucas,Deceased,Carcharhiniformes,almabay,-19.149697222222223,146.87386944444447
2020-09-26,Mackay,Bucasia Beach,TIGER SHARK,Galeocerdo cuvier,Released Alive,Carcharhiniformes,bucasiabeach,-21.0204,149.16325277777779
2020-09-28,Mackay,Blacks Beach,SHARPTOOTH SHARK,Negaprion brevirostris,Deceased,Carcharhiniformes,blacksbeach,-21.045294444444444,149.19208333333333
2020-09-29,Townsville,Alma Bay,TAWNY SHARK,Nebrius ferrugineus,Released Alive,Orectolobiformes,almabay,-19.149697222222223,146.87386944444447
2020-10-02,Cairns,Palm Cove,GREAT HAMMERHEAD,Sphyrna mokarran,Deceased,Carcharhiniformes,palmcove,-16.744905555555555,145.6754
2020-10-02,Cairns,Buchans,LONG NOSE WHALER,Carcharhinus brevipinna,Deceased,Carcharhiniformes,buchans,-16.725916666666667,145.66339166666666
2020-10-04,Townsville,Horseshoe Bay,SPOT-TAIL WHALER,Carcharhinus sorrah,Deceased,Carcharhiniformes,horseshoebay,-19.11187361111111,146.85320555555555
2020-10-05,Townsville,Florence Bay,BULL WHALER,Carcharhinus leucas,Deceased,Carcharhiniformes,florencebay,-19.123693333333332,146.88541
2020-10-05,Gladstone,Tannum Sands,BULL WHALER,Carcharhinus leucas,Deceased,Carcharhiniformes,tannumsands,-23.939119444444444,151.3756861111111
2020-10-06,Capricorn Coast,Farnborough Beach,BULL WHALER,Carcharhinus leucas,Deceased,Carcharhiniformes,farnboroughbeach,-23.116036666666666,150.75383666666667
2020-10-11,Townsville,Picnic Bay,BLACKTIP REEF WHALER,Carcharhinus melanopterus,Deceased,Carcharhiniformes,picnicbay,-19.182850000000002,146.84146666666666
2020-10-11,Townsville,Radical Bay,TIGER SHARK,Galeocerdo cuvier,Deceased,Carcharhiniformes,radicalbay,-19.108173333333333,146.87670666666668
2020-10-14,Townsville,Horseshoe Bay,SPOT-TAIL WHALER,Carcharhinus sorrah,Deceased,Carcharhiniformes,horseshoebay,-19.11187361111111,146.85320555555555
2020-10-14,Townsville,Nelly Bay,TIGER SHARK,Galeocerdo cuvier,Released Alive,Carcharhiniformes,nellybay,-19.17364523809524,146.85039523809525
2020-10-18,Capricorn Coast,Lammermoor Beach,AUST SHARPNOSE SHARK,Rhizoprionodon taylori,Deceased,Carcharhiniformes,lammermoorbeach,-23.155048484848486,150.77348333333333
2020-10-18,Capricorn Coast,Emu Park,BULL WHALER,Carcharhinus leucas,Deceased,Carcharhiniformes,emupark,-23.262438095238092,150.8322357142857
2020-10-18,Mackay,Bucasia Beach,TAWNY SHARK,Nebrius ferrugineus,Deceased,Orectolobiformes,bucasiabeach,-21.0204,149.16325277777779
2020-10-19,Gladstone,Tannum Sands,BULL WHALER,Carcharhinus leucas,Deceased,Carcharhiniformes,tannumsands,-23.939119444444444,151.3756861111111
2020-10-19,Capricorn Coast,Kemp Beach,ZEBRA SHARK,Stegostoma tigrinum,Released alive ,Orectolobiformes,kempbeach,-23.1712,150.79471944444444
2020-10-20,Townsville,Nelly Bay,SPOT-TAIL WHALER,Carcharhinus sorrah,Deceased,Carcharhiniformes,nellybay,-19.17364523809524,146.85039523809525
2020-10-23,Cairns,Trinity,SPOT-TAIL WHALER,Carcharhinus sorrah,Deceased,Carcharhiniformes,trinity,-16.777091666666667,145.7011611111111
2020-10-26,Townsville,Alma Bay,BLACKTIP REEF WHALER,Carcharhinus melanopterus,Released Alive,Carcharhiniformes,almabay,-19.149697222222223,146.87386944444447
2020-10-26,Townsville,Horseshoe Bay,BULL WHALER,Carcharhinus leucas,Deceased,Carcharhiniformes,horseshoebay,-19.11187361111111,146.85320555555555
2020-10-26,Townsville,Palarenda Beach,TIGER SHARK,Galeocerdo cuvier,Released Alive,Carcharhiniformes,palarendabeach,-19.198694444444445,146.77763333333334
2020-10-28,Cairns,Ellis Beach,SPOT-TAIL WHALER,Carcharhinus sorrah,Deceased,Carcharhiniformes,ellisbeach,-16.72147142857143,145.65029761904762
2020-10-28,Townsville,Alma Bay,SPOT-TAIL WHALER,Carcharhinus sorrah,Deceased,Carcharhiniformes,almabay,-19.149697222222223,146.87386944444447
2020-10-28,Cairns,Trinity,TIGER SHARK,Galeocerdo cuvier,Released Alive,Carcharhiniformes,trinity,-16.777091666666667,145.7011611111111
2020-10-28,Townsville,Palarenda Beach,TIGER SHARK,Galeocerdo cuvier,Released Alive,Carcharhiniformes,palarendabeach,-19.198694444444445,146.77763333333334
2020-10-30,Cairns,Buchans,SPOT-TAIL WHALER,Carcharhinus sorrah,Deceased,Carcharhiniformes,buchans,-16.725916666666667,145.66339166666666
2020-10-31,Mackay,Bucasia Beach,BULL WHALER,Carcharhinus leucas,Deceased,Carcharhiniformes,bucasiabeach,-21.0204,149.16325277777779
2020-11-01,Townsville,Palarenda Beach,TIGER SHARK,Galeocerdo cuvier,Released Alive,Carcharhiniformes,palarendabeach,-19.198694444444445,146.77763333333334
2020-11-02,Townsville,Horseshoe Bay,BULL WHALER,Carcharhinus leucas,Deceased,Carcharhiniformes,horseshoebay,-19.11187361111111,146.85320555555555
2020-11-03,Townsville,Alma Bay,SPOT-TAIL WHALER,Carcharhinus sorrah,Deceased,Carcharhiniformes,almabay,-19.149697222222223,146.87386944444447
2020-11-04,Townsville,Radical Bay,SPOT-TAIL WHALER,Carcharhinus sorrah,Deceased,Carcharhiniformes,radicalbay,-19.108173333333333,146.87670666666668
2020-11-05,Capricorn Coast,Emu Park,BULL WHALER,Carcharhinus leucas,Deceased,Carcharhiniformes,emupark,-23.262438095238092,150.8322357142857
2020-11-05,Capricorn Coast,Lammermoor Beach,SHARPTOOTH SHARK,Negaprion brevirostris,Deceased,Carcharhiniformes,lammermoorbeach,-23.155048484848486,150.77348333333333
2020-11-06,Cairns,Clifton,SPOT-TAIL WHALER,Carcharhinus sorrah,Deceased,Carcharhiniformes,clifton,-16.759525,145.68219583333334
2020-11-06,Gladstone,Tannum Sands,TIGER SHARK,Galeocerdo cuvier,Deceased,Carcharhiniformes,tannumsands,-23.939119444444444,151.3756861111111
2020-11-07,Cairns,Holloways,SPOT-TAIL WHALER,Carcharhinus sorrah,Deceased,Carcharhiniformes,holloways,-16.83081,145.74805666666666
2020-11-08,Townsville,Alma Bay,TIGER SHARK,Galeocerdo cuvier,Released Alive,Carcharhiniformes,almabay,-19.149697222222223,146.87386944444447
2020-11-11,Townsville,Nelly Bay,BLACKTIP REEF WHALER,Carcharhinus melanopterus,Deceased,Carcharhiniformes,nellybay,-19.17364523809524,146.85039523809525
2020-11-11,Townsville,Horseshoe Bay,BULL WHALER,Carcharhinus leucas,Euthanised,Carcharhiniformes,horseshoebay,-19.11187361111111,146.85320555555555
2020-11-11,Townsville,Florence Bay,BULL WHALER,Carcharhinus leucas,Deceased,Carcharhiniformes,florencebay,-19.123693333333332,146.88541
2020-11-14,Cairns,Ellis Beach,TIGER SHARK,Galeocerdo cuvier,Released Alive,Carcharhiniformes,ellisbeach,-16.72147142857143,145.65029761904762
2020-11-21,Cairns,Palm Cove,TAWNY SHARK,Nebrius ferrugineus,Deceased,Orectolobiformes,palmcove,-16.744905555555555,145.6754
2020-11-25,Townsville,Horseshoe Bay,BULL WHALER,Carcharhinus leucas,Deceased,Carcharhiniformes,horseshoebay,-19.11187361111111,146.85320555555555
2020-11-27,Mackay,Blacks Beach,TIGER SHARK,Galeocerdo cuvier,Deceased,Carcharhiniformes,blacksbeach,-21.045294444444444,149.19208333333333
2020-11-28,Capricorn Coast,Fishermans Beach,BULL WHALER,Carcharhinus leucas,Deceased,Carcharhiniformes,fishermansbeach,-23.243136666666665,150.82846999999998
2020-11-28,Capricorn Coast,Tanby Point,BULL WHALER,Carcharhinus leucas,Deceased,Carcharhiniformes,tanbypoint,-23.22792666666667,150.82419666666667
2020-11-28,Cairns,Ellis Beach,SPOT-TAIL WHALER,Carcharhinus sorrah,Deceased,Carcharhiniformes,ellisbeach,-16.72147142857143,145.65029761904762
2020-11-29,Townsville,Palarenda Beach,BULL WHALER,Carcharhinus leucas,Deceased,Carcharhiniformes,palarendabeach,-19.198694444444445,146.77763333333334
2020-11-29,Townsville,Horseshoe Bay,SHARPTOOTH SHARK,Negaprion brevirostris,Deceased,Carcharhiniformes,horseshoebay,-19.11187361111111,146.85320555555555
2020-11-29,Townsville,Alma Bay,TIGER SHARK,Galeocerdo cuvier,Released Alive,Carcharhiniformes,almabay,-19.149697222222223,146.87386944444447
2020-11-29,Townsville,Florence Bay,TIGER SHARK,Galeocerdo cuvier,Deceased,Carcharhiniformes,florencebay,-19.123693333333332,146.88541
2020-11-30,Townsville,Nelly Bay,BLACKTIP REEF WHALER,Carcharhinus melanopterus,Deceased,Carcharhiniformes,nellybay,-19.17364523809524,146.85039523809525
2020-12-01,Townsville,Palarenda Beach,SPOT-TAIL WHALER,Carcharhinus sorrah,Deceased,Carcharhiniformes,palarendabeach,-19.198694444444445,146.77763333333334
2020-12-02,Townsville,Alma Bay,TAWNY SHARK,Nebrius ferrugineus,Released Alive,Orectolobiformes,almabay,-19.149697222222223,146.87386944444447
2020-12-04,Cairns,Palm Cove,TAWNY SHARK,Nebrius ferrugineus,Deceased,Orectolobiformes,palmcove,-16.744905555555555,145.6754
2020-12-04,Mackay,Blacks Beach,TAWNY SHARK,Nebrius ferrugineus,Deceased,Orectolobiformes,blacksbeach,-21.045294444444444,149.19208333333333
2020-12-05,Cairns,Palm Cove,TAWNY SHARK,Nebrius ferrugineus,Deceased,Orectolobiformes,palmcove,-16.744905555555555,145.6754
2020-12-06,Gladstone,Tannum Sands,TIGER SHARK,Galeocerdo cuvier,Deceased,Carcharhiniformes,tannumsands,-23.939119444444444,151.3756861111111
2020-12-07,Townsville,Palarenda Beach,SPOT-TAIL WHALER,Carcharhinus sorrah,Deceased,Carcharhiniformes,palarendabeach,-19.198694444444445,146.77763333333334
2020-12-07,Gladstone,Tannum Sands,TIGER SHARK,Galeocerdo cuvier,Deceased,Carcharhiniformes,tannumsands,-23.939119444444444,151.3756861111111
2020-12-09,Cairns,Clifton,SPOT-TAIL WHALER,Carcharhinus sorrah,Deceased,Carcharhiniformes,clifton,-16.759525,145.68219583333334
2020-12-09,Cairns,Yorkeys,SPOT-TAIL WHALER,Carcharhinus sorrah,Deceased,Carcharhiniformes,yorkeys,-16.805583333333335,145.73073
2020-12-10,Mackay,Eimeo Beach,TAWNY SHARK,Nebrius ferrugineus,Released Alive,Orectolobiformes,eimeobeach,-21.030911111111113,149.18116666666666
2020-12-12,Cairns,Buchans,SPOT-TAIL WHALER,Carcharhinus sorrah,Deceased,Carcharhiniformes,buchans,-16.725916666666667,145.66339166666666
2020-12-13,Townsville,Picnic Bay,BLACKTIP REEF WHALER,Carcharhinus melanopterus,Deceased,Carcharhiniformes,picnicbay,-19.182850000000002,146.84146666666666
2020-12-15,Townsville,Palarenda Beach,SHARPTOOTH SHARK,Negaprion brevirostris,Released Alive,Carcharhiniformes,palarendabeach,-19.198694444444445,146.77763333333334
2020-12-16,Capricorn Coast,Mullambin Beach,BULL WHALER,Carcharhinus leucas,Deceased,Carcharhiniformes,mullambinbeach,-23.18919,150.79873
2020-12-16,Mackay,Bucasia Beach,TIGER SHARK,Galeocerdo cuvier,Deceased,Carcharhiniformes,bucasiabeach,-21.0204,149.16325277777779
2020-12-19,Cairns,Buchans,TIGER SHARK,Galeocerdo cuvier,Released Alive,Carcharhiniformes,buchans,-16.725916666666667,145.66339166666666
2020-12-21,Capricorn Coast,Tanby Point,BULL WHALER,Carcharhinus leucas,Deceased,Carcharhiniformes,tanbypoint,-23.22792666666667,150.82419666666667
2020-12-21,Townsville,Horseshoe Bay,SPOT-TAIL WHALER,Carcharhinus sorrah,Deceased,Carcharhiniformes,horseshoebay,-19.11187361111111,146.85320555555555
2020-12-23,Townsville,Radical Bay,BULL WHALER,Carcharhinus leucas,Deceased,Carcharhiniformes,radicalbay,-19.108173333333333,146.87670666666668
2020-12-24,Townsville,Horseshoe Bay,TIGER SHARK,Galeocerdo cuvier,Deceased,Carcharhiniformes,horseshoebay,-19.11187361111111,146.85320555555555
2020-12-26,Cairns,Trinity,DUSKY WHALER,Carcharhinus obscurus,Deceased,Carcharhiniformes,trinity,-16.777091666666667,145.7011611111111
2020-12-26,Cairns,Holloways,SPOT-TAIL WHALER,Carcharhinus sorrah,Deceased,Carcharhiniformes,holloways,-16.83081,145.74805666666666
2020-12-27,Townsville,Alma Bay,BLACKTIP REEF WHALER,Carcharhinus melanopterus,Deceased,Carcharhiniformes,almabay,-19.149697222222223,146.87386944444447
2020-12-28,Cairns,Holloways,TIGER SHARK,Galeocerdo cuvier,Deceased,Carcharhiniformes,holloways,-16.83081,145.74805666666666
2020-12-28,Townsville,Florence Bay,TIGER SHARK,Galeocerdo cuvier,Deceased,Carcharhiniformes,florencebay,-19.123693333333332,146.88541
2020-12-29,Cairns,Ellis Beach,SPOT-TAIL WHALER,Carcharhinus sorrah,Deceased,Carcharhiniformes,ellisbeach,-16.72147142857143,145.65029761904762
2020-12-29,Townsville,Nelly Bay,TAWNY SHARK,Nebrius ferrugineus,Released Alive,Orectolobiformes,nellybay,-19.17364523809524,146.85039523809525
2020-12-29,Cairns,Buchans,TIGER SHARK,Galeocerdo cuvier,Deceased,Carcharhiniformes,buchans,-16.725916666666667,145.66339166666666
2020-12-30,Cairns,Ellis Beach,SPOT-TAIL WHALER,Carcharhinus sorrah,Deceased,Carcharhiniformes,ellisbeach,-16.72147142857143,145.65029761904762
2020-12-30,Cairns,Palm Cove,SPOT-TAIL WHALER,Carcharhinus sorrah,Deceased,Carcharhiniformes,palmcove,-16.744905555555555,145.6754
2020-12-30,Townsville,Radical Bay,SPOT-TAIL WHALER,Carcharhinus sorrah,Deceased,Carcharhiniformes,radicalbay,-19.108173333333333,146.87670666666668
2021-01-01,Cairns,Ellis Beach,TIGER SHARK,Galeocerdo cuvier,Deceased,Carcharhiniformes,ellisbeach,-16.72147142857143,145.65029761904762
2021-01-02,Cairns,Holloways,TAWNY SHARK,Nebrius ferrugineus,Deceased,Orectolobiformes,holloways,-16.83081,145.74805666666666
2021-01-02,Cairns,Palm Cove,TAWNY SHARK,Nebrius ferrugineus,Deceased,Orectolobiformes,palmcove,-16.744905555555555,145.6754
2021-01-04,Townsville,Florence Bay,COMMON BLACKTIP WHALER,Carcharhinus limbatus,Deceased,Carcharhiniformes,florencebay,-19.123693333333332,146.88541
2021-01-04,Townsville,Radical Bay,TAWNY SHARK,Nebrius ferrugineus,Released Alive,Orectolobiformes,radicalbay,-19.108173333333333,146.87670666666668
2021-01-04,Townsville,Florence Bay,TIGER SHARK,Galeocerdo cuvier,Released Alive,Carcharhiniformes,florencebay,-19.123693333333332,146.88541
2021-01-05,Townsville,Florence Bay,TIGER SHARK,Galeocerdo cuvier,Released Alive,Carcharhiniformes,florencebay,-19.123693333333332,146.88541
2021-01-06,Townsville,Picnic Bay,BLACKTIP REEF WHALER,Carcharhinus melanopterus,Deceased,Carcharhiniformes,picnicbay,-19.182850000000002,146.84146666666666
2021-01-08,Cairns,Clifton,SPOT-TAIL WHALER,Carcharhinus sorrah,Deceased,Carcharhiniformes,clifton,-16.759525,145.68219583333334
2021-01-09,Cairns,Holloways,SPOT-TAIL WHALER,Carcharhinus sorrah,Deceased,Carcharhiniformes,holloways,-16.83081,145.74805666666666
2021-01-09,Cairns,Buchans,SPOT-TAIL WHALER,Carcharhinus sorrah,Deceased,Carcharhiniformes,buchans,-16.725916666666667,145.66339166666666
2021-01-11,Townsville,Nelly Bay,BULL WHALER,Carcharhinus leucas,Deceased,Carcharhiniformes,nellybay,-19.17364523809524,146.85039523809525
2021-01-11,Townsville,Alma Bay,TAWNY SHARK,Nebrius ferrugineus,Released Alive,Orectolobiformes,almabay,-19.149697222222223,146.87386944444447
2021-01-13,Townsville,Alma Bay,SPINNER SHARK,Carcharhinus brevipinna,Deceased,Carcharhiniformes,almabay,-19.149697222222223,146.87386944444447
2021-01-13,Townsville,Alma Bay,SPOT-TAIL WHALER,Carcharhinus sorrah,Deceased,Carcharhiniformes,almabay,-19.149697222222223,146.87386944444447
2021-01-20,Townsville,Horseshoe Bay,BULL WHALER,Carcharhinus leucas,Deceased,Carcharhiniformes,horseshoebay,-19.11187361111111,146.85320555555555
2021-01-21,Cairns,Palm Cove,HARDNOSE WHALER,Carcharhinus macloti,Deceased,Carcharhiniformes,palmcove,-16.744905555555555,145.6754
2021-01-22,Cairns,Palm Cove,PIGEYE WHALER,Carcharhinus amboinensis,Deceased,Carcharhiniformes,palmcove,-16.744905555555555,145.6754
2021-01-25,Townsville,Nelly Bay,COMMON BLACKTIP WHALER,Carcharhinus limbatus,Deceased,Carcharhiniformes,nellybay,-19.17364523809524,146.85039523809525
2021-01-25,Townsville,Radical Bay,SPOT-TAIL WHALER,Carcharhinus sorrah,Deceased,Carcharhiniformes,radicalbay,-19.108173333333333,146.87670666666668
2021-01-26,Mackay,Blacks Beach,SCALLOPED HAMMERHEAD,Sphyrna lewini,Deceased,Carcharhiniformes,blacksbeach,-21.045294444444444,149.19208333333333
2021-01-26,Townsville,Florence Bay,SPINNER SHARK,Carcharhinus brevipinna,Deceased,Carcharhiniformes,florencebay,-19.123693333333332,146.88541
2021-01-30,Cairns,Holloways,TIGER SHARK,Galeocerdo cuvier,Deceased,Carcharhiniformes,holloways,-16.83081,145.74805666666666
2021-01-31,Townsville,Alma Bay,BULL WHALER,Carcharhinus leucas,Deceased,Carcharhiniformes,almabay,-19.149697222222223,146.87386944444447
2021-01-31,Townsville,Palarenda Beach,BULL WHALER,Carcharhinus leucas,Deceased,Carcharhiniformes,palarendabeach,-19.198694444444445,146.77763333333334
2021-01-31,Townsville,Radical Bay,SPOT-TAIL WHALER,Carcharhinus sorrah,Deceased,Carcharhiniformes,radicalbay,-19.108173333333333,146.87670666666668
2021-02-03,Capricorn Coast,Farnborough Beach,BULL WHALER,Carcharhinus leucas,Deceased,Carcharhiniformes,farnboroughbeach,-23.116036666666666,150.75383666666667
2021-02-03,Townsville,Palarenda Beach,COMMON BLACKTIP WHALER,Carcharhinus limbatus,Deceased,Carcharhiniformes,palarendabeach,-19.198694444444445,146.77763333333334
2021-02-03,Cairns,Holloways,SPOT-TAIL WHALER,Carcharhinus sorrah,Deceased,Carcharhiniformes,holloways,-16.83081,145.74805666666666
2021-02-03,Townsville,Horseshoe Bay,SPOT-TAIL WHALER,Carcharhinus sorrah,Deceased,Carcharhiniformes,horseshoebay,-19.11187361111111,146.85320555555555
2021-02-03,Townsville,Alma Bay,SPOT-TAIL WHALER,Carcharhinus sorrah,Deceased,Carcharhiniformes,almabay,-19.149697222222223,146.87386944444447
2021-02-05,Capricorn Coast,Emu Park,BULL WHALER,Carcharhinus leucas,Deceased,Carcharhiniformes,emupark,-23.262438095238092,150.8322357142857
2021-02-05,Cairns,Clifton,TAWNY SHARK,Nebrius ferrugineus,Deceased,Orectolobiformes,clifton,-16.759525,145.68219583333334
2021-02-06,Cairns,Trinity,TIGER SHARK,Galeocerdo cuvier,Deceased,Carcharhiniformes,trinity,-16.777091666666667,145.7011611111111
2021-02-09,Townsville,Radical Bay,COMMON BLACKTIP WHALER,Carcharhinus limbatus,Deceased,Carcharhiniformes,radicalbay,-19.108173333333333,146.87670666666668
2021-02-09,Cairns,Palm Cove,TIGER SHARK,Galeocerdo cuvier,Deceased,Carcharhiniformes,palmcove,-16.744905555555555,145.6754
2021-02-10,Townsville,Palarenda Beach,TIGER SHARK,Galeocerdo cuvier,Released Alive,Carcharhiniformes,palarendabeach,-19.198694444444445,146.77763333333334
2021-02-10,Townsville,Radical Bay,TIGER SHARK,Galeocerdo cuvier,Deceased,Carcharhiniformes,radicalbay,-19.108173333333333,146.87670666666668
2021-02-12,Cairns,Yorkeys,BULL WHALER,Carcharhinus leucas,Deceased,Carcharhiniformes,yorkeys,-16.805583333333335,145.73073
2021-02-13,Cairns,Ellis Beach,TIGER SHARK,Galeocerdo cuvier,Deceased,Carcharhiniformes,ellisbeach,-16.72147142857143,145.65029761904762
2021-02-14,Townsville,Radical Bay,SPOT-TAIL WHALER,Carcharhinus sorrah,Deceased,Carcharhiniformes,radicalbay,-19.108173333333333,146.87670666666668
2021-02-14,Gladstone,Tannum Sands,TIGER SHARK,Galeocerdo cuvier,Deceased,Carcharhiniformes,tannumsands,-23.939119444444444,151.3756861111111
2021-02-15,Townsville,Florence Bay,SPOT-TAIL WHALER,Carcharhinus sorrah,Deceased,Carcharhiniformes,florencebay,-19.123693333333332,146.88541
2021-02-15,Capricorn Coast,Emu Park,TIGER SHARK,Galeocerdo cuvier,Deceased,Carcharhiniformes,emupark,-23.262438095238092,150.8322357142857
2021-02-18,Cairns,Buchans,SPOT-TAIL WHALER,Carcharhinus sorrah,Deceased,Carcharhiniformes,buchans,-16.725916666666667,145.66339166666666
2021-02-18,Cairns,Ellis Beach,TAWNY SHARK,Nebrius ferrugineus,Deceased,Orectolobiformes,ellisbeach,-16.72147142857143,145.65029761904762
2021-02-18,Cairns,Palm Cove,TIGER SHARK,Galeocerdo cuvier,Deceased,Carcharhiniformes,palmcove,-16.744905555555555,145.6754
2021-02-19,Capricorn Coast,Yeppoon Beach,BULL WHALER,Carcharhinus leucas,Deceased,Carcharhiniformes,yeppoonbeach,-23.128226666666666,150.75462666666667
2021-02-27,Cairns,Buchans,SPOT-TAIL WHALER,Carcharhinus sorrah,Deceased,Carcharhiniformes,buchans,-16.725916666666667,145.66339166666666
2021-02-28,Townsville,Alma Bay,SPOT-TAIL WHALER,Carcharhinus sorrah,Deceased,Carcharhiniformes,almabay,-19.149697222222223,146.87386944444447
2021-02-28,Capricorn Coast,Kemp Beach,TIGER SHARK,Galeocerdo cuvier,Deceased,Carcharhiniformes,kempbeach,-23.1712,150.79471944444444
2021-03-02,Capricorn Coast,Kemp Beach,BULL WHALER,Carcharhinus leucas,Deceased,Carcharhiniformes,kempbeach,-23.1712,150.79471944444444
2021-03-03,Townsville,Florence Bay,BULL WHALER,Carcharhinus leucas,Deceased,Carcharhiniformes,florencebay,-19.123693333333332,146.88541
2021-03-07,Townsville,Nelly Bay,BLACKTIP REEF WHALER,Carcharhinus melanopterus,Deceased,Carcharhiniformes,nellybay,-19.17364523809524,146.85039523809525
2021-03-07,Townsville,Horseshoe Bay,TIGER SHARK,Galeocerdo cuvier,Deceased,Carcharhiniformes,horseshoebay,-19.11187361111111,146.85320555555555
2021-03-08,Cairns,Holloways,BULL WHALER,Carcharhinus leucas,Deceased,Carcharhiniformes,holloways,-16.83081,145.74805666666666
2021-03-10,Cairns,Buchans,TIGER SHARK,Galeocerdo cuvier,Released Alive,Carcharhiniformes,buchans,-16.725916666666667,145.66339166666666
2021-03-14,Mackay,Eimeo Beach,TAWNY SHARK,Nebrius ferrugineus,Released Alive,Orectolobiformes,eimeobeach,-21.030911111111113,149.18116666666666
2021-03-16,Townsville,Florence Bay,TIGER SHARK,Galeocerdo cuvier,Deceased,Carcharhiniformes,florencebay,-19.123693333333332,146.88541
2021-03-17,Cairns,Ellis Beach,BULL WHALER,Carcharhinus leucas,Deceased,Carcharhiniformes,ellisbeach,-16.72147142857143,145.65029761904762
2021-03-17,Townsville,Florence Bay,BULL WHALER,Carcharhinus leucas,Released Alive,Carcharhiniformes,florencebay,-19.123693333333332,146.88541
2021-03-17,Townsville,Florence Bay,TIGER SHARK,Galeocerdo cuvier,Deceased,Carcharhiniformes,florencebay,-19.123693333333332,146.88541
2021-03-18,Mackay,Bucasia Beach,TIGER SHARK,Galeocerdo cuvier,Deceased,Carcharhiniformes,bucasiabeach,-21.0204,149.16325277777779
2021-03-22,Capricorn Coast,Tanby Point,BULL WHALER,Carcharhinus leucas,Deceased,Carcharhiniformes,tanbypoint,-23.22792666666667,150.82419666666667
2021-03-24,Cairns,Trinity,GREAT HAMMERHEAD,Sphyrna mokarran,Deceased,Carcharhiniformes,trinity,-16.777091666666667,145.7011611111111
2021-03-24,Cairns,Buchans,SPOT-TAIL WHALER,Carcharhinus sorrah,Deceased,Carcharhiniformes,buchans,-16.725916666666667,145.66339166666666
2021-03-24,Townsville,Florence Bay,TIGER SHARK,Galeocerdo cuvier,Deceased,Carcharhiniformes,florencebay,-19.123693333333332,146.88541
2021-03-26,Cairns,Palm Cove,TAWNY SHARK,Nebrius ferrugineus,Deceased,Orectolobiformes,palmcove,-16.744905555555555,145.6754
2021-03-26,Cairns,Palm Cove,TIGER SHARK,Galeocerdo cuvier,Deceased,Carcharhiniformes,palmcove,-16.744905555555555,145.6754
2021-03-27,Cairns,Ellis Beach,TIGER SHARK,Galeocerdo cuvier,Released Alive,Carcharhiniformes,ellisbeach,-16.72147142857143,145.65029761904762
2021-03-29,Townsville,Palarenda Beach,SPOT-TAIL WHALER,Carcharhinus sorrah,Deceased,Carcharhiniformes,palarendabeach,-19.198694444444445,146.77763333333334
2021-03-29,Townsville,Palarenda Beach,TIGER SHARK,Galeocerdo cuvier,Deceased,Carcharhiniformes,palarendabeach,-19.198694444444445,146.77763333333334
2021-04-04,Cairns,Ellis Beach,TIGER SHARK,Galeocerdo cuvier,Released Alive,Carcharhiniformes,ellisbeach,-16.72147142857143,145.65029761904762
2021-04-04,Townsville,Picnic Bay,TIGER SHARK,Galeocerdo cuvier,Released Alive,Carcharhiniformes,picnicbay,-19.182850000000002,146.84146666666666
2021-04-06,Townsville,Alma Bay,COMMON BLACKTIP WHALER,Carcharhinus limbatus,Deceased,Carcharhiniformes,almabay,-19.149697222222223,146.87386944444447
2021-04-08,Capricorn Coast,Farnborough Beach,BULL WHALER,Carcharhinus leucas,Deceased,Carcharhiniformes,farnboroughbeach,-23.116036666666666,150.75383666666667
2021-04-08,Capricorn Coast,Kemp Beach,BULL WHALER,Carcharhinus leucas,Deceased,Carcharhiniformes,kempbeach,-23.1712,150.79471944444444
2021-04-11,Townsville,Palarenda Beach,BLACKTIP REEF WHALER,Carcharhinus melanopterus,Deceased,Carcharhiniformes,palarendabeach,-19.198694444444445,146.77763333333334
2021-04-12,Townsville,Picnic Bay,TAWNY SHARK,Nebrius ferrugineus,Released Alive,Orectolobiformes,picnicbay,-19.182850000000002,146.84146666666666
2021-04-13,Townsville,Alma Bay,TIGER SHARK,Galeocerdo cuvier,Released Alive,Carcharhiniformes,almabay,-19.149697222222223,146.87386944444447
2021-04-14,Townsville,Horseshoe Bay,TAWNY SHARK,Nebrius ferrugineus,Released Alive,Orectolobiformes,horseshoebay,-19.11187361111111,146.85320555555555
2021-04-16,Capricorn Coast,Emu Park,BULL WHALER,Carcharhinus leucas,Deceased,Carcharhiniformes,emupark,-23.262438095238092,150.8322357142857
2021-04-16,Cairns,Palm Cove,PIGEYE WHALER,Carcharhinus amboinensis,Deceased,Carcharhiniformes,palmcove,-16.744905555555555,145.6754
2021-04-16,Cairns,Trinity,TIGER SHARK,Galeocerdo cuvier,Deceased,Carcharhiniformes,trinity,-16.777091666666667,145.7011611111111
2021-04-17,Capricorn Coast,Lammermoor Beach,BULL WHALER,Carcharhinus leucas,Deceased,Carcharhiniformes,lammermoorbeach,-23.155048484848486,150.77348333333333
2021-04-18,Mackay,Eimeo Beach,TIGER SHARK,Galeocerdo cuvier,Deceased,Carcharhiniformes,eimeobeach,-21.030911111111113,149.18116666666666
2021-04-19,Capricorn Coast,Yeppoon Beach,BULL WHALER,Carcharhinus leucas,Deceased,Carcharhiniformes,yeppoonbeach,-23.128226666666666,150.75462666666667
2021-04-19,Townsville,Palarenda Beach,TIGER SHARK,Galeocerdo cuvier,Released Alive,Carcharhiniformes,palarendabeach,-19.198694444444445,146.77763333333334
2021-04-22,Mackay,Bucasia Beach,SPINNER SHARK,Carcharhinus brevipinna,Deceased,Carcharhiniformes,bucasiabeach,-21.0204,149.16325277777779
2021-04-22,Mackay,Bucasia Beach,SPINNER SHARK,Carcharhinus brevipinna,Deceased,Carcharhiniformes,bucasiabeach,-21.0204,149.16325277777779
2021-04-23,Gladstone,Tannum Sands,TIGER SHARK,Galeocerdo cuvier,Euthanised,Carcharhiniformes,tannumsands,-23.939119444444444,151.3756861111111
2021-04-23,Mackay,Blacks Beach,TIGER SHARK,Galeocerdo cuvier,Released Alive,Carcharhiniformes,blacksbeach,-21.045294444444444,149.19208333333333
2021-04-25,Capricorn Coast,Tanby Point,BULL WHALER,Carcharhinus leucas,Deceased,Carcharhiniformes,tanbypoint,-23.22792666666667,150.82419666666667
2021-04-26,Townsville,Radical Bay,BULL WHALER,Carcharhinus leucas,Deceased,Carcharhiniformes,radicalbay,-19.108173333333333,146.87670666666668
2021-04-26,Townsville,Radical Bay,SPOT-TAIL WHALER,Carcharhinus sorrah,Deceased,Carcharhiniformes,radicalbay,-19.108173333333333,146.87670666666668
2021-04-26,Capricorn Coast,Fishermans Beach,TIGER SHARK,Galeocerdo cuvier,Deceased,Carcharhiniformes,fishermansbeach,-23.243136666666665,150.82846999999998
2021-04-26,Townsville,Radical Bay,TIGER SHARK,Galeocerdo cuvier,Released Alive,Carcharhiniformes,radicalbay,-19.108173333333333,146.87670666666668
2021-04-27,Cairns,Trinity,SPINNER SHARK,Carcharhinus brevipinna,Deceased,Carcharhiniformes,trinity,-16.777091666666667,145.7011611111111
2021-04-30,Mackay,Eimeo Beach,BULL WHALER,Carcharhinus leucas,Deceased,Carcharhiniformes,eimeobeach,-21.030911111111113,149.18116666666666
2021-05-02,Mackay,Eimeo Beach,TIGER SHARK,Galeocerdo cuvier,Deceased,Carcharhiniformes,eimeobeach,-21.030911111111113,149.18116666666666
2021-05-02,Townsville,Horseshoe Bay,TIGER SHARK,Galeocerdo cuvier,Deceased,Carcharhiniformes,horseshoebay,-19.11187361111111,146.85320555555555
2021-05-03,Capricorn Coast,Emu Park,BULL WHALER,Carcharhinus leucas,Released Alive,Carcharhiniformes,emupark,-23.262438095238092,150.8322357142857
2021-05-03,Capricorn Coast,Mullambin Beach,BULL WHALER,Carcharhinus leucas,Deceased,Carcharhiniformes,mullambinbeach,-23.18919,150.79873
2021-05-03,Gladstone,Tannum Sands,TIGER SHARK,Galeocerdo cuvier,Deceased,Carcharhiniformes,tannumsands,-23.939119444444444,151.3756861111111
2021-05-08,Cairns,Ellis Beach,SPOT-TAIL WHALER,Carcharhinus sorrah,Deceased,Carcharhiniformes,ellisbeach,-16.72147142857143,145.65029761904762
2021-05-08,Capricorn Coast,Fishermans Beach,AUST SHARPNOSE SHARK,Rhizoprionodon taylori,Deceased,Carcharhiniformes,fishermansbeach,-23.243136666666665,150.82846999999998
2021-05-09,Townsville,Alma Bay,TIGER SHARK,Galeocerdo cuvier,Released Alive,Carcharhiniformes,almabay,-19.149697222222223,146.87386944444447
2021-05-09,Townsville,Nelly Bay,SPOT-TAIL WHALER,Carcharhinus sorrah,Deceased,Carcharhiniformes,nellybay,-19.17364523809524,146.85039523809525
2021-05-11,Cairns,Holloways,SPOT-TAIL WHALER,Carcharhinus sorrah,Deceased,Carcharhiniformes,holloways,-16.83081,145.74805666666666
2021-05-11,Cairns,Holloways,TIGER SHARK,Galeocerdo cuvier,Deceased,Carcharhiniformes,holloways,-16.83081,145.74805666666666
2021-05-11,Townsville,Horseshoe Bay,TIGER SHARK,Galeocerdo cuvier,Euthanised,Carcharhiniformes,horseshoebay,-19.11187361111111,146.85320555555555
2021-05-11,Townsville,Palarenda Beach,TIGER SHARK,Galeocerdo cuvier,Deceased,Carcharhiniformes,palarendabeach,-19.198694444444445,146.77763333333334
2021-05-12,Townsville,Horseshoe Bay,SPOT-TAIL WHALER,Carcharhinus sorrah,Deceased,Carcharhiniformes,horseshoebay,-19.11187361111111,146.85320555555555
2021-05-12,Townsville,Radical Bay,SPOT-TAIL WHALER,Carcharhinus sorrah,Deceased,Carcharhiniformes,radicalbay,-19.108173333333333,146.87670666666668
2021-05-14,Cairns,Ellis Beach,TIGER SHARK,Galeocerdo cuvier,Released Alive,Carcharhiniformes,ellisbeach,-16.72147142857143,145.65029761904762
2021-05-23,Townsville,Florence Bay,TIGER SHARK,Galeocerdo cuvier,Released Alive,Carcharhiniformes,florencebay,-19.123693333333332,146.88541
2021-05-24,Capricorn Coast,Farnborough Beach,BULL WHALER,Carcharhinus leucas,Deceased,Carcharhiniformes,farnboroughbeach,-23.116036666666666,150.75383666666667
2021-05-24,Townsville,Florence Bay,TIGER SHARK,Galeocerdo cuvier,Released Alive,Carcharhiniformes,florencebay,-19.123693333333332,146.88541
2021-05-24,Capricorn Coast,Farnborough Beach,PIGEYE WHALER,Carcharhinus amboinensis,Deceased,Carcharhiniformes,farnboroughbeach,-23.116036666666666,150.75383666666667
2021-05-25,Townsville,Nelly Bay,TIGER SHARK,Galeocerdo cuvier,Released Alive,Carcharhiniformes,nellybay,-19.17364523809524,146.85039523809525
2021-05-29,Mackay,Bucasia Beach,BULL WHALER,Carcharhinus leucas,Deceased,Carcharhiniformes,bucasiabeach,-21.0204,149.16325277777779
2021-05-29,Townsville,Florence Bay,TIGER SHARK,Galeocerdo cuvier,Deceased,Carcharhiniformes,florencebay,-19.123693333333332,146.88541
2021-06-04,Cairns,Ellis Beach,BULL WHALER,Carcharhinus leucas,Released Alive,Carcharhiniformes,ellisbeach,-16.72147142857143,145.65029761904762
2021-06-06,Capricorn Coast,Farnborough Beach,TIGER SHARK,Galeocerdo cuvier,Released Alive,Carcharhiniformes,farnboroughbeach,-23.116036666666666,150.75383666666667
2021-06-06,Gladstone,Tannum Sands,TIGER SHARK,Galeocerdo cuvier,Deceased,Carcharhiniformes,tannumsands,-23.939119444444444,151.3756861111111
2021-06-07,Townsville,Palarenda Beach,SPOT-TAIL WHALER,Carcharhinus sorrah,Deceased,Carcharhiniformes,palarendabeach,-19.198694444444445,146.77763333333334
2021-06-12,Capricorn Coast,Fishermans Beach,TIGER SHARK,Galeocerdo cuvier,Released Alive,Carcharhiniformes,fishermansbeach,-23.243136666666665,150.82846999999998
2021-06-13,Gladstone,Tannum Sands,TIGER SHARK,Galeocerdo cuvier,Euthanised,Carcharhiniformes,tannumsands,-23.939119444444444,151.3756861111111
2021-06-14,Townsville,Florence Bay,SCALLOPED HAMMERHEAD,Sphyrna lewini,Deceased,Carcharhiniformes,florencebay,-19.123693333333332,146.88541
2021-06-15,Townsville,Florence Bay,PIGEYE WHALER,Carcharhinus amboinensis,Released Alive,Carcharhiniformes,florencebay,-19.123693333333332,146.88541
2021-06-16,Cairns,Holloways,TAWNY SHARK,Nebrius ferrugineus,Released Alive,Orectolobiformes,holloways,-16.83081,145.74805666666666
2021-06-17,Gladstone,Tannum Sands,TIGER SHARK,Galeocerdo cuvier,Euthanised,Carcharhiniformes,tannumsands,-23.939119444444444,151.3756861111111
2021-06-18,Cairns,Clifton,SPOT-TAIL WHALER,Carcharhinus sorrah,Deceased,Carcharhiniformes,clifton,-16.759525,145.68219583333334
2021-06-19,Capricorn Coast,Tanby Point,TIGER SHARK,Galeocerdo cuvier,Euthanised,Carcharhiniformes,tanbypoint,-23.22792666666667,150.82419666666667
2021-06-21,Townsville,Horseshoe Bay,SPOT-TAIL WHALER,Carcharhinus sorrah,Deceased,Carcharhiniformes,horseshoebay,-19.11187361111111,146.85320555555555
2021-06-22,Townsville,Alma Bay,BLUE SHARK,Prionace glauca,Deceased,Carcharhiniformes,almabay,-19.149697222222223,146.87386944444447
2021-06-23,Cairns,Ellis Beach,TAWNY SHARK,Nebrius ferrugineus,Released Alive,Orectolobiformes,ellisbeach,-16.72147142857143,145.65029761904762
2021-06-23,Cairns,Palm Cove,PIGEYE WHALER,Carcharhinus amboinensis,Deceased,Carcharhiniformes,palmcove,-16.744905555555555,145.6754
2021-06-30,Townsville,Picnic Bay,TIGER SHARK,Galeocerdo cuvier,Deceased,Carcharhiniformes,picnicbay,-19.182850000000002,146.84146666666666
